SYMBOL,COMPANY_NAME,MARKET_CAP_CATEGORY,CURRENT_PRICE,CHANGE_1D,CHANGE_1W,CHANGE_1M,TECHNICAL_SCORE,RSI,RELATIVE_STRENGTH,CAN_SLIM_SCORE,MINERVINI_SCORE,ENHANCED_FUND_SCORE,TREND_SIGNAL,TRADING_SIGNAL
BHARATFORG,BHARATFORG,LARGE_CAP,1992.9,6.36,4.46,19.24,56.0,68.6,,18,16,,STRONG_BULLISH,HOLD
ROSSTECH,ROSSTECH,SMALL_CAP,1043.05,8.63,3.67,36.15,54.7,61.7,,18,14,,STRONG_BULLISH,HOLD
ASTRAMICRO,ASTRAMICRO,LARGE_CAP,1162.5,6.83,4.9,16.61,54.0,63.4,,20,14,,STRONG_BULLISH,HOLD
GAEL,GAEL,MICRO_CAP,163.08,4.12,7.71,13.42,53.3,62.6,,18,12,,STRONG_BULLISH,HOLD
CGPOWER,CG Power and Industrial Solutions Limited,MID_CAP,859.1,3.64,4.06,23.81,53.3,76.3,,20,16,,STRONG_BULLISH,HOLD
HAPPYFORGE,HAPPYFORGE,SMALL_CAP,1412.2,4.31,8.52,16.82,53.3,64.8,,16,14,,STRONG_BULLISH,HOLD
HONASA,HONASA,SMALL_CAP,354.6,2.74,2.44,17.17,52.7,61.4,,13,16,,STRONG_BULLISH,HOLD
THERMAX,THERMAX,LARGE_CAP,4182.3,2.59,4.82,30.14,52.7,52.9,,16,16,,STRONG_BULLISH,HOLD
J&KBANK,J&KBANK,MICRO_CAP,139.63,2.0,3.71,19.5,52.7,60.2,,20,9,,STRONG_BULLISH,HOLD
PARAS,PARAS,MID_CAP,869.5,8.0,7.17,35.71,52.7,67.4,,18,14,,STRONG_BULLISH,HOLD
POLYCAB,POLYCAB,LARGE_CAP,9003.0,6.98,10.49,24.57,52.7,77.0,,18,14,,STRONG_BULLISH,HOLD
APEX,APEX,MID_CAP,501.3,6.92,5.51,31.77,52.0,70.0,,14,14,,STRONG_BULLISH,HOLD
UNIPARTS,UNIPARTS,MICRO_CAP,558.0,4.4,3.54,13.3,52.0,69.7,,16,12,,STRONG_BULLISH,HOLD
AVALON,AVALON,LARGE_CAP,1255.5,9.1,18.56,30.04,52.0,66.0,,20,8,,STRONG_BULLISH,HOLD
HINDCOPPER,Hindustan Copper Limited,MID_CAP,568.6,3.29,2.4,12.73,51.3,51.9,,13,14,,STRONG_BULLISH,HOLD
MOTHERSON,MOTHERSON,MICRO_CAP,130.43,2.37,5.83,20.28,51.3,59.8,,13,14,,STRONG_BULLISH,HOLD
BAJAJCON,BAJAJCON,MID_CAP,521.35,6.37,13.01,34.39,51.3,73.5,,16,14,,STRONG_BULLISH,HOLD
DLINKINDIA,DLINKINDIA,MICRO_CAP,465.7,3.1,2.22,15.3,51.3,68.5,,12,18,,STRONG_BULLISH,HOLD
SKYGOLD,SKYGOLD,SMALL_CAP,497.05,3.77,8.4,34.59,51.3,75.3,,18,12,,STRONG_BULLISH,HOLD
CEIGALL,CEIGALL,SMALL_CAP,366.15,6.13,8.28,31.57,51.3,86.9,,20,14,,STRONG_BULLISH,HOLD
LINDEINDIA,LINDEINDIA,LARGE_CAP,7847.5,3.6,7.39,10.59,51.3,78.1,,16,14,,STRONG_BULLISH,HOLD
KPIL,KPIL,SMALL_CAP,1297.9,1.37,2.66,18.81,50.7,68.8,,16,13,,STRONG_BULLISH,HOLD
BELRISE,BELRISE,SMALL_CAP,227.94,2.62,6.53,19.91,50.7,66.7,,16,10,,STRONG_BULLISH,HOLD
MODEFENCE,MODEFENCE,MICRO_CAP,103.57,3.09,4.75,21.02,50.7,79.8,,16,16,,STRONG_BULLISH,HOLD
DCXINDIA,DCXINDIA,SMALL_CAP,220.92,6.59,10.82,30.07,50.7,73.1,,18,14,,STRONG_BULLISH,HOLD
ASHIANA,ASHIANA,MICRO_CAP,373.5,8.56,9.82,20.39,50.7,77.8,,18,14,,STRONG_BULLISH,HOLD
BANSALWIRE,BANSALWIRE,MICRO_CAP,326.35,4.67,6.77,28.63,50.0,62.0,,18,14,,BULLISH,HOLD
BHARATGEAR,BHARATGEAR,MICRO_CAP,117.25,4.45,8.27,23.62,50.0,56.2,,15,14,,STRONG_BULLISH,HOLD
ANURAS,ANURAS,LARGE_CAP,1367.0,0.49,5.58,9.88,50.0,75.4,,13,15,,STRONG_BULLISH,HOLD
BAJAJ-AUTO,Bajaj Auto Limited,LARGE_CAP,10605.0,2.77,11.12,17.19,50.0,70.6,,16,12,,STRONG_BULLISH,HOLD
MENONBE,MENONBE,MICRO_CAP,137.02,6.64,12.41,24.33,50.0,63.8,,16,12,,STRONG_BULLISH,HOLD
DMCC,DMCC,MICRO_CAP,312.4,8.17,9.55,50.45,50.0,61.9,,18,14,,BULLISH,HOLD
KARURVYSYA,Karur Vysya Bank Limited,SMALL_CAP,313.55,2.74,5.38,19.65,50.0,72.9,,13,18,,STRONG_BULLISH,HOLD
AEROFLEX,AEROFLEX,SMALL_CAP,413.6,19.99,35.53,68.34,50.0,76.2,,20,8,,STRONG_BULLISH,HOLD
TDPOWERSYS,TDPOWERSYS,LARGE_CAP,1245.3,6.97,8.62,41.47,50.0,86.9,,18,14,,STRONG_BULLISH,HOLD
MUNJALSHOW,MUNJALSHOW,MICRO_CAP,142.47,6.01,10.44,18.36,49.3,78.4,,16,14,,STRONG_BULLISH,WEAK_HOLD
ABSLAMC,ABSLAMC,MID_CAP,1088.6,2.05,6.3,17.03,49.3,58.0,,16,18,,STRONG_BULLISH,WEAK_HOLD
SATIN,SATIN,MICRO_CAP,203.79,5.17,12.31,38.78,49.3,76.9,,18,9,,STRONG_BULLISH,WEAK_HOLD
GNA,GNA,MICRO_CAP,440.95,3.29,3.18,16.13,49.3,49.2,,11,16,,STRONG_BULLISH,WEAK_HOLD
APOLLOPIPE,APOLLOPIPE,SMALL_CAP,498.8,10.81,10.98,17.39,49.3,64.4,,20,10,,BULLISH,WEAK_HOLD
APARINDS,APARINDS,LARGE_CAP,12801.0,3.37,3.34,26.09,49.3,68.5,,16,13,,STRONG_BULLISH,WEAK_HOLD
JSWINFRA,JSWINFRA,SMALL_CAP,281.2,2.93,2.95,20.01,49.3,58.8,,16,18,,BULLISH,WEAK_HOLD
STYLAMIND,STYLAMIND,LARGE_CAP,2634.8,13.44,17.77,18.8,48.7,95.3,,18,12,,STRONG_BULLISH,WEAK_HOLD
PNGJL,PNGJL,SMALL_CAP,711.35,1.99,6.39,18.74,48.7,72.2,,16,13,,STRONG_BULLISH,WEAK_HOLD
TVSELECT,TVSELECT,MICRO_CAP,510.75,4.32,8.86,31.32,48.7,69.0,,13,14,,STRONG_BULLISH,WEAK_HOLD
ARVIND,ARVIND,SMALL_CAP,447.9,14.93,14.03,19.41,48.7,80.3,,20,10,,STRONG_BULLISH,WEAK_HOLD
PRICOLLTD,PRICOLLTD,SMALL_CAP,618.8,5.62,3.89,14.78,48.7,63.5,,13,14,,STRONG_BULLISH,WEAK_HOLD
KEI,KEI,LARGE_CAP,5110.2,-0.75,3.55,20.62,48.7,70.4,,18,8,,STRONG_BULLISH,WEAK_HOLD
ASAL,ASAL,MICRO_CAP,556.6,6.18,6.92,30.67,48.0,75.8,,18,14,,BULLISH,WEAK_HOLD
INDOTHAI,INDOTHAI,SMALL_CAP,305.75,5.29,2.96,5.09,48.0,59.6,,10,18,,BULLISH,WEAK_HOLD
RATNAMANI,RATNAMANI,SMALL_CAP,2827.1,3.29,6.11,28.1,48.0,84.8,,16,16,,STRONG_BULLISH,WEAK_HOLD
PRIVISCL,PRIVISCL,SMALL_CAP,3493.5,3.1,5.3,17.3,48.0,90.5,,16,18,,STRONG_BULLISH,WEAK_HOLD
FINCABLES,FINCABLES,LARGE_CAP,1087.9,4.06,8.44,34.23,48.0,86.7,,18,14,,STRONG_BULLISH,WEAK_HOLD
IONEXCHANG,IONEXCHANG,MICRO_CAP,426.5,2.43,7.35,22.05,48.0,65.4,,14,16,,STRONG_BULLISH,WEAK_HOLD
AVANTIFEED,AVANTIFEED,LARGE_CAP,1450.3,7.56,4.63,16.85,48.0,56.4,,11,14,,STRONG_BULLISH,WEAK_HOLD
NAVA,Nava Bharat Ventures Limited,MID_CAP,715.8,2.42,7.42,27.1,48.0,71.4,,15,13,,STRONG_BULLISH,WEAK_HOLD
JAMNAAUTO,JAMNAAUTO,MICRO_CAP,131.11,5.02,5.84,14.19,47.3,55.2,,13,14,,BULLISH,WEAK_HOLD
KERNEX,KERNEX,LARGE_CAP,1518.5,11.25,12.46,44.47,47.3,94.6,,18,14,,STRONG_BULLISH,WEAK_HOLD
HINDOILEXP,HINDOILEXP,MICRO_CAP,164.21,6.78,4.53,14.05,47.3,55.4,,14,14,,BULLISH,WEAK_HOLD
HARSHA,HARSHA,SMALL_CAP,438.75,11.7,11.44,28.16,47.3,63.3,,16,12,,BULLISH,WEAK_HOLD
SAMBHV,SAMBHV,MICRO_CAP,129.0,6.31,6.94,14.43,47.3,69.9,,15,12,,STRONG_BULLISH,WEAK_HOLD
NLCINDIA,NLCINDIA,SMALL_CAP,328.7,1.99,3.3,21.09,47.3,76.1,,16,13,,STRONG_BULLISH,WEAK_HOLD
SANSERA,SANSERA,MID_CAP,2548.1,1.66,-0.34,18.48,47.3,60.8,,13,13,,STRONG_BULLISH,WEAK_HOLD
MAHSEAMLES,MAHSEAMLES,MICRO_CAP,652.5,3.08,0.43,8.04,47.3,55.5,,11,18,,STRONG_BULLISH,WEAK_HOLD
ELGIEQUIP,ELGIEQUIP,SMALL_CAP,562.35,2.53,-0.62,16.51,47.3,59.3,,11,18,,STRONG_BULLISH,WEAK_HOLD
DIACABS,DIACABS,MICRO_CAP,169.9,-4.08,5.31,32.68,47.3,69.4,,18,6,,STRONG_BULLISH,WEAK_HOLD
IIFLCAPS,IIFLCAPS,SMALL_CAP,350.45,5.4,11.6,33.23,46.7,75.4,,16,14,,BULLISH,WEAK_HOLD
BERGEPAINT,BERGEPAINT,SMALL_CAP,488.25,2.05,5.27,13.59,46.7,59.7,,12,18,,BULLISH,WEAK_HOLD
BLAL,BLAL,MICRO_CAP,206.98,6.65,8.65,25.8,46.7,70.0,,14,16,,BULLISH,WEAK_HOLD
TEJASNET,TEJASNET,MID_CAP,533.4,15.16,28.02,27.38,46.7,80.0,,18,8,,STRONG_BULLISH,WEAK_HOLD
SGFIN,SGFIN,MID_CAP,605.15,2.32,6.96,34.03,46.7,73.0,,15,14,,STRONG_BULLISH,WEAK_HOLD
SHAKTIPUMP,SHAKTIPUMP,MID_CAP,595.4,3.9,6.12,17.37,46.7,66.4,,14,16,,BULLISH,WEAK_HOLD
CUMMINSIND,CUMMINSIND,LARGE_CAP,5403.0,1.47,2.17,16.47,46.7,75.9,,13,15,,STRONG_BULLISH,WEAK_HOLD
VAIBHAVGBL,VAIBHAVGBL,MICRO_CAP,233.49,3.46,6.16,21.16,46.7,63.5,,13,14,,BULLISH,WEAK_HOLD
QUADFUTURE,QUADFUTURE,SMALL_CAP,326.85,3.6,3.89,12.94,46.7,57.9,,12,18,,BULLISH,WEAK_HOLD
COALINDIA,COALINDIA,SMALL_CAP,466.65,-0.75,-2.76,0.79,46.7,74.0,,12,12,,STRONG_BULLISH,WEAK_HOLD
MOSCHIP,MOSCHIP,SMALL_CAP,228.06,8.95,11.87,37.76,46.7,74.6,,16,14,,BULLISH,WEAK_HOLD
AEROENTER,AEROENTER,MICRO_CAP,111.29,13.0,22.73,47.58,46.7,79.4,,18,12,,BULLISH,WEAK_HOLD
LUMAXTECH,LUMAXTECH,MID_CAP,1707.3,3.84,6.02,4.46,46.7,40.6,,9,16,,STRONG_BULLISH,WEAK_HOLD
MANINDS,MANINDS,SMALL_CAP,534.5,-0.31,2.38,40.2,46.7,59.3,,15,6,,STRONG_BULLISH,WEAK_HOLD
MAYURUNIQ,MAYURUNIQ,SMALL_CAP,605.1,5.33,8.53,13.06,46.7,62.6,,14,12,,BULLISH,WEAK_HOLD
MIDHANI,MIDHANI,SMALL_CAP,413.7,4.21,3.74,33.24,46.7,78.1,,16,14,,BULLISH,WEAK_HOLD
VESUVIUS,VESUVIUS,MICRO_CAP,529.35,0.71,2.62,16.98,46.0,68.7,,9,13,,STRONG_BULLISH,WEAK_HOLD
STAR,STAR,MID_CAP,1146.8,4.44,8.86,15.36,46.0,75.2,,18,9,,STRONG_BULLISH,WEAK_HOLD
CRAFTSMAN,CRAFTSMAN,LARGE_CAP,8637.0,11.09,11.44,28.06,46.0,79.8,,16,10,,STRONG_BULLISH,WEAK_HOLD
COSMOFIRST,COSMOFIRST,SMALL_CAP,769.05,6.1,7.93,23.39,46.0,74.4,,16,16,,BULLISH,WEAK_HOLD
NACLIND,NACLIND,MICRO_CAP,180.43,4.54,13.19,18.47,46.0,53.4,,18,8,,BULLISH,WEAK_HOLD
SUBROS,SUBROS,MICRO_CAP,804.9,2.76,3.35,16.72,46.0,58.4,,13,16,,BULLISH,WEAK_HOLD
ABB,ABB,LARGE_CAP,7188.0,0.08,-1.05,14.66,45.3,60.1,,13,11,,STRONG_BULLISH,WEAK_HOLD
SYRMA,SYRMA,LARGE_CAP,1093.4,3.21,12.02,35.25,45.3,73.9,,15,11,,STRONG_BULLISH,WEAK_HOLD
VINDHYATEL,VINDHYATEL,MID_CAP,1678.6,12.64,29.2,52.72,45.3,76.0,,18,10,,BULLISH,WEAK_HOLD
MTARTECH,MTARTECH,LARGE_CAP,6677.0,6.21,18.04,70.05,45.3,81.4,,16,14,,STRONG_BULLISH,WEAK_HOLD
BSE,BSE,LARGE_CAP,3963.6,2.89,9.02,34.32,45.3,83.2,,16,9,,STRONG_BULLISH,WEAK_HOLD
EXICOM,EXICOM,MICRO_CAP,122.69,3.49,9.2,37.18,45.3,61.1,,14,14,,BULLISH,WEAK_HOLD
BHEL,BHEL,SMALL_CAP,406.45,5.31,17.98,60.28,45.3,89.8,,16,14,,STRONG_BULLISH,WEAK_HOLD
KANSAINER,KANSAINER,SMALL_CAP,211.55,5.02,6.99,18.61,45.3,63.0,,14,14,,BULLISH,WEAK_HOLD
RICOAUTO,RICOAUTO,MICRO_CAP,124.1,6.83,7.67,14.72,45.3,57.5,,13,12,,BULLISH,WEAK_HOLD
GMRAIRPORT,GMRAIRPORT,MICRO_CAP,100.66,1.44,4.39,10.7,45.3,61.6,,11,11,,STRONG_BULLISH,WEAK_HOLD
PLATIND,PLATIND,MICRO_CAP,257.25,7.96,8.32,27.26,45.3,73.6,,16,12,,BULLISH,WEAK_HOLD
PRAKASH,PRAKASH,MICRO_CAP,153.47,0.46,6.08,21.29,45.3,66.1,,14,7,,STRONG_BULLISH,WEAK_HOLD
VETO,VETO,MICRO_CAP,117.07,4.27,6.28,20.63,45.3,72.1,,16,12,,BULLISH,WEAK_HOLD
PFOCUS,PFOCUS,SMALL_CAP,307.8,2.57,-2.07,-9.66,45.3,31.6,,11,16,,STRONG_BULLISH,WEAK_HOLD
RADICO,RADICO,LARGE_CAP,3407.0,1.48,-1.49,29.59,45.3,70.2,,14,11,,STRONG_BULLISH,WEAK_HOLD
WELSPUNLIV,WELSPUNLIV,MICRO_CAP,132.24,-0.5,1.5,10.84,44.7,67.5,,11,10,,STRONG_BULLISH,WEAK_HOLD
GLOBAL,GLOBAL,MICRO_CAP,116.5,2.28,12.28,19.25,44.7,75.6,,18,2,,STRONG_BULLISH,WEAK_HOLD
BORORENEW,BORORENEW,MID_CAP,565.55,3.8,11.91,34.11,44.7,77.4,,16,11,,BULLISH,WEAK_HOLD
BEML,BEML,LARGE_CAP,2000.2,5.39,9.33,31.62,44.7,77.9,,16,14,,BULLISH,WEAK_HOLD
VOLTAMP,VOLTAMP,LARGE_CAP,9638.0,-3.64,-18.27,7.31,44.7,48.3,,16,4,,STRONG_BULLISH,WEAK_HOLD
DEEPAKFERT,DEEPAKFERT,MID_CAP,1338.4,3.41,7.96,35.91,44.7,71.6,,13,14,,BULLISH,WEAK_HOLD
ORIENTELEC,ORIENTELEC,MICRO_CAP,192.09,4.57,3.19,23.96,44.7,70.2,,14,16,,BULLISH,WEAK_HOLD
NTPC,NTPC Limited,SMALL_CAP,400.35,1.39,-0.24,8.54,44.7,59.1,,11,12,,STRONG_BULLISH,WEAK_HOLD
VARROC,VARROC,MICRO_CAP,565.0,3.91,8.55,19.41,44.7,61.7,,13,14,,BULLISH,WEAK_HOLD
CCL,CCL,SMALL_CAP,1207.8,2.5,7.35,5.38,44.7,78.5,,14,11,,STRONG_BULLISH,WEAK_HOLD
NYKAA,NYKAA,SMALL_CAP,269.85,-0.92,0.75,8.84,44.7,58.4,,11,10,,STRONG_BULLISH,WEAK_HOLD
NRBBEARING,NRBBEARING,MICRO_CAP,300.15,2.49,5.18,26.35,44.7,66.1,,10,14,,BULLISH,WEAK_HOLD
BALAJITELE,BALAJITELE,MICRO_CAP,122.94,12.19,24.93,44.52,44.7,87.5,,18,10,,STRONG_BULLISH,WEAK_HOLD
APTUS,APTUS,SMALL_CAP,275.05,2.86,3.86,37.69,44.7,74.5,,16,14,,BULLISH,WEAK_HOLD
SHK,SHK,MICRO_CAP,155.63,6.5,6.73,26.04,44.7,67.4,,13,14,,BULLISH,WEAK_HOLD
TIINDIA,TIINDIA,LARGE_CAP,3015.5,3.38,1.7,16.51,44.0,68.2,,14,10,,STRONG_BULLISH,WEAK_HOLD
MOLDTKPAC,MOLDTKPAC,SMALL_CAP,597.15,6.62,5.66,7.61,44.0,65.1,,12,14,,BULLISH,WEAK_HOLD
QPOWER,QPOWER,LARGE_CAP,1279.2,6.72,-8.13,49.27,44.0,61.9,,16,9,,STRONG_BULLISH,WEAK_HOLD
JAINREC,JAINREC,MID_CAP,504.2,9.08,9.53,13.76,44.0,83.0,,15,14,,STRONG_BULLISH,WEAK_HOLD
APCOTEXIND,APCOTEXIND,SMALL_CAP,511.35,19.99,27.41,41.04,44.0,92.5,,18,8,,STRONG_BULLISH,WEAK_HOLD
DELHIVERY,DELHIVERY,SMALL_CAP,481.75,2.28,3.31,8.99,44.0,63.3,,10,12,,BULLISH,WEAK_HOLD
GOLDIAM,GOLDIAM,SMALL_CAP,417.35,2.32,7.91,37.24,44.0,63.3,,12,11,,BULLISH,WEAK_HOLD
PAYTM,PAYTM,LARGE_CAP,1197.4,7.82,8.44,16.43,44.0,59.8,,11,12,,BULLISH,WEAK_HOLD
ROSSARI,ROSSARI,MID_CAP,539.3,9.97,15.48,21.45,44.0,67.1,,14,12,,BULLISH,WEAK_HOLD
HAL,HAL,LARGE_CAP,4782.1,3.35,9.89,25.97,44.0,76.1,,14,12,,BULLISH,WEAK_HOLD
PPLPHARMA,PPLPHARMA,MICRO_CAP,183.73,11.22,14.72,30.27,44.0,81.5,,16,14,,BULLISH,WEAK_HOLD
JSWSTEEL,JSW Steel Limited,LARGE_CAP,1283.4,0.79,0.29,11.42,44.0,68.9,,8,13,,STRONG_BULLISH,WEAK_HOLD
INTENTECH,INTENTECH,MICRO_CAP,104.92,5.59,6.84,7.02,44.0,40.7,,9,14,,BULLISH,WEAK_HOLD
XPROINDIA,XPROINDIA,MICRO_CAP,1173.8,5.39,14.23,15.08,44.0,62.8,,18,4,,BULLISH,WEAK_HOLD
SIYSIL,SIYSIL,MICRO_CAP,601.15,5.55,4.0,17.45,43.3,70.2,,14,14,,BULLISH,WEAK_HOLD
YATHARTH,YATHARTH,MID_CAP,822.25,0.06,2.4,21.88,43.3,63.3,,16,7,,STRONG_BULLISH,WEAK_HOLD
ELLEN,ELLEN,SMALL_CAP,291.55,5.16,9.09,31.11,43.3,68.5,,11,14,,BULLISH,WEAK_HOLD
WINDMACHIN,WINDMACHIN,MICRO_CAP,316.5,4.7,9.62,29.67,43.3,66.4,,13,14,,BULLISH,WEAK_HOLD
SMSPHARMA,SMSPHARMA,MICRO_CAP,421.5,1.81,2.78,8.06,43.3,48.8,,12,11,,STRONG_BULLISH,WEAK_HOLD
MARATHON,MARATHON,MICRO_CAP,518.85,2.55,8.58,22.99,43.3,66.0,,16,9,,BULLISH,WEAK_HOLD
PROSTARM,PROSTARM,MICRO_CAP,170.05,8.52,8.51,30.02,43.3,73.6,,14,14,,BULLISH,WEAK_HOLD
EIEL,EIEL,SMALL_CAP,219.33,3.76,-0.25,32.9,43.3,52.0,,13,14,,BULLISH,WEAK_HOLD
PTC,PTC,SMALL_CAP,227.38,4.08,11.48,39.71,43.3,83.0,,16,14,,STRONG_BULLISH,WEAK_HOLD
EXIDEIND,EXIDEIND,SMALL_CAP,364.45,3.63,0.28,22.61,43.3,68.9,,14,11,,BULLISH,WEAK_HOLD
NELCO,NELCO,SMALL_CAP,732.3,3.88,2.57,20.53,43.3,63.2,,11,14,,BULLISH,WEAK_HOLD
APTECHT,APTECHT,MICRO_CAP,109.56,5.2,5.17,40.75,43.3,79.5,,14,14,,BULLISH,WEAK_HOLD
OSWALPUMPS,OSWALPUMPS,SMALL_CAP,431.95,2.25,5.84,25.59,43.3,59.2,,14,11,,BULLISH,WEAK_HOLD
UDS,UDS,MICRO_CAP,164.44,3.87,4.27,13.45,43.3,61.2,,11,14,,BULLISH,WEAK_HOLD
REDTAPE,REDTAPE,MICRO_CAP,130.58,2.79,0.31,14.52,43.3,70.2,,7,18,,BULLISH,WEAK_HOLD
JSWENERGY,JSWENERGY,MID_CAP,575.9,1.41,2.77,18.06,43.3,67.4,,13,15,,STRONG_BULLISH,WEAK_HOLD
GOKEX,GOKEX,MID_CAP,727.75,6.34,2.89,17.89,43.3,54.8,,11,14,,BULLISH,WEAK_HOLD
HEALTHIETF,HEALTHIETF,MICRO_CAP,157.97,0.45,3.35,9.9,43.3,82.2,,10,15,,STRONG_BULLISH,WEAK_HOLD
GRWRHITECH,GRWRHITECH,LARGE_CAP,5451.4,8.08,42.96,46.6,43.3,81.3,,20,2,,STRONG_BULLISH,WEAK_HOLD
BDL,BDL,LARGE_CAP,1466.9,4.67,5.22,18.69,43.3,70.8,,14,14,,BULLISH,WEAK_HOLD
PARAGMILK,PARAGMILK,SMALL_CAP,230.52,4.39,1.88,20.17,43.3,51.9,,12,16,,BULLISH,WEAK_HOLD
SALZERELEC,SALZERELEC,MICRO_CAP,700.3,5.63,9.31,30.85,43.3,71.9,,14,14,,BULLISH,WEAK_HOLD
GALLANTT,GALLANTT,MID_CAP,866.5,2.73,-0.02,34.94,43.3,39.9,,15,11,,STRONG_BULLISH,WEAK_HOLD
POCL,POCL,MID_CAP,1436.3,3.39,8.98,30.38,42.7,77.5,,16,10,,STRONG_BULLISH,WEAK_HOLD
PACEDIGITK,PACEDIGITK,MICRO_CAP,185.18,2.85,5.34,29.87,42.7,61.6,,8,16,,BULLISH,WEAK_HOLD
STCINDIA,STCINDIA,MICRO_CAP,122.61,2.05,3.56,13.6,42.7,60.6,,8,16,,BULLISH,WEAK_HOLD
HERANBA,HERANBA,MICRO_CAP,225.2,2.17,0.96,25.42,42.7,67.1,,10,14,,BULLISH,WEAK_HOLD
SJS,SJS,LARGE_CAP,1996.9,2.43,15.23,24.08,42.7,77.1,,16,5,,STRONG_BULLISH,WEAK_HOLD
CARBORUNIV,CARBORUNIV,SMALL_CAP,1003.4,1.58,2.8,17.23,42.7,74.5,,12,13,,STRONG_BULLISH,WEAK_HOLD
KRN,KRN,LARGE_CAP,1329.2,3.0,3.61,47.84,42.7,60.2,,15,9,,STRONG_BULLISH,WEAK_HOLD
ACE,ACE,MID_CAP,905.55,2.03,0.73,8.45,42.7,46.6,,9,18,,STRONG_BEARISH,WEAK_HOLD
TI,TI,SMALL_CAP,469.55,0.75,2.8,12.71,42.7,61.8,,7,15,,STRONG_BULLISH,WEAK_HOLD
FLAIR,FLAIR,MICRO_CAP,333.05,1.46,4.0,12.42,42.7,56.0,,9,13,,STRONG_BULLISH,WEAK_HOLD
INDOCO,INDOCO,SMALL_CAP,250.65,9.61,19.64,29.95,42.0,75.5,,18,8,,BULLISH,WEAK_HOLD
LUPIN,Lupin Limited,LARGE_CAP,2460.1,0.7,6.43,7.04,42.0,69.9,,12,6,,STRONG_BULLISH,WEAK_HOLD
SUMICHEM,SUMICHEM,SMALL_CAP,498.9,0.72,14.32,26.87,42.0,71.7,,18,5,,BULLISH,WEAK_HOLD
POLICYBZR,POLICYBZR,LARGE_CAP,1684.1,-1.04,-0.01,15.37,42.0,74.5,,16,10,,BULLISH,WEAK_HOLD
SCHAEFFLER,SCHAEFFLER,MID_CAP,4247.3,1.28,-1.84,14.59,42.0,63.6,,11,15,,STRONG_BULLISH,WEAK_HOLD
EMUDHRA,EMUDHRA,SMALL_CAP,536.5,6.73,9.58,19.2,42.0,75.6,,16,10,,BULLISH,WEAK_HOLD
MUTHOOTMF,MUTHOOTMF,SMALL_CAP,208.5,-2.79,8.26,34.75,42.0,69.8,,13,4,,STRONG_BULLISH,WEAK_HOLD
RSWM,RSWM,MICRO_CAP,168.99,-3.75,3.78,27.15,42.0,64.6,,14,6,,BULLISH,WEAK_HOLD
HINDWAREAP,HINDWAREAP,MICRO_CAP,244.62,10.78,9.93,24.14,42.0,70.2,,14,12,,BULLISH,WEAK_HOLD
KPEL,KPEL,SMALL_CAP,409.0,0.21,12.29,41.84,42.0,80.6,,18,9,,BULLISH,WEAK_HOLD
SAGCEM,SAGCEM,MICRO_CAP,193.36,4.87,4.98,11.91,42.0,64.1,,11,12,,BULLISH,WEAK_HOLD
KIRLOSENG,KIRLOSENG,MID_CAP,1727.9,1.09,1.7,23.57,42.0,65.3,,15,8,,STRONG_BULLISH,WEAK_HOLD
HOMEFIRST,HOMEFIRST,MID_CAP,1217.5,-0.74,5.4,21.69,42.0,69.6,,14,6,,BULLISH,WEAK_HOLD
MAXIND,MAXIND,MICRO_CAP,173.03,6.47,11.17,19.06,42.0,73.0,,16,10,,BULLISH,WEAK_HOLD
POWERGRID,Power Grid Corporation of India Limited,SMALL_CAP,313.8,-0.68,-2.04,6.23,42.0,52.8,,9,12,,STRONG_BULLISH,WEAK_HOLD
GICHSGFIN,GICHSGFIN,MICRO_CAP,157.33,1.35,2.69,9.65,42.0,62.6,,11,15,,BULLISH,WEAK_HOLD
CARRARO,CARRARO,MICRO_CAP,587.25,1.42,5.51,23.49,42.0,46.5,,11,11,,STRONG_BULLISH,WEAK_HOLD
APOLLOHOSP,APOLLOHOSP,LARGE_CAP,7837.0,0.99,1.66,6.97,42.0,63.8,,9,12,,STRONG_BULLISH,WEAK_HOLD
ABDL,ABDL,MICRO_CAP,572.0,4.99,3.65,36.16,42.0,61.0,,11,14,,BULLISH,WEAK_HOLD
AEGISVOPAK,AEGISVOPAK,SMALL_CAP,216.12,7.49,11.07,23.83,42.0,64.2,,13,10,,BULLISH,WEAK_HOLD
AUROPHARMA,Aurobindo Pharma Limited,LARGE_CAP,1478.7,-0.36,5.86,11.18,42.0,66.7,,15,8,,STRONG_BULLISH,WEAK_HOLD
AUTOBEES,AUTOBEES,SMALL_CAP,280.6,1.9,4.81,12.16,42.0,62.3,,9,11,,BULLISH,WEAK_HOLD
AWHCL,AWHCL,MICRO_CAP,527.1,2.56,2.81,25.32,41.3,59.2,,8,14,,BULLISH,WEAK_HOLD
HUBTOWN,HUBTOWN,SMALL_CAP,218.66,6.3,5.47,12.5,41.3,58.6,,11,14,,BULLISH,WEAK_HOLD
JUBLPHARMA,JUBLPHARMA,MICRO_CAP,981.15,2.58,5.86,12.85,41.3,76.2,,12,18,,BULLISH,WEAK_HOLD
WSTCSTPAPR,WSTCSTPAPR,MICRO_CAP,520.15,-1.61,7.94,16.8,41.3,56.6,,14,6,,STRONG_BULLISH,WEAK_HOLD
GODREJIND,GODREJIND,LARGE_CAP,1226.85,20.0,27.81,44.13,41.3,87.4,,16,10,,BULLISH,WEAK_HOLD
NUVOCO,NUVOCO,SMALL_CAP,336.45,9.31,17.31,15.16,41.3,64.1,,13,12,,STRONG_BEARISH,WEAK_HOLD
NUVAMA,NUVAMA,LARGE_CAP,1474.5,4.31,9.55,25.35,41.3,65.2,,16,9,,BULLISH,WEAK_HOLD
MOBIKWIK,MOBIKWIK,SMALL_CAP,214.74,2.86,-1.33,28.64,41.3,59.5,,13,14,,BULLISH,WEAK_HOLD
DAMCAPITAL,DAMCAPITAL,MICRO_CAP,164.0,2.17,4.69,24.85,41.3,58.9,,9,16,,BULLISH,WEAK_HOLD
RUBICON,RUBICON,SMALL_CAP,951.35,-5.04,-2.47,22.17,41.3,66.3,,11,8,,STRONG_BULLISH,WEAK_HOLD
RPEL,RPEL,SMALL_CAP,764.7,2.74,9.26,20.04,41.3,70.0,,14,8,,STRONG_BULLISH,WEAK_HOLD
SANDHAR,SANDHAR,MICRO_CAP,528.3,3.72,6.54,11.79,41.3,59.1,,12,4,,STRONG_BULLISH,WEAK_HOLD
TSFINV,TSFINV,MICRO_CAP,427.6,2.6,5.22,22.59,41.3,69.6,,6,16,,BULLISH,WEAK_HOLD
AFFLE,AFFLE,LARGE_CAP,1488.7,3.79,3.88,5.78,41.3,57.5,,11,14,,BULLISH,WEAK_HOLD
RAYMOND,RAYMOND,MID_CAP,513.8,-0.94,10.61,45.45,40.7,72.3,,18,6,,BULLISH,WEAK_HOLD
INOXINDIA,INOXINDIA,SMALL_CAP,1554.5,3.04,3.45,26.86,40.7,56.7,,15,6,,STRONG_BULLISH,WEAK_HOLD
RPTECH,RPTECH,MICRO_CAP,511.95,2.22,9.52,38.7,40.7,68.2,,15,6,,STRONG_BULLISH,WEAK_HOLD
GPPL,GPPL,MICRO_CAP,160.72,1.09,1.41,8.82,40.7,56.7,,7,17,,BULLISH,WEAK_HOLD
MEESHO,MEESHO,MICRO_CAP,198.79,1.28,15.12,34.26,40.7,69.4,,15,9,,BULLISH,WEAK_HOLD
PPL,PPL,MICRO_CAP,217.58,2.65,1.55,14.34,40.7,50.0,,11,13,,STRONG_BEARISH,WEAK_HOLD
RITES,RITES,SMALL_CAP,228.82,1.06,4.35,19.34,40.7,66.1,,8,13,,BULLISH,WEAK_HOLD
LTFOODS,LTFOODS,MICRO_CAP,432.2,0.79,1.67,12.35,40.7,61.9,,6,13,,STRONG_BULLISH,WEAK_HOLD
ESCORTS,ESCORTS,LARGE_CAP,3345.9,0.87,1.33,14.99,40.7,56.0,,11,13,,BULLISH,WEAK_HOLD
BAJAJHLDNG,BAJAJHLDNG,LARGE_CAP,10597.0,-0.14,2.83,14.72,40.7,69.1,,11,10,,BULLISH,WEAK_HOLD
HINDALCO,Hindalco Industries Limited,LARGE_CAP,1055.7,0.95,-1.08,10.6,40.7,55.1,,13,8,,STRONG_BULLISH,WEAK_HOLD
AZAD,AZAD,LARGE_CAP,2244.6,2.29,3.9,42.81,40.7,78.0,,15,14,,STRONG_BULLISH,WEAK_HOLD
SENORES,SENORES,SMALL_CAP,931.8,1.76,3.13,20.65,40.7,58.8,,13,8,,STRONG_BULLISH,WEAK_HOLD
VISHNU,VISHNU,MICRO_CAP,597.8,-0.41,3.13,15.82,40.7,53.9,,13,8,,STRONG_BULLISH,WEAK_HOLD
SANGHVIMOV,SANGHVIMOV,MICRO_CAP,337.75,2.91,7.89,21.41,40.7,70.2,,14,7,,BULLISH,WEAK_HOLD
INDIGOPNTS,INDIGOPNTS,SMALL_CAP,924.7,3.06,5.5,20.93,40.7,71.7,,11,16,,BULLISH,WEAK_HOLD
RRKABEL,RRKABEL,LARGE_CAP,1927.0,7.22,18.47,45.79,40.7,84.6,,18,10,,STRONG_BULLISH,WEAK_HOLD
VRLLOG,VRLLOG,MICRO_CAP,267.9,5.39,4.9,13.66,40.7,56.8,,11,16,,STRONG_BEARISH,WEAK_HOLD
MMP,MMP,MICRO_CAP,295.98,5.19,17.38,35.66,40.7,71.4,,16,10,,BULLISH,WEAK_HOLD
SULA,SULA,MICRO_CAP,176.28,1.5,0.33,12.57,40.7,52.5,,11,13,,BULLISH,WEAK_HOLD
STYL,STYL,MICRO_CAP,268.21,9.86,10.15,14.11,40.7,69.4,,9,12,,BULLISH,WEAK_HOLD
KROSS,KROSS,SMALL_CAP,215.94,10.63,15.79,30.64,40.7,73.3,,13,8,,BULLISH,WEAK_HOLD
ABLBL,ABLBL,MICRO_CAP,118.21,9.86,12.66,20.67,40.0,70.4,,13,10,,BULLISH,WEAK_HOLD
JAGSNPHARM,JAGSNPHARM,MICRO_CAP,214.03,1.89,2.49,12.18,40.0,67.8,,13,15,,STRONG_BULLISH,WEAK_HOLD
THOMASCOTT,THOMASCOTT,MICRO_CAP,309.85,17.1,19.7,24.99,40.0,66.9,,13,10,,STRONG_BEARISH,WEAK_HOLD
ACMESOLAR,ACMESOLAR,SMALL_CAP,298.55,0.71,-1.5,7.7,40.0,58.8,,13,11,,STRONG_BULLISH,WEAK_HOLD
EVEREADY,EVEREADY,MICRO_CAP,335.7,3.68,2.71,20.34,40.0,66.1,,9,16,,BULLISH,WEAK_HOLD
QUICKHEAL,QUICKHEAL,MICRO_CAP,179.38,6.95,8.28,21.88,40.0,60.2,,13,10,,BULLISH,WEAK_HOLD
VTL,VTL,SMALL_CAP,596.45,-2.21,-2.02,9.01,40.0,67.4,,11,10,,STRONG_BULLISH,WEAK_HOLD
NITCO,NITCO,MICRO_CAP,101.74,0.79,14.95,17.75,40.0,75.1,,18,5,,BULLISH,WEAK_HOLD
ASIANPAINT,ASIANPAINT,LARGE_CAP,2530.6,0.46,3.4,15.75,40.0,62.4,,9,10,,STRONG_BULLISH,WEAK_HOLD
LIQUIDPLUS,LIQUIDPLUS,SMALL_CAP,1084.16,0.01,0.11,0.39,40.0,100.0,,7,15,,STRONG_BULLISH,WEAK_HOLD
PRECWIRE,PRECWIRE,SMALL_CAP,405.7,2.84,-2.48,38.23,40.0,63.0,,15,6,,STRONG_BULLISH,WEAK_HOLD
TCIEXP,TCIEXP,MICRO_CAP,573.6,7.1,10.59,11.9,40.0,58.6,,11,12,,STRONG_BEARISH,WEAK_HOLD
SFL,SFL,MICRO_CAP,573.3,5.34,10.74,14.51,40.0,58.1,,11,12,,STRONG_BEARISH,WEAK_HOLD
HNGSNGBEES,HNGSNGBEES,MICRO_CAP,531.56,1.05,0.13,4.96,40.0,44.0,,7,15,,BULLISH,WEAK_HOLD
SKMEGGPROD,SKMEGGPROD,MICRO_CAP,179.24,6.37,10.92,9.27,40.0,51.9,,9,14,,BULLISH,WEAK_HOLD
ALIVUS,ALIVUS,MICRO_CAP,1121.1,-0.35,11.5,7.82,40.0,62.0,,14,4,,STRONG_BULLISH,WEAK_HOLD
MARKSANS,MARKSANS,SMALL_CAP,203.02,3.48,8.13,19.42,40.0,68.2,,14,8,,BULLISH,WEAK_HOLD
HEMIPROP,HEMIPROP,MICRO_CAP,147.11,4.76,13.7,23.57,40.0,72.0,,13,10,,STRONG_BEARISH,WEAK_HOLD
SAKAR,SAKAR,MICRO_CAP,555.0,-7.19,-11.29,4.95,40.0,42.3,,12,4,,STRONG_BULLISH,WEAK_HOLD
TVSMOTOR,TVS Motor Company Limited,LARGE_CAP,3706.7,2.45,4.3,6.8,40.0,46.7,,7,15,,BULLISH,WEAK_HOLD
GICRE,GICRE,SMALL_CAP,399.35,-0.15,-0.15,4.56,40.0,49.3,,6,10,,STRONG_BULLISH,WEAK_HOLD
HNDFDS,HNDFDS,MICRO_CAP,547.65,2.14,11.63,12.3,39.3,69.0,,12,4,,BULLISH,WEAK_HOLD
RPSGVENT,RPSGVENT,SMALL_CAP,984.6,10.0,14.98,-9.08,39.3,51.6,,8,12,,BULLISH,WEAK_HOLD
GRAVITA,GRAVITA,MID_CAP,1798.9,0.25,9.13,29.0,39.3,66.9,,14,2,,BULLISH,WEAK_HOLD
PWL,PWL,MICRO_CAP,109.94,1.61,-0.63,15.71,39.3,58.1,,9,13,,BULLISH,WEAK_HOLD
SETFGOLD,SETFGOLD,MICRO_CAP,128.29,0.18,2.31,2.15,39.3,45.0,,5,13,,BULLISH,WEAK_HOLD
SUDARSCHEM,Sudarshan Chemical Industries Limited,SMALL_CAP,966.05,2.17,8.78,25.37,39.3,64.6,,8,16,,BULLISH,WEAK_HOLD
GREAVESCOT,GREAVESCOT,MICRO_CAP,168.01,-2.98,0.35,21.83,39.3,60.7,,13,6,,BULLISH,WEAK_HOLD
LXCHEM,LXCHEM,MICRO_CAP,163.92,6.06,11.46,39.14,39.3,72.4,,16,6,,BULLISH,WEAK_HOLD
BLISSGVS,BLISSGVS,SMALL_CAP,272.0,1.51,1.74,14.75,39.3,58.6,,13,6,,STRONG_BULLISH,WEAK_HOLD
SBISILVER,SBISILVER,SMALL_CAP,244.97,2.03,6.75,8.75,39.3,51.9,,7,13,,BULLISH,WEAK_HOLD
REFEX,REFEX,SMALL_CAP,264.6,3.4,-0.79,24.22,39.3,65.1,,10,14,,BULLISH,WEAK_HOLD
VMART,VMART,SMALL_CAP,665.6,2.32,4.38,6.16,39.3,64.0,,9,10,,BULLISH,WEAK_HOLD
RITCO,RITCO,MICRO_CAP,241.94,9.04,14.37,29.68,39.3,80.1,,14,12,,BULLISH,WEAK_HOLD
POWERINDIA,POWERINDIA,LARGE_CAP,34875.0,4.48,6.05,39.33,39.3,88.3,,15,6,,STRONG_BULLISH,WEAK_HOLD
LIQUIDCASE,LIQUIDCASE,MICRO_CAP,113.94,0.02,0.11,0.39,39.3,100.0,,6,15,,STRONG_BULLISH,WEAK_HOLD
AMBER,AMBER,LARGE_CAP,8842.5,2.09,9.41,37.44,39.3,78.7,,14,6,,STRONG_BULLISH,WEAK_HOLD
CUBEXTUB,CUBEXTUB,MICRO_CAP,104.24,1.9,3.81,20.43,39.3,65.6,,11,7,,STRONG_BULLISH,WEAK_HOLD
LAXMIINDIA,LAXMIINDIA,MICRO_CAP,136.79,7.08,18.73,72.67,39.3,68.8,,15,4,,BULLISH,WEAK_HOLD
LIQUIDADD,LIQUIDADD,MID_CAP,1125.27,0.01,0.11,0.39,39.3,100.0,,6,15,,STRONG_BULLISH,WEAK_HOLD
SILVERIETF,Silver ETF,SMALL_CAP,249.8,2.12,6.83,8.67,39.3,52.1,,7,13,,BULLISH,WEAK_HOLD
SILVERBEES,SILVERBEES,SMALL_CAP,239.44,2.11,6.8,8.82,39.3,51.9,,7,13,,BULLISH,WEAK_HOLD
TATASTEEL,Tata Steel Limited,SMALL_CAP,217.09,0.75,0.56,9.57,39.3,63.3,,9,10,,STRONG_BULLISH,WEAK_HOLD
WAAREERTL,WAAREERTL,SMALL_CAP,1051.8,0.78,1.03,22.77,38.7,48.7,,11,9,,BULLISH,WEAK_HOLD
HLEGLAS,HLEGLAS,MICRO_CAP,358.85,5.39,10.57,28.62,38.7,67.4,,14,7,,BULLISH,WEAK_HOLD
VGUARD,VGUARD,MICRO_CAP,331.95,-0.12,-0.51,4.06,38.7,58.5,,7,12,,BULLISH,WEAK_HOLD
DIVISLAB,DIVISLAB,LARGE_CAP,6702.5,0.01,2.58,14.57,38.7,78.2,,10,13,,BULLISH,WEAK_HOLD
SANDUMA,SANDUMA,SMALL_CAP,216.96,1.42,1.1,17.82,38.7,49.3,,10,13,,BULLISH,WEAK_HOLD
JAYNECOIND,JAYNECOIND,MICRO_CAP,114.93,1.89,3.88,46.09,38.7,73.7,,15,11,,STRONG_BULLISH,WEAK_HOLD
KRISHNADEF,KRISHNADEF,SMALL_CAP,1146.6,8.0,7.34,30.43,38.7,70.3,,10,14,,BULLISH,WEAK_HOLD
ASHAPURMIN,Ashapura Minechem Limited,SMALL_CAP,664.25,0.62,2.69,35.8,38.7,63.5,,13,9,,STRONG_BULLISH,WEAK_HOLD
RELAXO,Relaxo Footwears Limited,SMALL_CAP,305.25,1.13,0.36,13.11,38.7,50.7,,11,13,,STRONG_BEARISH,WEAK_HOLD
MANINFRA,MANINFRA,MICRO_CAP,134.76,5.69,13.34,50.72,38.7,96.7,,16,14,,BULLISH,WEAK_HOLD
MARKOLINES,MARKOLINES,MICRO_CAP,158.59,3.25,5.12,2.53,38.7,73.8,,6,14,,BULLISH,WEAK_HOLD
RVNL,RVNL,SMALL_CAP,308.7,1.18,2.12,18.16,38.7,62.3,,8,15,,BULLISH,WEAK_HOLD
SOLARINDS,SOLARINDS,LARGE_CAP,15887.0,0.93,3.32,18.51,38.7,65.7,,13,8,,STRONG_BULLISH,WEAK_HOLD
BOMDYEING,BOMDYEING,MICRO_CAP,135.83,5.95,18.67,33.13,38.7,73.7,,16,10,,BULLISH,WEAK_HOLD
DATAMATICS,DATAMATICS,SMALL_CAP,823.1,5.66,14.38,18.04,38.7,71.8,,13,5,,BULLISH,WEAK_HOLD
CPSEETF,CPSEETF,MICRO_CAP,106.94,0.22,-1.72,4.53,38.7,59.8,,7,12,,STRONG_BULLISH,WEAK_HOLD
HUHTAMAKI,HUHTAMAKI,MICRO_CAP,186.37,1.41,3.56,10.48,38.7,49.9,,11,13,,STRONG_BEARISH,WEAK_HOLD
MEDANTA,MEDANTA,SMALL_CAP,1206.9,2.14,5.6,16.79,38.7,71.4,,10,16,,BULLISH,WEAK_HOLD
STARHEALTH,STARHEALTH,SMALL_CAP,517.45,-0.64,-2.96,12.28,38.7,63.5,,14,10,,STRONG_BULLISH,WEAK_HOLD
NORTHARC,NORTHARC,SMALL_CAP,284.55,-0.75,10.37,24.55,38.7,83.2,,16,6,,BULLISH,WEAK_HOLD
LAURUSLABS,LAURUSLABS,LARGE_CAP,1206.5,2.45,9.08,14.1,38.7,64.5,,14,4,,STRONG_BULLISH,WEAK_HOLD
RAJRATAN,RAJRATAN,MICRO_CAP,451.7,0.98,3.02,22.1,38.7,67.6,,8,9,,STRONG_BULLISH,WEAK_HOLD
MIDWESTLTD,MIDWESTLTD,SMALL_CAP,1379.3,4.82,10.49,9.77,38.7,57.6,,7,14,,BEARISH,WEAK_HOLD
RESPONIND,RESPONIND,MICRO_CAP,183.07,13.99,15.91,37.81,38.0,78.7,,13,10,,STRONG_BEARISH,WEAK_HOLD
KALPATARU,KALPATARU,MICRO_CAP,372.55,9.99,13.15,29.4,38.0,80.0,,11,9,,BULLISH,WEAK_HOLD
KPIGREEN,KPIGREEN,SMALL_CAP,488.25,1.22,8.21,25.77,38.0,70.4,,16,6,,BULLISH,WEAK_HOLD
HDFCGOLD,HDFCGOLD,MICRO_CAP,128.56,0.4,2.43,2.21,38.0,45.4,,3,13,,BULLISH,WEAK_HOLD
MINDTECK,MINDTECK,MICRO_CAP,215.39,0.85,5.11,26.57,38.0,67.4,,8,9,,BULLISH,WEAK_HOLD
CARTRADE,CARTRADE,LARGE_CAP,1921.8,6.34,16.79,8.95,38.0,58.9,,9,14,,STRONG_BEARISH,WEAK_HOLD
GIPCL,GIPCL,MICRO_CAP,158.61,0.83,-0.04,19.79,38.0,60.9,,11,11,,BULLISH,WEAK_HOLD
BUILDPRO,BUILDPRO,SMALL_CAP,1139.9,4.03,4.33,5.76,38.0,52.8,,7,16,,NEUTRAL,WEAK_HOLD
BEL,BEL,SMALL_CAP,439.45,0.29,0.43,2.72,38.0,34.9,,7,13,,STRONG_BULLISH,WEAK_HOLD
DEEPAKNTR,DEEPAKNTR,MID_CAP,1854.4,1.8,7.56,33.46,38.0,85.5,,12,9,,BULLISH,WEAK_HOLD
PRECAM,PRECAM,MICRO_CAP,163.17,1.89,2.28,34.29,38.0,61.3,,11,11,,BULLISH,WEAK_HOLD
JUNIORBEES,JUNIORBEES,SMALL_CAP,774.97,0.25,2.0,13.82,38.0,68.0,,6,13,,BULLISH,WEAK_HOLD
BECTORFOOD,BECTORFOOD,SMALL_CAP,203.89,0.05,3.23,8.15,38.0,66.3,,7,13,,BULLISH,WEAK_HOLD
MID150BEES,MID150BEES,SMALL_CAP,235.68,1.26,2.89,13.33,38.0,73.8,,7,15,,BULLISH,WEAK_HOLD
ENDURANCE,ENDURANCE,LARGE_CAP,2536.2,7.73,8.99,14.37,38.0,65.7,,11,12,,STRONG_BEARISH,WEAK_HOLD
CLSEL,CLSEL,MICRO_CAP,298.45,1.74,5.24,25.47,38.0,67.1,,12,2,,BULLISH,WEAK_HOLD
HFCL,HFCL,MICRO_CAP,146.24,3.38,36.55,101.32,38.0,92.3,,18,4,,STRONG_BULLISH,WEAK_HOLD
CHENNPETRO,CHENNPETRO,MID_CAP,1076.2,0.34,-5.56,11.16,38.0,60.7,,13,10,,STRONG_BULLISH,WEAK_HOLD
ATHERENERG,Ather Energy Limited,MID_CAP,907.2,1.08,-3.32,19.21,38.0,59.1,,15,8,,STRONG_BULLISH,WEAK_HOLD
BIOCON,Biocon Limited,SMALL_CAP,382.25,0.43,5.52,12.41,38.0,75.6,,9,8,,BULLISH,WEAK_HOLD
AWL,AWL,SMALL_CAP,211.94,1.99,5.87,18.36,38.0,77.4,,10,15,,BULLISH,WEAK_HOLD
RUSTOMJEE,RUSTOMJEE,SMALL_CAP,429.7,7.53,7.72,8.98,38.0,69.0,,11,12,,STRONG_BEARISH,WEAK_HOLD
RAIN,RAIN,MICRO_CAP,134.61,2.83,2.19,21.96,38.0,54.4,,9,13,,BULLISH,WEAK_HOLD
KTKBANK,KTKBANK,SMALL_CAP,266.8,0.15,-0.57,16.53,38.0,68.6,,13,9,,STRONG_BULLISH,WEAK_HOLD
SUPRAJIT,SUPRAJIT,MICRO_CAP,433.65,3.47,3.42,3.69,38.0,61.2,,5,18,,STRONG_BEARISH,WEAK_HOLD
SUNFLAG,SUNFLAG,SMALL_CAP,412.3,3.95,40.68,77.36,38.0,89.2,,18,4,,STRONG_BULLISH,WEAK_HOLD
RATNAVEER,RATNAVEER,MICRO_CAP,178.37,-2.36,5.7,28.04,38.0,65.6,,14,2,,STRONG_BULLISH,WEAK_HOLD
FINPIPE,FINPIPE,MICRO_CAP,177.42,0.37,1.38,11.63,38.0,59.7,,7,13,,STRONG_BEARISH,WEAK_HOLD
AJMERA,AJMERA,MICRO_CAP,133.94,3.93,8.22,17.7,38.0,62.5,,13,7,,BULLISH,WEAK_HOLD
JWL,JWL,SMALL_CAP,303.75,1.84,5.69,14.04,38.0,66.9,,9,13,,BULLISH,WEAK_HOLD
HPL,HPL,MICRO_CAP,384.4,2.85,5.95,29.82,37.3,67.3,,10,11,,BULLISH,WEAK_HOLD
ROUTE,ROUTE,SMALL_CAP,577.65,2.99,9.0,23.61,37.3,74.6,,12,12,,BULLISH,WEAK_HOLD
VIMTALABS,VIMTALABS,MID_CAP,506.2,-0.87,12.35,20.57,37.3,64.2,,14,2,,BULLISH,WEAK_HOLD
HBLENGINE,HBL Power Systems Limited,MID_CAP,848.2,-0.75,4.6,24.63,37.3,68.1,,12,6,,BULLISH,WEAK_HOLD
HDBFS,HDBFS,SMALL_CAP,700.55,2.21,4.91,20.32,37.3,55.3,,5,11,,BULLISH,WEAK_HOLD
HEROMOTOCO,Hero MotoCorp Limited,LARGE_CAP,5343.0,3.35,4.47,5.78,37.3,60.0,,9,10,,STRONG_BEARISH,WEAK_HOLD
AGARIND,AGARIND,MICRO_CAP,473.9,4.69,9.55,30.03,37.3,52.8,,11,11,,STRONG_BEARISH,WEAK_HOLD
RAYMONDREL,RAYMONDREL,MID_CAP,635.2,11.52,46.12,53.08,37.3,83.5,,15,8,,BULLISH,WEAK_HOLD
AGARWALEYE,AGARWALEYE,MICRO_CAP,449.5,-1.91,1.7,3.49,37.3,51.4,,9,10,,BULLISH,WEAK_HOLD
PANACEABIO,PANACEABIO,MICRO_CAP,403.75,1.28,8.9,25.76,37.3,67.8,,12,6,,BULLISH,WEAK_HOLD
AEQUS,AEQUS,SMALL_CAP,202.68,8.06,5.34,64.7,37.3,68.0,,10,14,,BULLISH,WEAK_HOLD
HDFCSILVER,HDFCSILVER,SMALL_CAP,239.51,1.99,6.79,8.66,37.3,52.0,,6,11,,BULLISH,WEAK_HOLD
HINDZINC,HINDZINC,MID_CAP,636.55,0.31,3.83,18.15,37.3,64.8,,12,8,,STRONG_BULLISH,WEAK_HOLD
ZENTEC,ZENTEC,LARGE_CAP,1621.6,3.47,-3.82,13.85,37.3,57.3,,13,7,,STRONG_BULLISH,WEAK_HOLD
TATACONSUM,Tata Consumer Products Limited,LARGE_CAP,1151.7,-0.04,-1.4,8.45,37.3,63.1,,6,10,,STRONG_BULLISH,WEAK_HOLD
TIRUMALCHM,TIRUMALCHM,MICRO_CAP,222.04,0.99,12.65,28.2,37.3,72.4,,12,7,,BULLISH,WEAK_HOLD
EGOLD,EGOLD,MICRO_CAP,150.85,0.5,2.65,2.86,37.3,45.8,,7,8,,BULLISH,WEAK_HOLD
GMMPFAUDLR,GMMPFAUDLR,MICRO_CAP,914.9,0.01,1.88,5.77,37.3,48.4,,9,13,,STRONG_BEARISH,WEAK_HOLD
GLAND,GLAND,SMALL_CAP,1870.6,3.26,7.56,8.98,37.3,63.5,,9,4,,BULLISH,WEAK_HOLD
SONACOMS,SONACOMS,MID_CAP,578.65,-0.68,-3.51,12.33,37.3,49.3,,9,8,,STRONG_BULLISH,WEAK_HOLD
SCI,SCI,SMALL_CAP,319.6,2.22,3.72,37.0,37.3,67.1,,15,6,,STRONG_BULLISH,WEAK_HOLD
DREDGECORP,DREDGECORP,MICRO_CAP,964.3,1.18,0.84,14.97,36.7,47.9,,8,11,,STRONG_BULLISH,WEAK_HOLD
ICICIGI,ICICIGI,LARGE_CAP,1850.2,2.23,4.5,7.16,36.7,42.3,,9,15,,STRONG_BEARISH,WEAK_HOLD
CHEMBONDCH,CHEMBONDCH,MICRO_CAP,201.82,4.83,32.92,40.12,36.7,71.3,,15,3,,BULLISH,WEAK_HOLD
SIEMENS,SIEMENS,LARGE_CAP,3871.5,0.77,2.51,25.88,36.7,76.2,,15,8,,STRONG_BULLISH,WEAK_HOLD
RIIL,RIIL,MICRO_CAP,801.7,-1.35,0.42,18.08,36.7,50.0,,12,8,,BULLISH,WEAK_HOLD
GVT&D,GVT&D,LARGE_CAP,4768.2,4.49,6.45,29.81,36.7,84.2,,16,6,,STRONG_BULLISH,WEAK_HOLD
RAILTEL,RAILTEL,SMALL_CAP,348.25,1.49,6.62,29.53,36.7,56.3,,9,11,,BULLISH,WEAK_HOLD
ANDHRSUGAR,ANDHRSUGAR,MICRO_CAP,102.31,-1.58,1.13,37.64,36.7,73.7,,15,6,,STRONG_BULLISH,WEAK_HOLD
HARIOMPIPE,HARIOMPIPE,MICRO_CAP,327.15,2.43,-0.98,21.1,36.7,65.6,,8,18,,STRONG_BEARISH,WEAK_HOLD
TITAN,TITAN,LARGE_CAP,4307.5,-1.2,-2.98,1.82,36.7,31.6,,6,8,,STRONG_BULLISH,WEAK_HOLD
GESHIP,GESHIP,MID_CAP,1552.4,-1.44,-0.14,8.98,36.7,70.7,,15,8,,STRONG_BULLISH,WEAK_HOLD
GLAXO,GLAXO,SMALL_CAP,2481.3,2.39,4.85,6.34,36.7,57.1,,9,14,,STRONG_BEARISH,WEAK_HOLD
SAILIFE,SAILIFE,SMALL_CAP,1089.7,0.97,3.28,15.23,36.7,76.5,,13,10,,STRONG_BULLISH,WEAK_HOLD
GLENMARK,GLENMARK,LARGE_CAP,2371.6,-0.25,-1.75,12.18,36.7,66.8,,11,10,,STRONG_BULLISH,WEAK_HOLD
ENGINERSIN,ENGINERSIN,SMALL_CAP,261.35,-0.38,4.14,31.5,36.7,79.3,,15,6,,STRONG_BULLISH,WEAK_HOLD
INDOFARM,INDOFARM,MICRO_CAP,149.57,6.76,11.39,11.99,36.7,50.3,,9,12,,STRONG_BEARISH,WEAK_HOLD
EICHERMOT,Eicher Motors Limited,LARGE_CAP,7327.5,0.23,1.92,10.93,36.7,60.7,,6,11,,BULLISH,WEAK_HOLD
CGCL,CGCL,SMALL_CAP,200.14,-0.19,8.96,17.72,36.7,71.1,,16,4,,BULLISH,WEAK_HOLD
ORIENTTECH,ORIENTTECH,SMALL_CAP,311.85,9.44,13.35,22.5,36.7,64.8,,13,8,,STRONG_BEARISH,WEAK_HOLD
AEGISLOG,AEGISLOG,SMALL_CAP,739.65,0.62,4.22,25.79,36.7,68.7,,9,8,,BULLISH,WEAK_HOLD
SURAJEST,SURAJEST,MICRO_CAP,241.11,1.85,0.82,26.28,36.7,46.6,,11,9,,BULLISH,WEAK_HOLD
ECOSMOBLTY,ECOSMOBLTY,MICRO_CAP,143.74,6.17,3.94,15.25,36.7,55.0,,7,11,,BULLISH,WEAK_HOLD
ENRIN,ENRIN,LARGE_CAP,3139.5,-1.45,-5.15,19.42,36.7,65.6,,9,8,,STRONG_BULLISH,WEAK_HOLD
VENTIVE,VENTIVE,MICRO_CAP,654.65,2.98,3.83,14.01,36.0,66.5,,11,9,,STRONG_BEARISH,WEAK_HOLD
ADANIPORTS,Adani Ports and Special Economic Zone Limited,LARGE_CAP,1732.8,-0.89,4.32,25.47,36.0,80.2,,13,8,,STRONG_BULLISH,WEAK_HOLD
MOVALUE,MOVALUE,MICRO_CAP,119.38,-0.14,-0.06,8.99,36.0,59.5,,6,12,,STRONG_BULLISH,WEAK_HOLD
AADHARHFC,AADHARHFC,SMALL_CAP,500.45,0.07,2.39,9.68,36.0,54.5,,8,8,,BULLISH,WEAK_HOLD
NTPCGREEN,NTPCGREEN,MICRO_CAP,109.26,0.99,-1.15,12.98,36.0,50.7,,15,8,,STRONG_BULLISH,WEAK_HOLD
TATAPOWER,Tata Power Company Limited,SMALL_CAP,439.25,-0.9,-2.71,13.3,36.0,58.7,,13,10,,STRONG_BULLISH,WEAK_HOLD
VIKRAMSOLR,VIKRAMSOLR,SMALL_CAP,225.25,-0.25,-0.23,21.17,36.0,46.3,,6,8,,BULLISH,WEAK_HOLD
GANDHAR,GANDHAR,MICRO_CAP,153.0,-2.34,8.9,20.61,36.0,55.0,,14,2,,BULLISH,WEAK_HOLD
MFSL,MFSL,LARGE_CAP,1707.4,3.3,6.02,14.5,36.0,52.0,,8,11,,STRONG_BEARISH,WEAK_HOLD
CAPACITE,CAPACITE,MICRO_CAP,252.9,0.82,0.34,19.97,36.0,53.8,,8,11,,BULLISH,WEAK_HOLD
MCX,MCX,LARGE_CAP,3042.6,2.33,2.5,19.7,36.0,66.6,,13,9,,BULLISH,WEAK_HOLD
NAZARA,NAZARA,SMALL_CAP,274.35,0.94,3.27,13.64,36.0,64.0,,8,11,,BULLISH,WEAK_HOLD
IGIL,IGIL,MICRO_CAP,364.15,0.59,2.66,14.71,36.0,47.0,,7,10,,STRONG_BULLISH,WEAK_HOLD
SILVER,SILVER,SMALL_CAP,249.56,2.09,6.7,8.75,36.0,51.8,,7,8,,BULLISH,WEAK_HOLD
PROTEAN,PROTEAN,MID_CAP,601.45,6.06,12.84,19.72,36.0,60.9,,13,7,,STRONG_BEARISH,WEAK_HOLD
ARIS,ARIS,MICRO_CAP,145.52,6.56,5.74,34.52,36.0,75.7,,13,12,,BULLISH,WEAK_HOLD
SARDAEN,SARDAEN,SMALL_CAP,593.95,0.91,0.12,12.47,36.0,48.7,,11,11,,STRONG_BULLISH,WEAK_HOLD
NAM-INDIA,NAM-INDIA,LARGE_CAP,1107.4,1.21,7.63,33.26,36.0,69.5,,13,6,,STRONG_BULLISH,WEAK_HOLD
FACT,FACT,MICRO_CAP,917.05,0.22,0.9,15.97,36.0,62.5,,11,10,,BULLISH,WEAK_HOLD
EPL,EPL,SMALL_CAP,234.36,2.43,3.27,9.54,36.0,54.0,,6,9,,BULLISH,WEAK_HOLD
PETRONET,PETRONET,SMALL_CAP,282.1,-0.42,0.71,10.59,36.0,63.7,,7,10,,STRONG_BEARISH,WEAK_HOLD
LT,LT,LARGE_CAP,4023.0,0.36,-1.78,8.05,36.0,42.1,,6,10,,STRONG_BULLISH,WEAK_HOLD
GPIL,GPIL,SMALL_CAP,304.35,-0.08,0.38,6.85,36.0,53.2,,11,8,,STRONG_BULLISH,WEAK_HOLD
SPARC,SPARC,MICRO_CAP,166.85,6.22,12.31,32.02,36.0,62.3,,16,0,,BULLISH,WEAK_HOLD
GRAPHITE,GRAPHITE,MID_CAP,728.55,1.58,-1.63,15.68,36.0,64.3,,11,8,,STRONG_BULLISH,WEAK_HOLD
JUBLINGREA,JUBLINGREA,SMALL_CAP,756.85,1.99,7.7,24.88,36.0,74.3,,13,11,,BULLISH,WEAK_HOLD
MARICO,Marico Limited,MID_CAP,832.15,2.13,6.78,10.47,36.0,89.3,,11,10,,STRONG_BULLISH,WEAK_HOLD
GPTHEALTH,GPTHEALTH,MICRO_CAP,142.47,1.19,5.14,8.86,36.0,64.5,,10,9,,BULLISH,WEAK_HOLD
GLOBUSSPR,GLOBUSSPR,MICRO_CAP,1126.8,1.76,5.58,22.44,36.0,81.8,,12,11,,BULLISH,WEAK_HOLD
RML,RML,MICRO_CAP,938.7,2.76,17.89,37.26,36.0,80.8,,16,2,,BULLISH,WEAK_HOLD
GKSL,GKSL,MICRO_CAP,130.76,5.72,9.99,21.23,36.0,78.3,,11,14,,BULLISH,WEAK_HOLD
GUJGASLTD,GUJGASLTD,SMALL_CAP,408.95,2.87,4.59,30.7,36.0,84.9,,8,16,,STRONG_BEARISH,WEAK_HOLD
GMDCLTD,GMDCLTD,MID_CAP,703.7,0.56,-4.91,18.65,36.0,39.0,,15,8,,STRONG_BULLISH,WEAK_HOLD
GOLDETF,GOLDETF,MICRO_CAP,146.12,0.48,2.35,1.76,36.0,44.4,,3,10,,BULLISH,WEAK_HOLD
BHARATSE,BHARATSE,SMALL_CAP,200.69,-0.14,11.53,23.11,36.0,64.6,,10,0,,STRONG_BULLISH,WEAK_HOLD
COMMOIETF,COMMOIETF,MICRO_CAP,106.03,0.01,0.73,10.71,36.0,77.3,,9,13,,STRONG_BULLISH,WEAK_HOLD
GRMOVER,GRMOVER,MICRO_CAP,164.54,-0.82,-0.53,-1.53,36.0,54.5,,8,12,,BULLISH,WEAK_HOLD
SAIL,Steel Authority of India Limited,MICRO_CAP,187.28,0.67,0.6,16.6,36.0,85.0,,15,11,,STRONG_BULLISH,WEAK_HOLD
RSYSTEMS,RSYSTEMS,SMALL_CAP,302.75,4.96,13.47,13.26,36.0,61.9,,11,12,,STRONG_BEARISH,WEAK_HOLD
MGL,MGL,SMALL_CAP,1179.8,1.11,2.95,23.54,36.0,76.5,,9,13,,BULLISH,WEAK_HOLD
DATAPATTNS,DATAPATTNS,LARGE_CAP,4250.1,1.88,3.21,32.44,35.3,78.5,,15,6,,STRONG_BULLISH,WEAK_HOLD
IRCON,IRCON,MICRO_CAP,161.35,1.37,5.24,28.33,35.3,73.9,,10,11,,BULLISH,WEAK_HOLD
OMAXAUTO,OMAXAUTO,MICRO_CAP,226.65,10.0,71.76,118.99,35.3,94.6,,18,2,,STRONG_BULLISH,WEAK_HOLD
ASTERDM,Aster DM Healthcare Limited,MID_CAP,738.55,1.03,5.58,12.63,35.3,71.4,,13,8,,STRONG_BULLISH,WEAK_HOLD
MUFIN,MUFIN,MICRO_CAP,118.62,2.51,2.97,18.68,35.3,71.5,,10,15,,STRONG_BULLISH,WEAK_HOLD
INOXWIND,INOXWIND,MICRO_CAP,106.65,-0.43,4.36,31.62,35.3,69.8,,12,6,,BULLISH,WEAK_HOLD
GOODLUCK,Goodluck India Limited,SMALL_CAP,1405.1,1.01,10.08,32.58,35.3,80.4,,14,4,,STRONG_BULLISH,WEAK_HOLD
GNFC,GNFC,MICRO_CAP,501.15,0.56,5.53,23.34,35.3,67.8,,9,6,,BULLISH,WEAK_HOLD
GODREJAGRO,GODREJAGRO,SMALL_CAP,586.4,1.03,-1.18,2.15,35.3,40.8,,5,13,,BULLISH,WEAK_HOLD
AARTIIND,AARTIIND,SMALL_CAP,488.15,-1.95,-2.83,21.29,35.3,69.5,,11,8,,STRONG_BULLISH,WEAK_HOLD
NETWEB,NETWEB,LARGE_CAP,4302.7,-1.5,6.74,32.8,35.3,70.5,,15,6,,STRONG_BULLISH,WEAK_HOLD
SBCL,SBCL,MICRO_CAP,621.6,2.97,3.19,44.91,35.3,70.1,,13,11,,STRONG_BULLISH,WEAK_HOLD
BALRAMCHIN,BALRAMCHIN,MICRO_CAP,525.5,0.12,3.0,8.71,35.3,64.7,,9,12,,STRONG_BULLISH,WEAK_HOLD
MANKIND,MANKIND,LARGE_CAP,2375.2,0.6,5.25,16.43,35.3,87.0,,12,10,,BULLISH,WEAK_HOLD
WHEELS,WHEELS,SMALL_CAP,1327.6,5.74,10.05,38.24,35.3,83.2,,15,10,,STRONG_BULLISH,WEAK_HOLD
JINDALSAW,JINDALSAW,SMALL_CAP,242.46,0.09,5.51,27.01,35.3,62.3,,15,6,,STRONG_BULLISH,WEAK_HOLD
BIKAJI,BIKAJI,MICRO_CAP,674.3,-1.23,-2.4,7.31,35.3,59.1,,7,12,,BULLISH,WEAK_HOLD
DLF,DLF,MID_CAP,618.85,1.52,4.1,15.87,35.3,61.1,,6,15,,BULLISH,WEAK_HOLD
AXISILVER,AXISILVER,MICRO_CAP,248.52,1.99,6.64,8.1,35.3,51.8,,6,8,,BULLISH,WEAK_HOLD
MSTCLTD,MSTCLTD,MICRO_CAP,454.65,1.93,4.15,13.98,35.3,39.8,,9,13,,STRONG_BEARISH,WEAK_HOLD
GABRIEL,GABRIEL,MID_CAP,1126.6,3.83,11.43,26.66,35.3,74.0,,14,4,,BULLISH,WEAK_HOLD
GULPOLY,GULPOLY,MICRO_CAP,188.12,-0.84,3.39,18.49,35.3,67.3,,13,8,,STRONG_BULLISH,WEAK_HOLD
AXISCADES,AXISCADES,SMALL_CAP,2132.7,-1.09,8.49,32.39,35.3,76.8,,15,6,,STRONG_BULLISH,WEAK_HOLD
ITI,ITI,SMALL_CAP,303.65,0.51,0.29,18.23,35.3,62.9,,9,11,,BULLISH,WEAK_HOLD
ARKADE,ARKADE,MICRO_CAP,125.65,1.18,8.15,16.97,35.3,59.2,,9,9,,BULLISH,WEAK_HOLD
GUJALKALI,GUJALKALI,MICRO_CAP,790.5,0.48,7.44,36.4,35.3,65.5,,15,6,,STRONG_BULLISH,WEAK_HOLD
ARTEMISMED,ARTEMISMED,MICRO_CAP,264.81,1.92,10.4,17.88,35.3,79.8,,12,6,,BULLISH,WEAK_HOLD
LICHSGFIN,LICHSGFIN,MID_CAP,586.35,0.72,4.3,14.33,35.3,71.1,,12,6,,BULLISH,WEAK_HOLD
DABUR,Dabur India Limited,SMALL_CAP,470.0,0.8,3.07,13.46,34.7,72.3,,9,12,,STRONG_BEARISH,SELL
ONESOURCE,ONESOURCE,MID_CAP,1815.9,4.15,3.03,31.94,34.7,79.7,,13,14,,BULLISH,SELL
SHANTIGOLD,SHANTIGOLD,SMALL_CAP,229.62,3.7,12.27,32.68,34.7,77.5,,11,4,,BULLISH,SELL
KAYNES,KAYNES,LARGE_CAP,4379.7,1.72,6.5,16.76,34.7,58.6,,11,11,,BULLISH,SELL
AETHER,AETHER,SMALL_CAP,1214.8,-1.45,4.0,11.98,34.7,54.8,,13,4,,STRONG_BULLISH,SELL
APLAPOLLO,APLAPOLLO,LARGE_CAP,1973.7,3.08,0.36,4.4,34.7,42.9,,4,17,,BULLISH,SELL
PREMIERENE,PREMIERENE,MID_CAP,1018.5,-1.4,-1.99,7.97,34.7,54.0,,11,10,,STRONG_BULLISH,SELL
JKPAPER,JKPAPER,MICRO_CAP,373.0,-0.85,2.07,11.98,34.7,46.9,,7,8,,STRONG_BULLISH,SELL
PENIND,PENIND,MICRO_CAP,171.2,0.79,1.42,13.18,34.7,46.9,,9,11,,BULLISH,SELL
ALLTIME,ALLTIME,MICRO_CAP,270.18,2.53,14.45,33.05,34.7,75.9,,8,12,,BULLISH,SELL
RGL,RGL,MICRO_CAP,111.42,8.06,10.11,8.07,34.7,56.6,,9,12,,STRONG_BEARISH,SELL
USHAMART,USHAMART,SMALL_CAP,477.4,1.74,3.38,17.73,34.7,65.7,,13,8,,STRONG_BULLISH,SELL
MAZDOCK,MAZDOCK,LARGE_CAP,2683.3,1.47,-3.12,15.26,34.7,62.3,,11,13,,BULLISH,SELL
NATCOPHARM,NATCOPHARM,SMALL_CAP,1155.2,0.44,5.63,6.73,34.7,66.8,,11,6,,STRONG_BULLISH,SELL
HUDCO,HUDCO,SMALL_CAP,228.01,2.52,5.22,32.43,34.7,93.5,,12,14,,BULLISH,SELL
RBLBANK,RBL Bank Limited,SMALL_CAP,345.75,2.95,1.33,10.6,34.7,67.4,,8,9,,STRONG_BULLISH,SELL
BRITANNIA,Britannia Industries Limited,LARGE_CAP,5814.0,0.54,1.84,4.91,34.7,63.1,,5,15,,BULLISH,SELL
ICICIB22,ICICIB22,MICRO_CAP,124.32,-0.18,-1.59,5.26,34.7,52.9,,6,12,,STRONG_BULLISH,SELL
REPCOHOME,REPCOHOME,MICRO_CAP,414.05,2.16,0.98,9.78,34.7,60.2,,6,8,,BULLISH,SELL
ADANIENSOL,ADANIENSOL,LARGE_CAP,1387.1,-1.44,-2.19,40.64,34.7,70.0,,15,6,,STRONG_BULLISH,SELL
GARFIBRES,GARFIBRES,MICRO_CAP,672.45,0.86,9.75,12.66,34.7,62.1,,9,8,,BULLISH,SELL
GOLDIETF,GOLDIETF,MICRO_CAP,128.94,0.18,2.44,2.15,34.7,45.0,,3,13,,BULLISH,SELL
GSPL,GSPL,SMALL_CAP,296.75,0.12,4.31,25.77,34.7,87.6,,8,11,,BULLISH,SELL
COCHINSHIP,COCHINSHIP,LARGE_CAP,1814.7,3.51,2.31,34.62,34.7,83.5,,12,14,,BULLISH,SELL
TOLINS,TOLINS,MICRO_CAP,111.59,2.33,0.84,14.56,34.7,55.5,,6,14,,BULLISH,SELL
CESC,CESC,MICRO_CAP,186.61,0.86,-0.09,21.7,34.7,65.0,,13,8,,STRONG_BULLISH,SELL
GCSL,GCSL,MICRO_CAP,384.65,0.8,10.93,13.28,34.0,70.0,,13,6,,BULLISH,SELL
AKUMS,AKUMS,MICRO_CAP,548.0,-0.75,0.79,11.94,34.0,48.8,,11,8,,STRONG_BULLISH,SELL
CAPLIPOINT,CAPLIPOINT,SMALL_CAP,1866.6,1.37,8.05,15.9,34.0,64.6,,10,6,,BULLISH,SELL
SURYODAY,SURYODAY,MICRO_CAP,161.36,0.74,5.74,25.98,34.0,85.5,,14,6,,BULLISH,SELL
GANESHBE,GANESHBE,MICRO_CAP,100.98,-0.73,0.26,24.87,34.0,56.6,,13,6,,STRONG_BULLISH,SELL
CONCOR,CONCOR,MID_CAP,526.7,0.48,2.35,16.12,34.0,66.7,,8,13,,BULLISH,SELL
LIQUIDBETF,LIQUIDBETF,SMALL_CAP,1080.42,0.01,0.1,0.38,34.0,100.0,,6,12,,STRONG_BULLISH,SELL
NH,NH,MID_CAP,1856.2,0.86,4.85,9.19,34.0,60.7,,7,6,,BULLISH,SELL
SPMLINFRA,SPMLINFRA,MICRO_CAP,221.68,-0.05,5.06,28.5,34.0,68.2,,13,6,,STRONG_BULLISH,SELL
CASHIETF,CASHIETF,SMALL_CAP,1060.9,0.01,0.11,0.39,34.0,100.0,,6,12,,STRONG_BULLISH,SELL
TRIVENI,TRIVENI,MICRO_CAP,403.4,-0.88,-2.06,3.62,34.0,59.6,,7,10,,STRONG_BULLISH,SELL
VIPIND,VIPIND,SMALL_CAP,322.8,7.08,8.93,3.02,34.0,50.7,,5,18,,STRONG_BEARISH,SELL
NIFTY1,NIFTY1,MICRO_CAP,267.92,-0.13,0.59,5.27,34.0,52.9,,5,12,,STRONG_BEARISH,SELL
BANCOINDIA,BANCOINDIA,MICRO_CAP,640.3,0.74,3.06,19.53,34.0,59.8,,8,8,,BULLISH,SELL
MANORAMA,MANORAMA,MICRO_CAP,1607.5,0.3,9.07,31.68,34.0,79.1,,11,6,,STRONG_BULLISH,SELL
ANANDRATHI,ANANDRATHI,MID_CAP,3614.2,-0.12,0.77,9.77,34.0,46.3,,11,8,,STRONG_BULLISH,SELL
GSFC,GSFC,MICRO_CAP,177.71,-0.12,2.98,15.63,34.0,62.2,,8,8,,BULLISH,SELL
CORDSCABLE,CORDSCABLE,MICRO_CAP,214.75,2.01,18.88,37.43,34.0,82.5,,16,4,,BULLISH,SELL
PIDILITIND,PIDILITIND,LARGE_CAP,1450.4,2.03,4.42,11.99,34.0,74.4,,7,10,,STRONG_BEARISH,SELL
JINDALSTEL,Jindal Steel & Power Limited,LARGE_CAP,1258.2,-0.48,2.45,7.7,34.0,56.8,,6,10,,STRONG_BULLISH,SELL
SBIN,State Bank of India,LARGE_CAP,1092.0,-0.36,0.47,5.98,34.0,57.2,,2,10,,STRONG_BULLISH,SELL
SONATSOFTW,SONATSOFTW,MICRO_CAP,270.75,0.35,2.94,14.7,34.0,43.1,,8,11,,BULLISH,SELL
KIRLPNU,KIRLPNU,SMALL_CAP,1590.8,2.8,5.13,38.33,34.0,81.9,,15,11,,STRONG_BULLISH,SELL
LUXIND,LUXIND,MICRO_CAP,1508.9,5.0,1.98,25.02,34.0,54.3,,13,7,,STRONG_BULLISH,SELL
SUVEN,SUVEN,MICRO_CAP,220.4,3.22,1.41,32.08,34.0,67.0,,13,6,,STRONG_BULLISH,SELL
EMCURE,EMCURE,SMALL_CAP,1664.8,0.32,-3.76,7.07,34.0,52.1,,11,6,,STRONG_BULLISH,SELL
TECHNOE,TECHNOE,SMALL_CAP,1282.2,-0.33,-1.18,22.62,34.0,63.6,,11,8,,STRONG_BULLISH,SELL
EPACKPEB,EPACKPEB,SMALL_CAP,213.11,2.89,8.02,36.86,34.0,68.0,,9,7,,BULLISH,SELL
GRANULES,GRANULES,MID_CAP,743.5,1.02,5.53,16.39,34.0,94.7,,15,8,,STRONG_BULLISH,SELL
BRIGADE,BRIGADE,MID_CAP,773.15,-4.43,-3.05,11.81,34.0,60.7,,7,8,,BULLISH,SELL
MUTHOOTFIN,MUTHOOTFIN,LARGE_CAP,3584.3,1.43,3.56,10.58,34.0,50.6,,8,8,,BULLISH,SELL
THYROCARE,THYROCARE,SMALL_CAP,470.7,1.77,16.41,24.28,34.0,81.2,,16,2,,BULLISH,SELL
MAWANASUG,MAWANASUG,MICRO_CAP,114.45,-3.67,10.21,12.67,34.0,66.5,,15,4,,STRONG_BULLISH,SELL
MASTEK,MASTEK,MICRO_CAP,1687.3,-0.32,-0.28,10.25,34.0,48.8,,7,8,,BULLISH,SELL
VIJAYA,VIJAYA,SMALL_CAP,1208.1,1.49,8.44,30.06,34.0,94.0,,14,6,,BULLISH,SELL
WABAG,WABAG,SMALL_CAP,1499.5,0.01,1.06,18.92,34.0,59.2,,11,8,,STRONG_BULLISH,SELL
BAJAJHCARE,BAJAJHCARE,MICRO_CAP,339.7,1.45,4.83,8.01,34.0,42.4,,7,10,,STRONG_BEARISH,SELL
DHAMPURSUG,DHAMPURSUG,MICRO_CAP,153.69,-2.51,6.67,10.82,34.0,61.5,,15,4,,STRONG_BULLISH,SELL
JBCHEPHARM,JBCHEPHARM,MID_CAP,2143.2,0.08,3.98,9.24,34.0,81.5,,11,10,,STRONG_BULLISH,SELL
GRSE,GRSE,LARGE_CAP,3093.8,2.41,0.69,34.2,34.0,69.9,,13,6,,STRONG_BULLISH,SELL
AJANTPHARM,AJANTPHARM,SMALL_CAP,3078.4,-0.58,9.78,13.53,33.3,73.1,,10,6,,STRONG_BULLISH,SELL
CROMPTON,CROMPTON,SMALL_CAP,290.75,2.36,5.34,23.96,33.3,71.3,,10,6,,STRONG_BULLISH,SELL
ALKYLAMINE,ALKYLAMINE,SMALL_CAP,1735.0,-1.34,12.82,30.04,33.3,74.1,,14,4,,BULLISH,SELL
SPORTKING,SPORTKING,MICRO_CAP,155.64,0.26,5.25,19.05,33.3,69.9,,15,0,,STRONG_BULLISH,SELL
NOCIL,NOCIL,MICRO_CAP,188.84,0.65,4.27,17.12,33.3,70.5,,13,8,,STRONG_BULLISH,SELL
LAOPALA,LAOPALA,MICRO_CAP,185.79,1.18,3.85,6.21,33.3,61.2,,6,10,,STRONG_BEARISH,SELL
UTTAMSUGAR,UTTAMSUGAR,MICRO_CAP,253.5,-1.9,-1.92,2.37,33.3,54.8,,9,10,,STRONG_BULLISH,SELL
KSCL,KSCL,MICRO_CAP,1003.8,0.89,8.43,15.83,33.3,76.1,,11,4,,BULLISH,SELL
CAMPUS,CAMPUS,MICRO_CAP,249.26,0.39,-1.91,7.33,33.3,49.5,,5,13,,BULLISH,SELL
GENUSPOWER,GENUSPOWER,SMALL_CAP,332.0,-0.91,6.51,38.18,33.3,70.7,,14,6,,BULLISH,SELL
UNOMINDA,UNOMINDA,LARGE_CAP,1145.7,1.58,1.23,12.17,33.3,57.6,,6,12,,BULLISH,SELL
EMAMILTD,EMAMILTD,SMALL_CAP,454.4,0.49,-0.76,10.75,33.3,62.3,,6,13,,BULLISH,SELL
MBAPL,MBAPL,MICRO_CAP,576.7,0.85,9.99,7.41,33.3,59.3,,13,2,,STRONG_BULLISH,SELL
TMB,TMB,SMALL_CAP,743.65,-1.74,-0.13,21.4,33.3,62.9,,11,4,,STRONG_BULLISH,SELL
INDIASHLTR,India Shelter Finance Corporation Limited,MICRO_CAP,840.0,0.01,2.43,10.69,33.3,63.8,,12,8,,BULLISH,SELL
MONARCH,MONARCH,MICRO_CAP,314.05,1.22,5.95,7.8,33.3,60.8,,10,2,,BULLISH,SELL
EKC,EKC,MICRO_CAP,123.58,0.74,1.85,15.66,33.3,58.9,,8,7,,BULLISH,SELL
BAJEL,BAJEL,MICRO_CAP,183.83,1.02,-1.62,18.98,33.3,57.7,,11,11,,BULLISH,SELL
GKENERGY,GKENERGY,MICRO_CAP,134.81,-0.48,3.66,40.57,33.3,63.4,,9,6,,BULLISH,SELL
SAKSOFT,SAKSOFT,MICRO_CAP,147.29,-0.57,3.79,14.63,33.3,50.2,,9,4,,BULLISH,SELL
KSHINTL,KSHINTL,MID_CAP,630.0,7.86,-5.67,27.16,33.3,59.3,,13,6,,BULLISH,SELL
BHARATWIRE,BHARATWIRE,MICRO_CAP,237.11,1.25,7.04,47.17,33.3,73.5,,15,6,,STRONG_BULLISH,SELL
DYCL,DYCL,MICRO_CAP,416.05,3.83,11.49,53.31,33.3,84.4,,13,11,,BULLISH,SELL
PINELABS,PINELABS,SMALL_CAP,201.62,1.24,2.33,28.76,33.3,64.6,,5,13,,BULLISH,SELL
TORNTPOWER,TORNTPOWER,SMALL_CAP,1712.5,-1.24,0.63,22.37,33.3,70.1,,13,6,,STRONG_BULLISH,SELL
PFC,PFC,SMALL_CAP,457.55,-1.37,-1.55,12.31,33.3,49.2,,11,8,,STRONG_BULLISH,SELL
JNKINDIA,JNKINDIA,MICRO_CAP,362.1,-1.38,-1.61,37.37,33.3,67.7,,13,6,,STRONG_BULLISH,SELL
DEEDEV,DEEDEV,MICRO_CAP,457.7,4.99,8.28,45.86,33.3,70.7,,15,6,,STRONG_BULLISH,SELL
HEXT,HEXT,SMALL_CAP,460.55,0.26,1.49,0.37,33.3,33.8,,8,13,,STRONG_BEARISH,SELL
LGEINDIA,LGEINDIA,LARGE_CAP,1542.6,-1.61,-5.19,11.85,32.7,48.8,,3,10,,STRONG_BULLISH,SELL
NAVINFLUOR,NAVINFLUOR,LARGE_CAP,7085.0,0.6,4.83,21.7,32.7,82.2,,13,8,,STRONG_BULLISH,SELL
NCLIND,NCLIND,MICRO_CAP,176.3,1.0,-0.58,0.92,32.7,43.7,,4,13,,STRONG_BEARISH,SELL
MINDACORP,MINDACORP,MICRO_CAP,536.7,1.91,2.73,6.24,32.7,66.6,,4,15,,STRONG_BULLISH,SELL
LLOYDSME,LLOYDSME,LARGE_CAP,1726.7,-2.14,-2.57,19.75,32.7,75.6,,15,6,,STRONG_BULLISH,SELL
LAXMIDENTL,LAXMIDENTL,MICRO_CAP,217.68,1.62,6.11,17.8,32.7,61.7,,12,7,,BULLISH,SELL
NESTLEIND,Nestle India Limited,LARGE_CAP,1476.0,-0.68,0.71,20.71,32.7,91.4,,11,8,,STRONG_BULLISH,SELL
ACUTAAS,ACUTAAS,LARGE_CAP,2725.7,1.49,8.92,23.11,32.7,80.9,,15,6,,STRONG_BULLISH,SELL
SUNPHARMA,SUNPHARMA,LARGE_CAP,1834.4,-0.85,3.13,6.78,32.7,70.0,,9,8,,STRONG_BULLISH,SELL
KRISHANA,KRISHANA,SMALL_CAP,680.5,2.48,12.49,18.81,32.7,57.2,,15,2,,STRONG_BULLISH,SELL
ASTRAL,ASTRAL,LARGE_CAP,1569.1,-0.44,1.05,1.59,32.7,48.2,,3,12,,BULLISH,SELL
PRAJIND,PRAJIND,SMALL_CAP,403.6,0.45,0.74,18.51,32.7,72.4,,13,8,,STRONG_BULLISH,SELL
ATGL,ATGL,MID_CAP,644.25,-1.04,-1.93,24.0,32.7,65.0,,13,8,,BULLISH,SELL
INDIAGLYCO,INDIAGLYCO,SMALL_CAP,1140.3,4.34,10.62,27.32,32.7,82.9,,16,2,,BULLISH,SELL
RATEGAIN,RATEGAIN,SMALL_CAP,634.2,-0.57,9.15,25.01,32.7,73.3,,12,4,,STRONG_BULLISH,SELL
HSCL,HSCL,MID_CAP,614.9,-3.19,2.21,34.82,32.7,85.9,,15,6,,STRONG_BULLISH,SELL
CIEINDIA,CIEINDIA,MICRO_CAP,481.35,0.79,1.27,4.95,32.7,49.4,,6,11,,STRONG_BULLISH,SELL
KPITTECH,KPITTECH,MID_CAP,722.65,-3.47,-2.35,2.09,32.7,43.2,,9,6,,BULLISH,SELL
RCF,RCF,MICRO_CAP,131.75,-0.25,0.65,12.02,32.7,57.0,,4,10,,BULLISH,SELL
TRITURBINE,TRITURBINE,SMALL_CAP,574.1,3.01,-0.09,25.66,32.7,77.2,,11,13,,BULLISH,SELL
GROWW,GROWW,SMALL_CAP,208.03,-1.32,-2.55,24.86,32.7,53.8,,10,6,,STRONG_BULLISH,SELL
GOLDBEES,GOLDBEES,MICRO_CAP,124.47,0.36,2.38,2.21,32.7,44.8,,2,11,,BULLISH,SELL
FUSION,FUSION,SMALL_CAP,221.46,1.18,17.04,46.53,32.7,84.9,,14,4,,BULLISH,SELL
FEDERALBNK,Federal Bank Limited,SMALL_CAP,297.05,1.38,4.32,7.96,32.7,66.6,,6,8,,STRONG_BULLISH,SELL
EDELWEISS,EDELWEISS,MICRO_CAP,119.96,-0.1,-3.21,11.61,32.7,53.6,,8,6,,STRONG_BULLISH,SELL
EBGNG,EBGNG,SMALL_CAP,441.7,1.8,7.29,17.98,32.7,56.8,,11,4,,STRONG_BULLISH,SELL
CUB,CUB,SMALL_CAP,270.85,-0.79,-2.35,8.99,32.7,67.0,,8,10,,STRONG_BULLISH,SELL
STALLION,STALLION,MICRO_CAP,166.49,1.51,7.21,37.13,32.7,65.0,,8,9,,BULLISH,SELL
STARCEMENT,STARCEMENT,MICRO_CAP,238.56,1.78,5.29,13.8,32.7,66.3,,11,10,,BULLISH,SELL
STLTECH,STLTECH,SMALL_CAP,358.05,5.0,20.06,88.52,32.7,82.3,,15,6,,STRONG_BULLISH,SELL
INTELLECT,INTELLECT,MID_CAP,782.15,-0.29,5.73,17.2,32.7,70.8,,14,6,,BULLISH,SELL
MON100,MON100,MICRO_CAP,312.5,1.52,3.79,27.37,32.7,91.2,,15,6,,STRONG_BULLISH,SELL
JUBLFOOD,JUBLFOOD,SMALL_CAP,479.0,1.64,-1.32,15.94,32.7,61.0,,6,15,,STRONG_BEARISH,SELL
VIYASH,VIYASH,SMALL_CAP,221.75,0.96,7.02,14.09,32.7,64.7,,8,4,,BULLISH,SELL
ANTHEM,ANTHEM,MICRO_CAP,779.45,1.39,0.54,16.82,32.7,70.8,,8,10,,STRONG_BULLISH,SELL
TIPSMUSIC,TIPSMUSIC,SMALL_CAP,643.2,-1.46,-1.52,18.78,32.0,68.8,,11,6,,STRONG_BULLISH,SELL
BBOX,BBOX,MID_CAP,736.65,2.25,19.15,56.2,32.0,87.0,,16,4,,STRONG_BULLISH,SELL
FEDFINA,FEDFINA,MICRO_CAP,151.48,-0.8,1.84,11.61,32.0,61.7,,9,8,,STRONG_BULLISH,SELL
TORNTPHARM,Torrent Pharmaceuticals Limited,MID_CAP,4362.7,0.1,3.1,7.69,32.0,66.0,,8,8,,STRONG_BULLISH,SELL
CANFINHOME,CANFINHOME,MICRO_CAP,886.3,-1.88,1.67,8.37,32.0,56.0,,8,10,,STRONG_BULLISH,SELL
ONGC,Oil and Natural Gas Corporation Limited,SMALL_CAP,283.9,1.1,-5.81,-0.96,32.0,51.2,,5,6,,STRONG_BULLISH,SELL
GUJTHEM,GUJTHEM,MICRO_CAP,399.15,5.54,6.26,51.69,32.0,82.0,,13,14,,BULLISH,SELL
TATAINVEST,TATAINVEST,SMALL_CAP,732.5,0.82,2.08,23.44,32.0,60.8,,9,9,,BULLISH,SELL
HDFCNIFTY,HDFCNIFTY,MICRO_CAP,272.45,0.02,0.85,5.14,32.0,52.9,,4,15,,STRONG_BEARISH,SELL
HDFCSML250,HDFCSML250,MICRO_CAP,175.95,1.65,4.14,17.06,32.0,80.6,,9,13,,BULLISH,SELL
NIFTYETF,NIFTYETF,MICRO_CAP,262.58,0.01,0.46,5.15,32.0,52.6,,4,15,,STRONG_BEARISH,SELL
DRREDDY,DRREDDY,LARGE_CAP,1307.6,-0.26,-1.67,9.32,32.0,63.3,,8,12,,BULLISH,SELL
CAPILLARY,CAPILLARY,MICRO_CAP,553.55,-2.49,-1.28,9.49,32.0,48.5,,8,6,,BULLISH,SELL
KEC,KEC,MID_CAP,612.45,4.26,8.3,15.27,32.0,63.4,,7,4,,BULLISH,SELL
TARC,TARC,MICRO_CAP,140.05,2.14,5.25,22.03,32.0,59.5,,8,8,,BULLISH,SELL
KIRIINDUS,KIRIINDUS,MICRO_CAP,432.4,1.22,4.17,14.12,32.0,56.8,,7,9,,BULLISH,SELL
JAICORPLTD,JAICORPLTD,MICRO_CAP,121.64,0.06,2.59,24.47,32.0,61.3,,9,9,,BULLISH,SELL
PRESTIGE,PRESTIGE,MID_CAP,1483.5,1.94,3.47,21.39,32.0,74.4,,8,8,,BULLISH,SELL
SYNGENE,SYNGENE,SMALL_CAP,467.35,3.83,8.15,19.56,32.0,60.8,,10,16,,BULLISH,SELL
ATULAUTO,ATULAUTO,MICRO_CAP,493.3,-0.24,-0.02,19.65,32.0,63.8,,8,8,,STRONG_BULLISH,SELL
INDIACEM,INDIACEM,SMALL_CAP,411.3,2.58,2.35,12.95,32.0,49.9,,6,14,,STRONG_BULLISH,SELL
PATELRMART,PATELRMART,MICRO_CAP,211.65,1.57,0.64,20.46,32.0,65.6,,8,11,,BULLISH,SELL
SWANCORP,SWANCORP,SMALL_CAP,355.4,1.66,3.31,13.37,31.3,51.7,,3,15,,BEARISH,SELL
SHARDACROP,SHARDACROP,SMALL_CAP,1132.2,1.13,-1.6,15.81,31.3,54.1,,8,4,,STRONG_BULLISH,SELL
KNRCON,KNRCON,MICRO_CAP,134.95,1.95,3.74,18.22,31.3,63.7,,9,6,,BULLISH,SELL
DBL,DBL,MICRO_CAP,481.1,0.24,2.29,17.7,31.3,67.3,,9,10,,BULLISH,SELL
NITINSPIN,NITINSPIN,MICRO_CAP,493.0,-2.25,6.84,27.82,31.3,81.0,,15,4,,STRONG_BULLISH,SELL
KOPRAN,KOPRAN,MICRO_CAP,164.49,0.05,4.68,22.46,31.3,59.5,,13,6,,BULLISH,SELL
STYLEBAAZA,STYLEBAAZA,SMALL_CAP,416.95,0.82,9.64,46.63,31.3,89.2,,13,9,,STRONG_BULLISH,SELL
MAXHEALTH,MAXHEALTH,LARGE_CAP,1015.3,-0.06,0.86,8.89,31.3,59.5,,6,12,,STRONG_BEARISH,SELL
SAMMAANCAP,SAMMAANCAP,MICRO_CAP,151.78,1.34,7.58,4.55,31.3,44.6,,5,10,,STRONG_BULLISH,SELL
LIQUIDETF,LIQUIDETF,MICRO_CAP,1000.0,0.0,0.0,0.0,31.3,60.0,,4,8,,STRONG_BEARISH,SELL
MARINE,MARINE,MICRO_CAP,235.72,2.81,1.33,31.5,31.3,67.0,,13,6,,BULLISH,SELL
GOKULAGRO,GOKULAGRO,MICRO_CAP,237.0,0.34,3.74,20.32,31.3,77.1,,13,8,,STRONG_BULLISH,SELL
AXISGOLD,AXISGOLD,MICRO_CAP,125.55,0.36,2.57,2.42,31.3,45.6,,1,10,,BULLISH,SELL
ASIANENE,Asian Energy Services Limited,MICRO_CAP,296.15,-0.65,-6.51,5.92,31.3,50.0,,7,4,,STRONG_BULLISH,SELL
KALAMANDIR,KALAMANDIR,MICRO_CAP,119.67,2.62,17.05,30.2,31.3,78.8,,9,6,,BULLISH,SELL
PHOENIXLTD,PHOENIXLTD,MID_CAP,1829.5,-0.52,2.19,14.56,31.3,57.7,,8,8,,STRONG_BULLISH,SELL
JSFB,JSFB,SMALL_CAP,470.7,2.46,0.98,19.66,31.3,68.0,,13,6,,BULLISH,SELL
AUBANK,AUBANK,LARGE_CAP,1032.4,0.82,1.45,16.2,31.3,64.6,,8,8,,STRONG_BULLISH,SELL
HCG,HCG,MICRO_CAP,614.05,-1.06,7.67,15.25,31.3,73.9,,9,6,,BULLISH,SELL
RELIANCE,Reliance Industries Limited,LARGE_CAP,1436.2,-0.12,0.76,10.09,31.3,69.4,,6,8,,BULLISH,SELL
AWFIS,AWFIS,MICRO_CAP,366.4,0.55,4.42,30.21,31.3,51.9,,11,9,,BULLISH,SELL
HINDPETRO,Hindustan Petroleum Corporation Limited,SMALL_CAP,396.5,-0.68,4.18,19.64,31.3,69.1,,7,6,,STRONG_BEARISH,SELL
MAANALU,MAANALU,MICRO_CAP,149.52,0.25,0.42,16.24,31.3,54.2,,7,9,,STRONG_BULLISH,SELL
PICCADIL,PICCADIL,MICRO_CAP,634.4,3.3,3.8,18.04,30.7,63.4,,5,16,,BULLISH,SELL
PRINCEPIPE,PRINCEPIPE,MICRO_CAP,265.95,1.53,0.84,16.44,30.7,59.7,,8,8,,BULLISH,SELL
PDSL,PDSL,MICRO_CAP,300.2,4.29,8.2,4.04,30.7,49.6,,4,13,,STRONG_BEARISH,SELL
SILVERADD,SILVERADD,MICRO_CAP,241.6,2.22,6.93,9.02,30.7,52.3,,6,6,,BULLISH,SELL
TARIL,TARIL,SMALL_CAP,328.25,4.92,1.47,22.28,30.7,53.1,,9,8,,STRONG_BULLISH,SELL
NIFTYIETF,NIFTYIETF,SMALL_CAP,273.82,-0.13,0.74,5.13,30.7,52.6,,5,12,,STRONG_BEARISH,SELL
NIFTYBEES,NIFTYBEES,SMALL_CAP,275.17,-0.2,0.75,5.24,30.7,52.7,,5,12,,STRONG_BEARISH,SELL
OLECTRA,OLECTRA,SMALL_CAP,1269.8,-0.31,1.03,23.76,30.7,61.1,,13,8,,BULLISH,SELL
MUKANDLTD,MUKANDLTD,MICRO_CAP,139.28,0.93,1.6,8.29,30.7,52.2,,7,11,,BULLISH,SELL
PARADEEP,PARADEEP,MICRO_CAP,127.39,0.78,-2.82,10.16,30.7,57.4,,8,9,,BULLISH,SELL
SETFNIF50,SETFNIF50,SMALL_CAP,259.99,-0.15,0.74,5.08,30.7,52.4,,5,12,,STRONG_BEARISH,SELL
WONDERLA,WONDERLA,MID_CAP,526.55,-0.48,-0.02,0.2,30.7,22.5,,9,10,,STRONG_BEARISH,SELL
WELCORP,Welspun Corp Limited,MID_CAP,1299.2,1.13,2.52,47.78,30.7,89.7,,15,6,,STRONG_BULLISH,SELL
360ONE,360ONE,MID_CAP,1111.7,2.55,6.2,19.63,30.7,58.3,,8,10,,BULLISH,SELL
ZYDUSWELL,ZYDUSWELL,MICRO_CAP,503.75,-0.85,0.66,1.44,30.7,51.1,,9,8,,STRONG_BULLISH,SELL
MANYAVAR,MANYAVAR,MICRO_CAP,446.1,1.26,1.71,14.91,30.7,59.5,,8,11,,BULLISH,SELL
KSB,KSB,MICRO_CAP,895.25,1.49,-9.14,7.49,30.7,40.2,,13,4,,STRONG_BULLISH,SELL
KIOCL,KIOCL,MICRO_CAP,408.45,-0.16,-1.41,19.46,30.7,56.4,,11,8,,BULLISH,SELL
LIQUID1,LIQUID1,MID_CAP,1103.09,0.01,0.11,0.39,30.7,100.0,,6,12,,STRONG_BULLISH,SELL
HERITGFOOD,HERITGFOOD,MICRO_CAP,364.75,1.36,0.18,15.94,30.7,56.9,,9,10,,BULLISH,SELL
DBREALTY,DBREALTY,MICRO_CAP,140.35,1.7,34.96,49.88,30.7,77.9,,14,0,,BULLISH,SELL
JMFINANCIL,JMFINANCIL,MICRO_CAP,142.85,-0.13,4.41,18.41,30.7,66.1,,8,8,,BULLISH,SELL
ITCHOTELS,ITCHOTELS,MICRO_CAP,166.18,-1.72,3.8,13.22,30.7,56.9,,6,8,,BULLISH,SELL
LANDMARK,LANDMARK,MICRO_CAP,408.5,2.16,-0.35,-1.57,30.7,39.4,,8,10,,STRONG_BEARISH,SELL
EMMVEE,EMMVEE,SMALL_CAP,264.9,1.63,-8.92,14.91,30.7,52.4,,10,8,,STRONG_BULLISH,SELL
BALAMINES,BALAMINES,SMALL_CAP,1526.3,2.27,17.62,47.49,30.7,92.1,,14,6,,BULLISH,SELL
ADANIGREEN,Adani Green Energy Limited,LARGE_CAP,1365.0,0.89,9.66,47.51,30.7,89.8,,15,6,,STRONG_BULLISH,SELL
HDFCAMC,HDFCAMC,LARGE_CAP,2834.6,0.66,1.68,20.87,30.7,65.9,,8,8,,BULLISH,SELL
MEDIASSIST,MEDIASSIST,MICRO_CAP,377.65,4.73,14.15,11.11,30.7,54.8,,7,10,,STRONG_BEARISH,SELL
GODAVARIB,GODAVARIB,MICRO_CAP,309.4,-1.04,-3.22,1.49,30.7,45.7,,8,6,,STRONG_BULLISH,SELL
MASFIN,MASFIN,MICRO_CAP,347.25,1.27,6.55,16.02,30.7,76.3,,10,8,,STRONG_BULLISH,SELL
ICICIPRULI,ICICIPRULI,MID_CAP,562.9,2.33,7.35,8.95,30.7,52.0,,2,16,,STRONG_BEARISH,SELL
GROWWLIQID,GROWWLIQID,MICRO_CAP,108.94,0.01,0.1,0.37,30.7,100.0,,6,12,,STRONG_BULLISH,SELL
JUSTDIAL,JUSTDIAL,MICRO_CAP,544.85,1.0,2.25,2.62,30.0,50.3,,3,15,,STRONG_BEARISH,SELL
KPRMILL,KPRMILL,SMALL_CAP,978.0,2.38,5.46,16.32,30.0,86.4,,9,13,,BULLISH,SELL
TEXINFRA,TEXINFRA,MICRO_CAP,101.92,-0.34,5.33,3.17,30.0,50.7,,6,4,,STRONG_BEARISH,SELL
TBZ,TBZ,MICRO_CAP,148.08,-1.25,2.04,11.71,30.0,42.8,,7,6,,BULLISH,SELL
TANLA,TANLA,MID_CAP,574.0,2.13,6.31,34.71,30.0,65.7,,13,4,,BULLISH,SELL
CHAMBLFERT,CHAMBLFERT,SMALL_CAP,453.95,0.29,0.75,1.14,30.0,50.6,,3,10,,STRONG_BEARISH,SELL
GENESYS,GENESYS,MICRO_CAP,272.3,4.51,-0.6,16.28,30.0,55.3,,9,7,,STRONG_BEARISH,SELL
CHOLAFIN,CHOLAFIN,LARGE_CAP,1689.2,-1.33,8.75,19.38,30.0,67.6,,7,2,,STRONG_BULLISH,SELL
INOXGREEN,INOXGREEN,MICRO_CAP,192.8,-0.71,4.74,33.3,30.0,77.3,,9,6,,BULLISH,SELL
DALMIASUG,DALMIASUG,MICRO_CAP,388.4,0.73,2.78,3.11,30.0,54.5,,9,4,,STRONG_BULLISH,SELL
IEX,IEX,MICRO_CAP,133.81,3.09,6.16,5.39,30.0,49.1,,5,13,,STRONG_BEARISH,SELL
SHRIRAMFIN,SHRIRAMFIN,LARGE_CAP,1015.65,1.15,6.15,9.13,30.0,48.4,,5,8,,STRONG_BULLISH,SELL
EMIL,EMIL,MICRO_CAP,121.21,0.28,-4.68,27.71,30.0,69.8,,13,4,,BULLISH,SELL
IMFA,IMFA,SMALL_CAP,1467.5,1.35,-11.27,11.61,30.0,43.0,,11,2,,STRONG_BULLISH,SELL
SCODATUBES,SCODATUBES,MICRO_CAP,148.23,-0.53,-0.7,8.97,30.0,35.1,,8,6,,STRONG_BEARISH,SELL
SETL,SETL,MICRO_CAP,143.03,1.05,0.8,12.92,30.0,71.5,,7,9,,BULLISH,SELL
HEG,HEG,MID_CAP,594.15,0.15,-9.76,9.09,30.0,41.2,,9,4,,STRONG_BULLISH,SELL
WESTLIFE,WESTLIFE,MICRO_CAP,500.95,1.31,4.1,12.02,30.0,65.8,,7,13,,BULLISH,SELL
ABCAPITAL,ABCAPITAL,SMALL_CAP,369.0,-0.08,5.9,19.59,30.0,73.4,,10,2,,STRONG_BULLISH,SELL
VSTIND,VSTIND,MICRO_CAP,259.0,0.9,-0.02,21.56,30.0,67.5,,9,8,,BULLISH,SELL
SRM,SRM,MICRO_CAP,520.55,-0.93,2.28,24.74,29.3,50.8,,11,6,,BULLISH,SELL
INDUSTOWER,INDUSTOWER,SMALL_CAP,402.9,-1.32,-2.66,-4.79,29.3,42.4,,2,12,,BULLISH,SELL
GODREJPROP,GODREJPROP,LARGE_CAP,1878.6,0.61,0.88,17.05,29.3,63.2,,8,11,,BULLISH,SELL
MAHLIFE,MAHLIFE,MICRO_CAP,345.05,2.21,0.13,0.06,29.3,59.9,,4,11,,STRONG_BEARISH,SELL
SUPRIYA,SUPRIYA,MICRO_CAP,701.05,-0.46,0.4,14.79,29.3,69.7,,8,8,,BULLISH,SELL
GODFRYPHLP,Godfrey Phillips India Limited,LARGE_CAP,2340.4,1.4,2.86,21.25,29.3,67.0,,8,6,,BULLISH,SELL
RUPA,RUPA,MICRO_CAP,153.92,2.33,2.28,19.05,29.3,60.9,,9,11,,BULLISH,SELL
SKIPPER,SKIPPER,SMALL_CAP,482.3,-1.63,-0.7,33.82,29.3,73.0,,13,6,,BULLISH,SELL
LTF,L&T Finance Holdings Limited,SMALL_CAP,303.65,1.12,6.39,19.28,29.3,72.4,,10,6,,STRONG_BULLISH,SELL
FIVESTAR,FIVESTAR,SMALL_CAP,473.25,-2.35,-5.0,26.47,29.3,54.7,,9,6,,BULLISH,SELL
ITC,ITC Limited,SMALL_CAP,307.4,-1.06,-2.8,3.0,29.3,54.8,,5,8,,BULLISH,SELL
JAYKAY,JAYKAY,MICRO_CAP,170.18,-3.04,-5.95,21.54,29.3,57.3,,9,4,,BULLISH,SELL
PIRAMALFIN,PIRAMALFIN,SMALL_CAP,1915.6,-0.97,-4.85,12.58,29.3,66.9,,6,10,,STRONG_BULLISH,SELL
PRSMJOHNSN,PRSMJOHNSN,MICRO_CAP,133.55,0.25,0.98,8.91,29.3,70.2,,7,15,,BULLISH,SELL
SHALBY,SHALBY,MICRO_CAP,167.19,0.57,3.68,15.01,29.3,59.9,,8,9,,BULLISH,SELL
ASHOKA,ASHOKA,MICRO_CAP,140.05,1.47,3.97,24.53,29.3,54.0,,8,9,,BULLISH,SELL
RAINBOW,RAINBOW,SMALL_CAP,1292.2,0.69,2.21,5.29,29.3,58.2,,6,6,,STRONG_BEARISH,SELL
EUROPRATIK,EUROPRATIK,MICRO_CAP,277.75,-0.84,3.74,23.04,29.3,88.5,,8,8,,BULLISH,SELL
BLS,BLS,SMALL_CAP,291.9,1.81,4.57,8.27,29.3,43.2,,4,8,,STRONG_BEARISH,SELL
ABREL,ABREL,SMALL_CAP,1591.2,2.68,2.63,34.48,29.3,70.7,,11,6,,BULLISH,SELL
UTLSOLAR,UTLSOLAR,MICRO_CAP,286.35,0.07,-4.6,28.43,29.3,67.6,,10,6,,STRONG_BULLISH,SELL
KRBL,KRBL,MICRO_CAP,377.95,0.29,1.97,21.35,29.3,63.2,,8,8,,BULLISH,SELL
HIKAL,HIKAL,MICRO_CAP,212.9,0.74,12.56,28.89,29.3,73.5,,10,2,,BULLISH,SELL
BANDHANBNK,BANDHANBNK,SMALL_CAP,207.63,-0.6,4.7,39.23,29.3,84.6,,15,4,,STRONG_BULLISH,SELL
HDFCLIFE,HDFCLIFE,MID_CAP,625.4,3.14,5.22,7.51,29.3,47.4,,6,10,,STRONG_BEARISH,SELL
BLSE,BLSE,MICRO_CAP,200.81,0.87,9.01,27.81,29.3,72.0,,13,6,,BULLISH,SELL
INDUSINDBK,INDUSINDBK,MID_CAP,946.95,0.02,3.63,20.66,29.3,76.5,,10,6,,STRONG_BULLISH,SELL
WALCHANNAG,WALCHANNAG,SMALL_CAP,254.99,-1.13,7.04,63.11,29.3,85.2,,13,6,,STRONG_BULLISH,SELL
PVRINOX,PVRINOX,SMALL_CAP,1066.1,-0.26,-2.42,12.65,28.7,76.7,,8,10,,BULLISH,SELL
PSPPROJECT,PSPPROJECT,MICRO_CAP,850.95,2.92,10.01,32.52,28.7,83.7,,10,12,,BULLISH,SELL
PIIND,PIIND,MID_CAP,3101.5,0.99,0.34,9.79,28.7,48.6,,6,10,,BULLISH,SELL
SHAILY,SHAILY,SMALL_CAP,2673.8,1.62,5.78,27.78,28.7,86.6,,13,6,,STRONG_BULLISH,SELL
SHOPERSTOP,SHOPERSTOP,SMALL_CAP,358.5,5.71,21.75,24.85,28.7,80.3,,14,4,,STRONG_BEARISH,SELL
AIIL,AIIL,MICRO_CAP,490.05,3.31,0.69,18.87,28.7,64.6,,8,11,,STRONG_BEARISH,SELL
IRMENERGY,IRMENERGY,SMALL_CAP,320.5,0.38,-10.24,74.48,28.7,75.4,,13,6,,BULLISH,SELL
BSOFT,BSOFT,SMALL_CAP,362.2,-2.77,-1.95,-1.52,28.7,32.9,,5,10,,BULLISH,SELL
MARUTI,Maruti Suzuki India Limited,LARGE_CAP,13770.0,0.35,3.87,7.59,28.7,59.7,,5,9,,STRONG_BEARISH,SELL
TARSONS,TARSONS,MICRO_CAP,228.53,0.12,8.48,19.39,28.7,61.2,,12,6,,BULLISH,SELL
TRANSRAILL,TRANSRAILL,SMALL_CAP,586.5,-0.05,-3.6,15.76,28.7,59.4,,8,6,,BULLISH,SELL
LOTUSDEV,LOTUSDEV,MICRO_CAP,147.19,2.39,0.55,16.6,28.7,55.9,,4,4,,BULLISH,SELL
VINATIORGA,VINATIORGA,MICRO_CAP,1403.7,1.37,6.78,8.82,28.7,78.5,,6,11,,STRONG_BEARISH,SELL
WEBELSOLAR,WEBELSOLAR,MICRO_CAP,114.83,-4.2,-1.09,51.49,28.7,69.2,,13,6,,BULLISH,SELL
ERIS,ERIS,MICRO_CAP,1383.2,0.82,5.09,5.15,28.7,36.4,,4,13,,STRONG_BEARISH,SELL
LINC,LINC,MICRO_CAP,108.44,0.14,6.04,8.19,28.7,64.8,,9,2,,STRONG_BEARISH,SELL
IGL,IGL,MICRO_CAP,169.84,0.22,1.37,14.61,28.7,58.3,,6,10,,BULLISH,SELL
INDSWFTLAB,INDSWFTLAB,MICRO_CAP,139.75,-3.09,2.69,1.0,28.7,45.2,,1,10,,STRONG_BULLISH,SELL
FORTIS,FORTIS,MID_CAP,947.7,-0.96,1.34,12.81,28.7,73.0,,8,10,,BULLISH,SELL
LIQUIDBEES,LIQUIDBEES,LARGE_CAP,1000.0,0.0,0.0,0.0,28.7,50.0,,6,8,,BULLISH,SELL
LATENTVIEW,LATENTVIEW,SMALL_CAP,310.6,2.2,5.32,5.99,28.7,51.6,,5,7,,STRONG_BEARISH,SELL
BAJFINANCE,Bajaj Finance Limited,MID_CAP,972.75,-0.82,4.6,13.76,28.0,77.0,,6,6,,BULLISH,SELL
ADFFOODS,ADFFOODS,MICRO_CAP,266.8,-0.74,2.75,51.79,28.0,81.2,,11,6,,STRONG_BULLISH,SELL
GHCL,GHCL,MICRO_CAP,527.0,1.86,2.15,15.22,28.0,56.5,,9,8,,BULLISH,SELL
WELENT,WELENT,MICRO_CAP,524.45,-0.63,-2.9,19.41,28.0,71.7,,9,8,,BULLISH,SELL
IDEAFORGE,IDEAFORGE,MID_CAP,792.25,-2.46,31.6,97.18,28.0,85.7,,13,4,,STRONG_BULLISH,SELL
ICIL,ICIL,MICRO_CAP,291.1,0.26,7.51,17.97,28.0,63.8,,8,6,,BULLISH,SELL
GOPAL,GOPAL,MICRO_CAP,333.6,3.93,24.76,25.98,28.0,77.1,,10,2,,BULLISH,SELL
GPTINFRA,GPTINFRA,MICRO_CAP,117.65,-0.89,2.38,12.18,28.0,52.0,,4,6,,STRONG_BULLISH,SELL
ROLEXRINGS,ROLEXRINGS,MICRO_CAP,148.08,1.88,1.09,23.65,28.0,61.2,,8,6,,STRONG_BULLISH,SELL
ICICIAMC,ICICIAMC,LARGE_CAP,3301.7,0.26,-0.02,9.68,28.0,50.6,,4,11,,NEUTRAL,SELL
GREENPLY,GREENPLY,MICRO_CAP,266.65,0.93,-6.26,33.57,28.0,67.7,,11,6,,BULLISH,SELL
HINDUNILVR,HINDUNILVR,LARGE_CAP,2272.2,-1.94,-1.82,7.66,28.0,62.1,,6,10,,BULLISH,SELL
PREMEXPLN,PREMEXPLN,MICRO_CAP,559.45,-0.76,0.3,29.44,28.0,71.7,,11,6,,BULLISH,SELL
JSLL,JSLL,SMALL_CAP,738.45,-1.96,9.33,19.13,28.0,63.2,,7,0,,BULLISH,SELL
CPPLUS,CPPLUS,MID_CAP,2463.1,0.11,5.33,34.48,28.0,78.2,,10,6,,STRONG_BULLISH,SELL
DENTA,DENTA,MICRO_CAP,296.35,0.2,4.93,20.07,28.0,49.5,,11,6,,BULLISH,SELL
ARE&M,ARE&M,MID_CAP,897.4,1.86,0.78,24.0,28.0,72.2,,9,11,,BULLISH,SELL
VBL,VBL,MID_CAP,510.6,0.32,-2.39,27.38,28.0,70.1,,11,6,,BULLISH,SELL
COFORGE,COFORGE,LARGE_CAP,1285.3,0.38,6.75,4.44,28.0,46.7,,5,8,,STRONG_BEARISH,SELL
EMSLIMITED,EMSLIMITED,MICRO_CAP,369.3,0.79,4.86,27.45,28.0,62.3,,11,6,,BULLISH,SELL
ASHOKLEY,Ashok Leyland Limited,MICRO_CAP,170.78,1.78,3.05,11.67,28.0,41.6,,2,13,,STRONG_BEARISH,SELL
ANGELONE,ANGELONE,SMALL_CAP,322.6,1.81,3.03,31.08,28.0,67.1,,5,11,,STRONG_BEARISH,SELL
TEXRAIL,TEXRAIL,MICRO_CAP,114.89,0.73,8.06,26.8,28.0,69.2,,8,4,,BULLISH,SELL
BATAINDIA,BATAINDIA,MICRO_CAP,728.15,0.44,0.5,8.76,28.0,40.7,,5,11,,STRONG_BEARISH,SELL
SILVERAG,SILVERAG,MICRO_CAP,243.55,2.1,6.75,9.09,28.0,52.2,,1,8,,BEARISH,SELL
JBMA,JBMA,SMALL_CAP,624.2,0.94,-2.11,11.39,28.0,50.0,,7,8,,BULLISH,SELL
JARO,JARO,MICRO_CAP,418.7,2.32,-2.47,-1.73,28.0,33.1,,3,16,,STRONG_BEARISH,SELL
TNPL,TNPL,MICRO_CAP,157.0,-1.02,5.07,19.12,28.0,71.0,,11,6,,BULLISH,SELL
KITEX,KITEX,MICRO_CAP,171.38,0.5,4.09,9.94,28.0,52.9,,4,9,,STRONG_BEARISH,SELL
UPL,UPL,MID_CAP,650.45,-1.45,0.99,7.06,28.0,44.5,,5,8,,STRONG_BEARISH,SELL
VSSL,VSSL,MICRO_CAP,276.45,-0.93,-2.0,20.74,28.0,61.6,,9,6,,BULLISH,SELL
CHEMPLASTS,CHEMPLASTS,MICRO_CAP,233.69,1.51,-1.13,-7.69,27.3,48.2,,3,13,,STRONG_BEARISH,SELL
BLUESTARCO,BLUESTARCO,LARGE_CAP,1748.6,-3.21,-4.83,13.51,27.3,39.2,,8,8,,STRONG_BEARISH,SELL
TRUALT,TRUALT,MICRO_CAP,477.05,-0.53,-1.85,13.95,27.3,75.3,,8,8,,STRONG_BULLISH,SELL
AVANTEL,AVANTEL,MICRO_CAP,156.98,0.17,4.53,15.4,27.3,52.6,,7,4,,STRONG_BEARISH,SELL
URBANCO,URBANCO,MICRO_CAP,146.62,0.38,-0.56,20.02,27.3,65.1,,10,6,,BULLISH,SELL
SWSOLAR,SWSOLAR,SMALL_CAP,219.34,1.65,3.47,32.59,27.3,70.8,,8,11,,BULLISH,SELL
SAREGAMA,SAREGAMA,MICRO_CAP,349.85,-0.31,0.1,12.46,27.3,56.4,,6,10,,BULLISH,SELL
ARVINDFASN,Arvind Fashions Limited,SMALL_CAP,457.6,-4.67,3.38,6.74,27.3,43.7,,8,6,,STRONG_BEARISH,SELL
ADANIPOWER,Adani Power Limited,SMALL_CAP,230.19,0.47,4.98,40.91,27.3,85.4,,13,6,,STRONG_BULLISH,SELL
CRIZAC,CRIZAC,MICRO_CAP,220.02,1.51,6.1,9.87,27.3,39.3,,2,13,,BEARISH,SELL
SAFARI,SAFARI,SMALL_CAP,1537.9,4.0,7.26,3.9,27.3,48.6,,5,8,,STRONG_BEARISH,SELL
GMRP&UI,GMRP&UI,MICRO_CAP,110.83,0.02,3.39,13.86,27.3,54.5,,6,10,,BULLISH,SELL
DEEPINDS,DEEPINDS,MICRO_CAP,465.35,1.7,-3.68,-2.27,27.3,39.7,,9,6,,STRONG_BULLISH,SELL
DSSL,DSSL,SMALL_CAP,1364.9,0.15,29.72,48.67,27.3,90.1,,16,0,,STRONG_BULLISH,SELL
GAIL,GAIL,MICRO_CAP,167.26,0.95,0.97,15.05,27.3,71.2,,6,13,,BULLISH,SELL
FSL,FSL,SMALL_CAP,235.18,-3.38,9.65,3.42,27.3,44.6,,6,6,,STRONG_BEARISH,SELL
FRACTAL,FRACTAL,LARGE_CAP,1101.55,6.33,17.5,38.71,27.3,75.5,,11,6,,BULLISH,SELL
AGIIL,AGIIL,SMALL_CAP,370.8,-0.48,-5.88,18.41,27.3,54.1,,11,2,,STRONG_BULLISH,SELL
EIHOTEL,EIHOTEL,MICRO_CAP,334.95,0.53,3.6,12.59,27.3,62.4,,6,10,,BULLISH,SELL
SGMART,SGMART,MICRO_CAP,553.8,2.05,-0.3,10.44,27.3,51.1,,8,4,,STRONG_BULLISH,SELL
MOIL,MOIL,SMALL_CAP,316.6,1.02,-5.08,6.15,27.3,43.0,,6,11,,BULLISH,SELL
HGINFRA,HGINFRA,MICRO_CAP,628.9,0.16,3.67,29.75,27.3,53.6,,8,6,,BULLISH,SELL
RAMRAT,RAMRAT,MICRO_CAP,454.0,1.27,5.72,46.03,27.3,78.7,,13,6,,BULLISH,SELL
PNCINFRA,PNCINFRA,MICRO_CAP,223.76,2.06,3.5,30.3,27.3,72.9,,8,6,,BULLISH,SELL
INDHOTEL,INDHOTEL,MID_CAP,669.1,0.44,3.79,11.44,27.3,57.4,,6,6,,STRONG_BEARISH,SELL
JKIL,JKIL,MICRO_CAP,517.75,0.75,0.33,12.15,27.3,63.7,,6,13,,BULLISH,SELL
PCBL,PCBL,SMALL_CAP,304.45,-0.46,1.91,17.09,27.3,64.3,,8,8,,BULLISH,SELL
QGOLDHALF,QGOLDHALF,MICRO_CAP,124.84,0.55,2.58,2.49,27.3,46.3,,2,8,,BULLISH,SELL
JTEKTINDIA,JTEKTINDIA,MICRO_CAP,140.97,-0.62,2.18,10.57,27.3,67.5,,7,4,,BULLISH,SELL
JUNIPER,JUNIPER,MICRO_CAP,212.9,-0.12,1.82,4.29,27.3,45.3,,4,8,,STRONG_BEARISH,SELL
KHADIM,KHADIM,MICRO_CAP,112.24,-0.93,10.37,32.84,27.3,60.0,,8,4,,STRONG_BEARISH,SELL
KIMS,KIMS,SMALL_CAP,706.85,0.94,6.25,10.5,27.3,64.0,,6,6,,BULLISH,SELL
KMEW,KMEW,SMALL_CAP,2161.4,-0.94,20.06,30.14,27.3,68.1,,13,0,,BULLISH,SELL
IREDA,IREDA,MICRO_CAP,135.56,-0.62,-1.2,17.19,27.3,59.8,,9,8,,BULLISH,SELL
LENSKART,LENSKART,SMALL_CAP,487.75,-3.08,-6.19,-2.58,27.3,23.9,,5,8,,BULLISH,SELL
MAHLOG,MAHLOG,MICRO_CAP,400.85,0.75,-2.0,12.95,27.3,42.6,,6,6,,STRONG_BULLISH,SELL
RAYMONDLSL,RAYMONDLSL,MID_CAP,812.15,-1.96,0.78,3.19,27.3,52.3,,6,4,,STRONG_BEARISH,SELL
NCC,NCC,MICRO_CAP,170.08,-0.08,3.14,21.24,27.3,73.0,,11,8,,BULLISH,SELL
M&MFIN,M&MFIN,SMALL_CAP,328.45,0.34,2.58,18.36,27.3,65.9,,10,6,,BULLISH,SELL
UNIVCABLES,UNIVCABLES,SMALL_CAP,1076.1,1.44,29.58,54.46,26.7,80.7,,14,2,,STRONG_BULLISH,SELL
CRISIL,CRISIL,SMALL_CAP,4152.0,-0.08,-3.84,10.12,26.7,52.1,,4,10,,BULLISH,SELL
MANAPPURAM,MANAPPURAM,SMALL_CAP,316.3,2.05,7.09,23.53,26.7,87.7,,8,8,,STRONG_BULLISH,SELL
PNBHOUSING,PNBHOUSING,MID_CAP,1051.6,-1.27,-0.14,28.71,26.7,81.9,,13,6,,BULLISH,SELL
SHILPAMED,SHILPAMED,MICRO_CAP,441.7,-0.05,9.32,12.87,26.7,65.7,,11,0,,STRONG_BULLISH,SELL
SHYAMMETL,SHYAMMETL,MICRO_CAP,884.05,-1.0,0.04,7.57,26.7,54.7,,6,6,,BULLISH,SELL
ADVENZYMES,ADVENZYMES,MICRO_CAP,359.85,1.1,6.54,27.88,26.7,81.2,,11,4,,STRONG_BULLISH,SELL
DDEVPLSTIK,DDEVPLSTIK,MICRO_CAP,248.6,-1.31,-1.67,17.02,26.7,59.5,,8,8,,STRONG_BEARISH,SELL
CYIENTDLM,CYIENTDLM,MICRO_CAP,424.8,2.14,7.56,49.52,26.7,85.6,,13,6,,BULLISH,SELL
AFCONS,AFCONS,MICRO_CAP,336.85,0.16,3.19,16.58,26.7,44.6,,9,6,,BULLISH,SELL
AGI,AGI,MICRO_CAP,634.5,-0.59,-0.51,26.93,26.7,63.2,,11,4,,BULLISH,SELL
COLPAL,Colgate-Palmolive (India) Limited,SMALL_CAP,2167.0,0.46,1.62,17.11,26.7,71.4,,8,10,,BULLISH,SELL
ULTRACEMCO,UltraTech Cement Limited,LARGE_CAP,12146.0,0.44,2.65,11.06,26.7,60.1,,4,8,,BULLISH,SELL
VMM,VMM,MICRO_CAP,125.42,0.98,2.08,11.46,26.7,66.6,,7,8,,BULLISH,SELL
OPTIEMUS,OPTIEMUS,MICRO_CAP,443.35,-1.03,5.22,37.37,26.7,64.0,,9,6,,BULLISH,SELL
TITAGARH,TITAGARH,MID_CAP,844.3,-0.25,7.38,21.44,26.7,77.3,,11,4,,BULLISH,SELL
FLUOROCHEM,FLUOROCHEM,SMALL_CAP,3798.4,-0.32,13.0,17.38,26.7,77.5,,11,4,,BULLISH,SELL
OFSS,OFSS,LARGE_CAP,9498.5,-2.02,-1.96,32.07,26.7,84.6,,13,6,,BULLISH,SELL
TRENT,TRENT,LARGE_CAP,4294.1,0.1,1.56,12.32,26.7,61.4,,7,8,,BULLISH,SELL
APOLLO,Apollo Tyres Limited,SMALL_CAP,314.55,0.58,6.14,58.85,26.7,81.9,,13,6,,BULLISH,SELL
BALMLAWRIE,BALMLAWRIE,MICRO_CAP,196.77,0.25,6.45,22.35,26.7,84.3,,11,8,,BULLISH,SELL
OIL,OIL,SMALL_CAP,452.85,0.58,-8.12,-6.03,26.7,45.3,,1,6,,STRONG_BULLISH,SELL
ELECON,ELECON,SMALL_CAP,562.65,0.9,15.24,42.46,26.7,85.0,,13,6,,BULLISH,SELL
RKFORGE,RKFORGE,SMALL_CAP,622.0,-0.15,3.87,22.77,26.7,84.0,,9,6,,STRONG_BULLISH,SELL
HAPPSTMNDS,HAPPSTMNDS,SMALL_CAP,388.25,0.13,4.55,2.77,26.7,55.6,,5,6,,STRONG_BEARISH,SELL
GARUDA,Garuda Construction Limited,SMALL_CAP,201.64,2.5,17.16,31.18,26.7,72.3,,10,0,,BULLISH,SELL
ANANTRAJ,ANANTRAJ,MID_CAP,555.9,-0.13,13.24,20.99,26.0,61.4,,9,0,,BULLISH,SELL
COHANCE,COHANCE,SMALL_CAP,484.85,0.75,3.7,61.32,26.0,70.5,,13,4,,BULLISH,SELL
SRF,SRF,LARGE_CAP,2771.3,1.9,8.95,15.66,26.0,74.3,,9,6,,STRONG_BEARISH,SELL
TAJGVK,TAJGVK,MICRO_CAP,337.75,1.58,6.92,5.65,26.0,54.0,,4,6,,STRONG_BEARISH,SELL
NEWGEN,NEWGEN,MID_CAP,500.65,1.54,4.27,11.89,26.0,58.4,,6,11,,BULLISH,SELL
SURYAROSNI,SURYAROSNI,MICRO_CAP,269.65,-0.2,11.62,29.34,26.0,73.9,,13,4,,BULLISH,SELL
SUNTECK,SUNTECK,MICRO_CAP,348.15,-0.9,-1.93,15.72,26.0,55.3,,8,8,,STRONG_BEARISH,SELL
CIPLA,CIPLA,LARGE_CAP,1362.3,-0.15,3.39,13.3,26.0,79.9,,8,12,,STRONG_BEARISH,SELL
LODHA,LODHA,MID_CAP,967.35,1.92,5.99,34.79,26.0,66.9,,8,4,,BULLISH,SELL
MAPMYINDIA,MAPMYINDIA,MICRO_CAP,968.1,1.64,4.19,9.56,26.0,60.1,,4,6,,STRONG_BEARISH,SELL
BLUEJET,BLUEJET,SMALL_CAP,490.35,0.18,9.98,37.14,26.0,79.1,,13,4,,BULLISH,SELL
IRCTC,IRCTC,MID_CAP,568.5,-0.74,3.34,10.13,26.0,57.8,,6,6,,BULLISH,SELL
IOC,Indian Oil Corporation Limited,MICRO_CAP,146.89,-0.89,1.87,9.26,26.0,56.3,,2,8,,BULLISH,SELL
VOLTAS,VOLTAS,LARGE_CAP,1363.9,-1.14,-7.52,11.78,26.0,44.2,,3,8,,STRONG_BULLISH,SELL
M&M,Mahindra & Mahindra Limited,LARGE_CAP,3370.7,2.12,6.93,12.11,26.0,59.9,,7,6,,STRONG_BEARISH,SELL
CSBBANK,CSBBANK,SMALL_CAP,356.95,-4.03,-8.84,-4.52,26.0,30.7,,5,6,,BULLISH,SELL
PURVA,PURVA,MICRO_CAP,221.82,-0.07,2.22,27.39,26.0,46.8,,8,6,,BULLISH,SELL
JSWCEMENT,JSWCEMENT,MICRO_CAP,125.01,-0.2,0.57,4.05,26.0,46.6,,0,10,,BULLISH,SELL
LICMFGOLD,LICMFGOLD,MICRO_CAP,135.45,-0.07,2.15,2.15,26.0,45.1,,1,10,,STRONG_BEARISH,SELL
SOBHA,SOBHA,SMALL_CAP,1451.0,-0.06,0.09,18.09,25.3,79.9,,8,8,,BULLISH,SELL
WAAREEENER,WAAREEENER,LARGE_CAP,3226.6,0.05,-7.89,4.63,25.3,38.5,,7,8,,BULLISH,SELL
STOVEKRAFT,STOVEKRAFT,MICRO_CAP,549.1,-1.61,0.96,12.94,25.3,44.4,,5,8,,STRONG_BEARISH,SELL
ARSSBL,ARSSBL,MICRO_CAP,586.95,-0.89,-2.35,24.25,25.3,54.7,,8,6,,BULLISH,SELL
JIOFIN,JIOFIN,SMALL_CAP,251.02,-0.56,0.12,6.67,25.3,58.2,,4,12,,BULLISH,SELL
DIXON,DIXON,LARGE_CAP,11048.0,-2.22,-2.45,9.21,25.3,44.6,,4,10,,BULLISH,SELL
CREDITACC,Credit Access Grameen Limited,MID_CAP,1490.4,1.28,15.61,21.89,25.3,79.2,,11,2,,BULLISH,SELL
SHILCTECH,SHILCTECH,SMALL_CAP,4389.5,5.19,-13.21,7.17,25.3,43.2,,7,2,,BULLISH,SELL
IRFC,IRFC,MICRO_CAP,106.77,0.03,1.61,14.89,25.3,62.9,,6,10,,BULLISH,SELL
BANKBEES,BANKBEES,SMALL_CAP,577.66,0.03,1.07,6.2,25.3,50.1,,4,10,,STRONG_BEARISH,SELL
RAMCOCEM,Ramco Cements Limited,MID_CAP,959.95,2.68,1.66,1.63,25.3,37.4,,5,10,,STRONG_BEARISH,SELL
AARTIDRUGS,AARTIDRUGS,MICRO_CAP,397.65,-0.7,6.51,11.42,25.3,65.5,,7,6,,BULLISH,SELL
GRASIM,GRASIM,LARGE_CAP,2960.6,1.57,5.62,12.96,25.3,85.1,,6,11,,BULLISH,SELL
ETERNAL,ETERNAL,SMALL_CAP,257.42,0.54,1.33,10.97,25.3,55.2,,6,10,,BULLISH,SELL
IPL,IPL,MICRO_CAP,162.47,2.75,8.65,16.0,25.3,65.3,,9,4,,BULLISH,SELL
UBL,United Breweries Limited,LARGE_CAP,1428.2,1.09,-2.82,-2.65,25.3,42.4,,5,8,,STRONG_BEARISH,SELL
BLUESTONE,BLUESTONE,MICRO_CAP,502.75,-0.73,-1.71,18.88,25.3,42.0,,6,6,,STRONG_BULLISH,SELL
LEMONTREE,LEMONTREE,MICRO_CAP,121.81,-0.16,2.69,11.19,25.3,63.8,,6,10,,BULLISH,SELL
MOTILALOFS,MOTILALOFS,MID_CAP,891.3,1.09,13.55,27.54,25.3,74.0,,11,2,,BULLISH,SELL
KALYANKJIL,KALYANKJIL,SMALL_CAP,411.15,-1.08,-0.3,-0.77,25.3,27.8,,4,10,,STRONG_BEARISH,SELL
TATACOMM,TATACOMM,SMALL_CAP,1593.5,0.16,-0.54,13.95,25.3,54.8,,6,10,,BULLISH,SELL
LICI,LICI,MID_CAP,811.15,0.48,-0.16,9.14,25.3,31.1,,4,10,,STRONG_BEARISH,SELL
ADANIENT,Adani Enterprises Limited,LARGE_CAP,2513.7,-1.05,3.62,33.56,25.3,82.5,,11,6,,BULLISH,SELL
RALLIS,RALLIS,MICRO_CAP,264.7,0.28,0.75,4.57,24.7,51.3,,4,8,,BULLISH,SELL
TATACHEM,TATACHEM,MID_CAP,805.35,-1.3,0.7,29.17,24.7,77.0,,11,4,,BULLISH,SELL
AURIONPRO,AURIONPRO,MICRO_CAP,869.55,-1.23,0.51,9.51,24.7,36.7,,5,8,,STRONG_BEARISH,SELL
GOLD1,GOLD1,MICRO_CAP,125.65,0.45,2.38,2.23,24.7,45.9,,1,10,,BULLISH,SELL
IKS,IKS,SMALL_CAP,1695.7,1.81,8.85,20.11,24.7,70.5,,8,4,,BULLISH,SELL
NIACL,NIACL,MICRO_CAP,164.99,0.59,2.11,32.78,24.7,37.6,,9,6,,BULLISH,SELL
OBEROIRLTY,OBEROIRLTY,SMALL_CAP,1675.0,0.1,-1.49,7.35,24.7,43.0,,7,8,,STRONG_BEARISH,SELL
PARKHOTELS,PARKHOTELS,MICRO_CAP,132.01,-0.04,6.81,18.47,24.7,65.2,,8,4,,BULLISH,SELL
LIQUIDIETF,LIQUIDIETF,SMALL_CAP,999.99,0.0,0.0,0.0,24.7,50.0,,3,12,,STRONG_BEARISH,SELL
KCP,KCP,MICRO_CAP,179.81,-1.72,-0.08,16.98,24.7,75.8,,9,6,,BULLISH,SELL
COROMANDEL,COROMANDEL,LARGE_CAP,1965.0,-2.63,-2.14,-2.28,24.7,32.2,,5,10,,STRONG_BEARISH,SELL
LALPATHLAB,Dr. Lal PathLabs Limited,MID_CAP,1565.5,-1.31,12.0,14.84,24.7,66.0,,11,4,,BULLISH,SELL
VERANDA,VERANDA,MICRO_CAP,222.8,0.36,13.17,61.3,24.7,85.4,,12,4,,BULLISH,SELL
QUESS,QUESS,SMALL_CAP,226.86,1.81,11.75,24.4,24.7,73.3,,11,4,,BULLISH,SELL
CASTROLIND,CASTROLIND,MICRO_CAP,185.52,-0.28,0.48,3.96,24.7,71.0,,4,12,,STRONG_BEARISH,SELL
BSLGOLDETF,BSLGOLDETF,MICRO_CAP,132.18,0.28,2.26,2.03,24.7,43.9,,1,10,,BULLISH,SELL
TATATECH,TATATECH,MID_CAP,629.25,0.25,9.97,14.71,24.7,63.8,,8,4,,BULLISH,SELL
CLEAN,CLEAN,SMALL_CAP,876.9,2.07,6.65,26.64,24.7,80.4,,11,8,,BULLISH,SELL
INDRAMEDCO,INDRAMEDCO,MICRO_CAP,416.5,0.13,3.34,0.24,24.7,45.1,,3,10,,STRONG_BEARISH,SELL
NATIONALUM,National Aluminium Company Limited,SMALL_CAP,403.5,-0.75,-6.88,-2.0,24.7,36.9,,9,2,,STRONG_BULLISH,SELL
DMART,DMART,LARGE_CAP,4386.5,-1.03,-4.5,-1.78,24.7,47.7,,7,4,,BULLISH,SELL
SHRINGARMS,SHRINGARMS,SMALL_CAP,216.92,3.19,6.35,19.82,24.7,78.7,,5,8,,BEARISH,SELL
SHREEJISPG,SHREEJISPG,SMALL_CAP,420.1,-1.43,4.72,22.93,24.7,77.3,,5,6,,STRONG_BULLISH,SELL
RECLTD,RECLTD,SMALL_CAP,359.75,0.18,-1.05,9.23,24.7,46.5,,4,6,,BULLISH,SELL
HIRECT,HIRECT,MICRO_CAP,948.45,5.65,2.56,40.01,24.7,61.4,,5,6,,STRONG_BEARISH,SELL
WHIRLPOOL,WHIRLPOOL,SMALL_CAP,978.65,0.91,-1.55,19.17,24.7,80.5,,9,11,,BULLISH,SELL
WOCKPHARMA,WOCKPHARMA,LARGE_CAP,1637.5,-4.62,17.66,26.19,24.7,72.5,,12,0,,BULLISH,SELL
INDIGO,INDIGO,LARGE_CAP,4506.9,-0.29,3.72,5.58,24.7,44.4,,4,6,,STRONG_BEARISH,SELL
CAMS,CAMS,MID_CAP,835.9,2.46,9.9,24.26,24.0,76.9,,11,6,,BULLISH,SELL
GODREJCP,Godrej Consumer Products Limited,LARGE_CAP,1036.6,-5.26,-4.9,0.72,24.0,41.1,,5,6,,STRONG_BEARISH,SELL
CANTABIL,CANTABIL,MICRO_CAP,238.71,-1.6,-3.53,4.46,24.0,34.8,,1,12,,BULLISH,SELL
GREENPANEL,GREENPANEL,MICRO_CAP,230.05,-0.61,3.57,23.09,24.0,60.4,,9,2,,BULLISH,SELL
SENCO,SENCO,MICRO_CAP,343.7,-0.23,8.47,8.78,24.0,62.3,,4,4,,BULLISH,SELL
ORIENTHOT,ORIENTHOT,MICRO_CAP,108.41,2.06,8.3,19.64,24.0,69.8,,9,2,,BULLISH,SELL
SSWL,SSWL,MICRO_CAP,213.86,-0.31,-0.77,11.86,24.0,50.6,,6,8,,STRONG_BEARISH,SELL
BPCL,Bharat Petroleum Corporation Limited,SMALL_CAP,307.6,-2.05,1.22,10.87,24.0,49.7,,2,8,,STRONG_BEARISH,SELL
TALBROAUTO,TALBROAUTO,MICRO_CAP,330.15,1.27,2.89,32.48,24.0,80.4,,11,4,,BULLISH,SELL
TENNIND,TENNIND,SMALL_CAP,649.15,-0.34,9.07,18.77,24.0,71.5,,8,2,,STRONG_BULLISH,SELL
UGROCAP,UGROCAP,MICRO_CAP,110.1,-0.38,2.2,18.91,24.0,58.9,,8,6,,BULLISH,SELL
JYOTHYLAB,JYOTHYLAB,MICRO_CAP,258.5,0.41,-2.6,21.16,24.0,73.5,,9,6,,BULLISH,SELL
EPACK,EPACK,SMALL_CAP,275.0,1.38,-3.16,24.52,24.0,59.8,,9,2,,BULLISH,SELL
THELEELA,THELEELA,SMALL_CAP,420.75,-1.12,-1.38,1.61,24.0,44.1,,3,6,,BULLISH,SELL
AARTIPHARM,AARTIPHARM,MICRO_CAP,777.65,-1.37,9.67,19.69,24.0,64.5,,9,2,,BULLISH,SELL
HDFCBANK,HDFC Bank Limited,MID_CAP,796.05,-0.06,2.19,3.12,24.0,50.3,,1,12,,STRONG_BEARISH,SELL
ANTELOPUS,ANTELOPUS,MICRO_CAP,669.05,-1.99,-0.55,-4.42,24.0,62.8,,2,6,,STRONG_BULLISH,SELL
DCBBANK,DCB Bank Limited,MICRO_CAP,186.36,-1.8,-3.44,6.88,24.0,48.2,,5,6,,BULLISH,SELL
ZYDUSLIFE,ZYDUSLIFE,SMALL_CAP,940.3,0.16,3.23,7.65,24.0,50.4,,6,8,,STRONG_BEARISH,SELL
INDGN,INDGN,MICRO_CAP,531.4,-0.3,7.26,14.37,24.0,70.6,,7,4,,BULLISH,SELL
SOUTHWEST,SOUTHWEST,MICRO_CAP,221.81,-1.1,-7.38,1.75,24.0,38.8,,6,4,,STRONG_BULLISH,SELL
PARKHOSPS,PARKHOSPS,MICRO_CAP,245.99,0.11,4.62,25.47,24.0,83.1,,10,11,,BULLISH,SELL
POLYMED,POLYMED,MICRO_CAP,1679.9,1.47,10.67,20.86,23.3,70.9,,13,0,,BULLISH,SELL
VINCOFE,VINCOFE,MICRO_CAP,139.65,0.4,3.04,2.65,23.3,47.5,,3,8,,STRONG_BEARISH,SELL
SHADOWFAX,SHADOWFAX,MICRO_CAP,170.02,1.63,2.4,43.77,23.3,75.6,,10,6,,BULLISH,SELL
MBEL,MBEL,MICRO_CAP,326.5,1.52,-2.47,9.76,23.3,49.7,,3,6,,BULLISH,SELL
JSL,JSL,SMALL_CAP,766.6,0.04,-2.02,6.4,23.3,36.2,,4,12,,BULLISH,SELL
BALUFORGE,BALUFORGE,SMALL_CAP,557.65,-0.24,8.62,23.89,23.3,74.4,,11,2,,BULLISH,SELL
SOTL,SOTL,MICRO_CAP,420.15,-0.15,15.09,31.46,23.3,81.5,,12,2,,BULLISH,SELL
IKIO,IKIO,MICRO_CAP,173.26,-1.44,5.91,39.78,23.3,73.2,,11,2,,BULLISH,SELL
SPANDANA,SPANDANA,SMALL_CAP,279.05,3.96,22.03,37.33,23.3,78.1,,10,0,,BULLISH,SELL
EFCIL,EFCIL,MICRO_CAP,193.77,1.54,1.54,0.39,23.3,43.8,,3,7,,STRONG_BEARISH,SELL
LIQUID,LIQUID,SMALL_CAP,999.99,0.0,0.0,0.0,23.3,0.0,,0,12,,STRONG_BULLISH,SELL
SIGNATURE,SIGNATURE,SMALL_CAP,903.75,1.93,4.72,16.55,23.3,73.7,,6,8,,STRONG_BEARISH,SELL
DOLLAR,DOLLAR,MICRO_CAP,300.3,-0.38,-1.17,23.55,23.3,59.9,,8,6,,BULLISH,SELL
SYMPHONY,SYMPHONY,MICRO_CAP,808.9,-1.19,-5.97,12.48,23.3,49.3,,6,8,,BULLISH,SELL
METROPOLIS,METROPOLIS,MICRO_CAP,505.6,-0.16,5.6,16.39,23.3,71.1,,6,6,,STRONG_BEARISH,SELL
ADSL,ADSL,MICRO_CAP,133.93,1.0,15.42,27.39,22.7,64.6,,9,0,,BULLISH,SELL
AYE,AYE,MICRO_CAP,141.78,-2.67,1.6,57.41,22.7,67.2,,6,6,,BULLISH,SELL
ELIN,ELIN,MICRO_CAP,130.25,-2.53,4.9,20.19,22.7,60.3,,8,4,,BULLISH,SELL
FORCEMOT,FORCEMOT,LARGE_CAP,20702.0,2.62,-1.35,3.93,22.7,37.2,,1,10,,BULLISH,SELL
SILVERBETA,SILVERBETA,MICRO_CAP,241.77,2.05,6.83,8.87,22.7,52.0,,2,6,,BEARISH,SELL
GANECOS,GANECOS,MICRO_CAP,1034.2,0.03,-2.35,-6.71,22.7,42.3,,9,2,,BULLISH,SELL
LEMERITE,LEMERITE,MICRO_CAP,442.5,-0.84,0.37,-1.52,22.7,54.3,,3,8,,NEUTRAL,SELL
V2RETAIL,V2RETAIL,SMALL_CAP,215.92,3.68,8.05,13.43,22.7,69.5,,4,4,,STRONG_BEARISH,SELL
DEVYANI,DEVYANI,MICRO_CAP,118.89,-1.74,-6.82,19.58,22.7,60.3,,8,4,,BULLISH,SELL
TIMETECHNO,TIMETECHNO,MICRO_CAP,187.09,-0.42,1.58,12.42,22.7,39.4,,4,8,,STRONG_BEARISH,SELL
DIGITIDE,DIGITIDE,MICRO_CAP,100.83,-2.47,2.09,14.96,22.7,55.5,,8,4,,BULLISH,SELL
POONAWALLA,POONAWALLA,SMALL_CAP,455.7,0.89,8.18,12.59,22.0,80.4,,6,6,,BULLISH,SELL
FIRSTCRY,FIRSTCRY,SMALL_CAP,238.71,-0.48,-1.0,-1.79,22.0,40.8,,6,6,,STRONG_BEARISH,SELL
TMPV,TMPV,SMALL_CAP,359.25,0.31,1.86,16.38,22.0,52.1,,3,8,,BEARISH,SELL
SHAREINDIA,SHAREINDIA,MICRO_CAP,148.43,1.3,5.87,12.08,22.0,51.2,,7,4,,STRONG_BEARISH,SELL
ONWARDTEC,ONWARDTEC,MICRO_CAP,248.95,1.68,4.73,4.21,22.0,42.0,,4,8,,STRONG_BEARISH,SELL
ORIENTCEM,ORIENTCEM,MICRO_CAP,144.22,0.89,-2.41,8.31,22.0,48.5,,4,8,,BULLISH,SELL
CANBK,Canara Bank,MICRO_CAP,135.93,-1.53,-0.82,4.96,22.0,38.0,,2,8,,STRONG_BEARISH,SELL
ASKAUTOLTD,ASKAUTOLTD,MICRO_CAP,455.2,-1.05,4.0,5.09,22.0,61.7,,4,4,,BULLISH,SELL
CHOLAHLDNG,CHOLAHLDNG,SMALL_CAP,1755.0,1.28,13.34,25.66,22.0,71.0,,6,5,,BULLISH,SELL
SIRCA,SIRCA,MICRO_CAP,425.35,-0.07,-0.58,5.77,22.0,39.9,,1,12,,STRONG_BEARISH,SELL
DCAL,DCAL,MICRO_CAP,192.23,1.69,6.03,27.54,22.0,74.1,,8,6,,BULLISH,SELL
SOLARWORLD,SOLARWORLD,MICRO_CAP,213.21,0.74,6.32,26.45,22.0,59.4,,5,6,,BULLISH,SELL
UNITDSPR,UNITDSPR,LARGE_CAP,1279.8,-0.81,-6.13,3.37,21.3,54.7,,1,10,,BULLISH,SELL
SAPPHIRE,SAPPHIRE,MICRO_CAP,187.99,0.42,-9.37,18.57,21.3,59.4,,8,2,,BULLISH,SELL
JINDRILL,JINDRILL,MICRO_CAP,534.6,1.74,-1.57,-3.85,21.3,45.3,,7,6,,STRONG_BEARISH,SELL
KOTAKBANK,Kotak Mahindra Bank Limited,SMALL_CAP,379.4,0.74,-0.68,4.53,21.3,50.2,,1,8,,STRONG_BEARISH,SELL
STANLEY,STANLEY,MICRO_CAP,173.82,-3.29,21.81,35.92,21.3,69.1,,8,2,,STRONG_BEARISH,SELL
BANKBARODA,Bank of Baroda,SMALL_CAP,270.35,0.02,0.78,4.75,21.3,37.6,,1,10,,STRONG_BEARISH,SELL
WAKEFIT,WAKEFIT,MICRO_CAP,132.37,-1.2,-7.12,-9.27,20.7,24.1,,5,8,,BEARISH,SELL
ZAGGLE,ZAGGLE,SMALL_CAP,255.66,0.28,4.92,10.99,20.7,44.3,,5,2,,STRONG_BEARISH,SELL
CHOICEIN,Choice International Limited,MID_CAP,689.95,0.69,4.09,7.15,20.7,39.9,,4,8,,STRONG_BEARISH,SELL
TECHM,Tech Mahindra Limited,LARGE_CAP,1448.2,-1.26,-0.79,-1.71,20.7,43.8,,3,8,,BULLISH,SELL
CONCORDBIO,CONCORDBIO,SMALL_CAP,1198.7,-1.91,5.66,16.09,20.7,71.4,,9,6,,STRONG_BEARISH,SELL
JKTYRE,JKTYRE,SMALL_CAP,410.25,-1.16,0.81,4.35,20.7,44.9,,0,12,,STRONG_BEARISH,SELL
TMCV,TMCV,SMALL_CAP,434.05,1.0,4.1,9.59,20.7,45.5,,0,8,,BEARISH,SELL
DALBHARAT,Dalmia Bharat Limited,MID_CAP,1974.3,-0.02,1.26,7.56,20.7,49.9,,4,8,,STRONG_BEARISH,SELL
CEMPRO,CEMPRO,MID_CAP,970.3,2.78,42.82,72.61,20.0,83.2,,10,2,,BULLISH,SELL
RELIGARE,RELIGARE,MICRO_CAP,223.51,-0.19,-0.88,0.01,20.0,56.2,,3,8,,STRONG_BEARISH,SELL
KAJARIACER,KAJARIACER,SMALL_CAP,1098.8,-1.08,-10.53,10.08,20.0,39.9,,7,0,,STRONG_BULLISH,SELL
SAMHI,SAMHI,MICRO_CAP,158.36,-1.15,-0.83,8.15,20.0,40.4,,3,6,,STRONG_BEARISH,SELL
SUPREMEIND,SUPREMEIND,MID_CAP,3664.9,-1.2,-0.07,-2.85,20.0,50.1,,0,12,,STRONG_BEARISH,SELL
ECLERX,ECLERX,MID_CAP,1593.7,0.77,12.53,6.59,20.0,54.1,,1,6,,STRONG_BEARISH,SELL
RELTD,RELTD,MICRO_CAP,139.61,3.08,-8.18,3.19,20.0,50.4,,4,4,,STRONG_BULLISH,SELL
EIDPARRY,EIDPARRY,SMALL_CAP,847.35,-1.11,1.21,3.18,20.0,48.2,,4,10,,STRONG_BEARISH,SELL
BAJAJFINSV,Bajaj Finserv Limited,LARGE_CAP,1824.5,-0.63,3.42,8.32,20.0,49.0,,4,10,,STRONG_BEARISH,SELL
GODIGIT,GODIGIT,MICRO_CAP,315.4,3.85,0.1,-2.85,20.0,44.5,,1,8,,STRONG_BEARISH,SELL
INDIANHUME,INDIANHUME,MICRO_CAP,344.2,0.44,7.04,5.2,20.0,63.7,,4,4,,BULLISH,SELL
JYOTICNC,JYOTICNC,SMALL_CAP,773.2,0.06,1.16,0.89,19.3,72.0,,3,10,,STRONG_BEARISH,SELL
TCS,Tata Consultancy Services Limited,LARGE_CAP,2401.4,-1.4,-2.96,-5.45,19.3,29.3,,1,12,,STRONG_BEARISH,SELL
PNB,Punjab National Bank,MICRO_CAP,109.11,-0.97,-1.86,4.33,19.3,35.2,,1,8,,STRONG_BEARISH,SELL
ICICIBANK,ICICI Bank Limited,LARGE_CAP,1279.0,-0.04,-0.16,2.69,19.3,35.1,,1,8,,STRONG_BEARISH,SELL
CDSL,CDSL,LARGE_CAP,1269.8,-1.01,-2.8,5.51,19.3,31.6,,3,8,,STRONG_BEARISH,SELL
CELLO,CELLO,MICRO_CAP,422.85,-0.68,0.71,5.02,19.3,45.8,,4,8,,STRONG_BEARISH,SELL
SILVERTUC,SILVERTUC,MICRO_CAP,167.78,0.79,4.08,35.9,19.3,87.6,,6,6,,BULLISH,SELL
CUPID,CUPID,MICRO_CAP,131.14,3.68,13.21,51.89,18.7,87.4,,5,6,,BULLISH,SELL
PGEL,PGEL,MID_CAP,535.5,-1.65,-2.77,21.53,18.7,39.8,,5,8,,STRONG_BEARISH,SELL
ADVENTHTL,ADVENTHTL,MICRO_CAP,165.09,0.97,7.33,15.39,18.7,48.3,,3,4,,BEARISH,SELL
MANAKCOAT,MANAKCOAT,MICRO_CAP,102.77,0.27,-8.44,-4.0,18.7,46.3,,1,4,,STRONG_BEARISH,SELL
PATANJALI,PATANJALI,SMALL_CAP,460.35,0.07,-1.28,-1.66,18.7,45.9,,0,8,,STRONG_BEARISH,SELL
FINOPB,FINOPB,MICRO_CAP,136.25,3.01,1.41,7.89,18.7,46.6,,1,9,,STRONG_BEARISH,SELL
CANHLIFE,CANHLIFE,MICRO_CAP,142.63,1.42,-2.42,-1.65,18.7,40.8,,0,10,,BEARISH,SELL
UTIAMC,UTIAMC,MICRO_CAP,974.95,0.78,2.14,4.64,18.7,46.1,,1,13,,STRONG_BEARISH,SELL
HAVELLS,HAVELLS,LARGE_CAP,1268.9,0.92,1.31,2.82,18.0,46.4,,1,15,,STRONG_BEARISH,SELL
HYUNDAI,HYUNDAI,LARGE_CAP,1835.8,-0.22,1.01,7.6,18.0,47.3,,1,10,,STRONG_BEARISH,SELL
BANKINDIA,Bank of India,MICRO_CAP,140.37,-1.38,-1.98,2.05,18.0,33.5,,1,8,,STRONG_BEARISH,SELL
SWIGGY,SWIGGY,SMALL_CAP,279.5,-0.13,1.64,3.79,17.3,49.3,,1,10,,STRONG_BEARISH,SELL
PERSISTENT,PERSISTENT,LARGE_CAP,4984.0,-0.6,3.71,-7.47,17.3,27.0,,3,10,,BULLISH,SELL
APOLLOTYRE,Apollo Tyres Limited,SMALL_CAP,410.05,-0.63,-3.32,-0.68,17.3,26.3,,3,10,,STRONG_BEARISH,SELL
CAMLINFINE,CAMLINFINE,MICRO_CAP,136.25,-0.13,10.9,31.19,17.3,81.3,,8,6,,STRONG_BEARISH,SELL
YATRA,YATRA,MICRO_CAP,109.95,2.2,-0.62,12.38,17.3,35.6,,3,4,,BULLISH,SELL
AMBUJACEM,Ambuja Cements Limited,SMALL_CAP,450.65,0.84,-0.87,7.18,17.3,45.3,,2,6,,STRONG_BEARISH,SELL
CYIENT,CYIENT,SMALL_CAP,894.4,-0.7,5.95,7.45,17.3,34.9,,4,8,,STRONG_BEARISH,SELL
ACC,ACC Limited,SMALL_CAP,1414.6,0.04,-1.53,5.57,16.7,41.3,,1,9,,STRONG_BEARISH,SELL
IIFL,IIFL,SMALL_CAP,464.2,1.98,3.84,8.36,16.7,49.4,,1,8,,STRONG_BEARISH,SELL
KFINTECH,KFINTECH,MID_CAP,927.55,1.65,-5.09,2.26,16.7,45.2,,1,11,,STRONG_BEARISH,SELL
CRAMC,CRAMC,MICRO_CAP,252.05,-1.29,-1.89,6.37,16.7,40.9,,0,4,,BEARISH,SELL
CMSINFO,CMSINFO,SMALL_CAP,287.8,-1.15,-1.62,-0.54,16.7,22.3,,1,8,,STRONG_BEARISH,SELL
SUNTV,Sun TV Network Limited,MICRO_CAP,571.1,0.06,-2.58,-3.2,16.7,32.8,,0,8,,STRONG_BULLISH,SELL
WEL,WEL,MICRO_CAP,107.14,-1.03,2.86,37.91,16.0,74.6,,5,6,,STRONG_BEARISH,SELL
GOLDBETA,GOLDBETA,MICRO_CAP,126.6,0.36,2.26,2.3,16.0,45.2,,1,10,,BEARISH,SELL
UNIONBANK,Union Bank of India,MICRO_CAP,167.28,-0.87,-0.02,-2.68,16.0,25.0,,1,10,,BULLISH,SELL
REDINGTON,REDINGTON,SMALL_CAP,224.49,0.56,4.76,8.51,16.0,46.6,,1,10,,STRONG_BEARISH,SELL
GOLDADD,GOLDADD,MICRO_CAP,146.08,0.3,2.3,2.23,16.0,44.3,,1,10,,BEARISH,SELL
IXIGO,IXIGO,MICRO_CAP,169.31,-0.24,-0.36,-0.77,15.3,39.5,,0,12,,STRONG_BEARISH,SELL
VEDL,Vedanta Limited,SMALL_CAP,305.4,-3.48,-60.52,-57.18,15.3,15.3,,3,0,,BULLISH,SELL
SBILIFE,SBILIFE,LARGE_CAP,1872.2,0.71,3.08,1.67,15.3,35.2,,0,12,,STRONG_BEARISH,SELL
AXISBANK,Axis Bank Limited,LARGE_CAP,1292.7,-0.12,-0.29,3.41,15.3,37.2,,1,6,,BULLISH,SELL
WIPRO,Wipro Limited,MICRO_CAP,197.36,-0.88,-1.65,-3.6,15.3,28.2,,0,12,,STRONG_BEARISH,SELL
BHARTIHEXA,BHARTIHEXA,SMALL_CAP,1515.6,0.14,-0.75,-0.45,14.7,46.0,,0,11,,STRONG_BEARISH,SELL
INDIANB,Indian Bank,MID_CAP,860.75,-0.7,-1.69,-4.92,14.7,26.2,,1,8,,BULLISH,SELL
INFOBEAN,INFOBEAN,MICRO_CAP,173.89,3.06,-2.75,22.69,14.7,46.7,,5,4,,STRONG_BEARISH,SELL
MANOMAY,MANOMAY,MICRO_CAP,193.17,10.0,-20.47,-15.35,14.7,42.9,,2,0,,BULLISH,SELL
MHRIL,MHRIL,MICRO_CAP,241.97,-0.02,-1.95,-2.81,14.7,12.0,,1,8,,STRONG_BEARISH,SELL
NAUKRI,NAUKRI,MID_CAP,981.85,0.05,-0.99,-2.38,14.7,34.2,,0,12,,STRONG_BEARISH,SELL
BHARTIARTL,Bharti Airtel Limited,LARGE_CAP,1826.6,-0.39,-3.26,-0.2,14.0,47.4,,0,6,,STRONG_BEARISH,SELL
TATAELXSI,TATAELXSI,MID_CAP,4297.4,0.38,3.59,-1.38,14.0,34.1,,0,10,,STRONG_BEARISH,SELL
BLACKBUCK,BLACKBUCK,SMALL_CAP,560.5,0.07,1.71,-0.24,14.0,38.7,,0,8,,BULLISH,SELL
TATACAP,TATACAP,SMALL_CAP,325.8,-0.82,0.22,5.62,14.0,39.9,,0,8,,BEARISH,SELL
MPHASIS,MPHASIS,LARGE_CAP,2193.1,-1.14,-2.56,-5.8,14.0,27.5,,0,10,,STRONG_BEARISH,SELL
CEATLTD,CEATLTD,MID_CAP,3357.7,0.01,-7.38,-1.04,14.0,34.2,,0,8,,BULLISH,SELL
GOCOLORS,GOCOLORS,MICRO_CAP,285.2,1.48,-6.37,6.49,12.7,49.6,,1,2,,BULLISH,SELL
MRPL,MRPL,MICRO_CAP,155.35,-0.91,-10.35,-13.37,12.0,32.4,,0,4,,BULLISH,SELL
INFY,Infosys Limited,LARGE_CAP,1162.7,-0.39,-0.41,-13.19,12.0,20.8,,0,10,,STRONG_BEARISH,SELL
ZENSARTECH,ZENSARTECH,SMALL_CAP,520.4,-0.88,-0.15,-5.02,12.0,29.7,,0,10,,STRONG_BEARISH,SELL
SBICARD,SBICARD,MID_CAP,648.15,-0.23,-0.47,1.33,11.3,30.9,,0,10,,STRONG_BEARISH,SELL
HCLTECH,HCL Technologies Limited,LARGE_CAP,1183.4,-0.48,-1.4,-17.91,8.7,12.3,,0,10,,STRONG_BEARISH,SELL
