"symbol","ENHANCED_FUND_SCORE","EARNINGS_QUALITY","SALES_GROWTH","FINANCIAL_STRENGTH","INSTITUTIONAL_BACKING","processed_date","processing_batch","batch_number","PROFIT_YOY_PCT","SALES_REPORTED_YOY_PCT","MARGIN_PP_CHANGE","PE_TTM","CFO_YOY_PCT","DEBT_YOY_PCT","RATIOS_PERIOD"
"20MICRONS",47.88,50,33.12,56.74,55,"2026-03-30","20260330_1143",1,6,2,NA,8.28,-35,-1.21212121212121,"2026-03-30"
"360ONE",61.86,63.26,71,52.79,55,"2026-03-30","20260330_1144",1,-53,40,NA,176,-198.612862547289,23.34229390681,"2026-03-30"
"63MOONS",60.2,63.33,64,53.1,55,"2026-03-30","20260330_1145",1,15,190,NA,52.7,-124.113475177305,66.6666666666667,"2026-03-30"
"AADHARHFC",52.83,51.19,53,54.29,55,"2026-03-30","20260330_1146",1,20,19,NA,18.6,-18.527222875049,8.0046503616948,"2026-03-30"
"AARTIDRUGS",53.09,51.3,51,57.83,55,"2026-03-30","20260330_1147",1,41,7,NA,15.9,-34.7181008902077,-6.82926829268293,"2026-03-30"
"AARTIIND",53.47,55.48,49.17,53.7,55,"2026-03-30","20260330_1147",1,-1,13,NA,39.8,10.6125970664366,3.24844074844075,"2026-03-30"
"AARTIPHARM",53.99,57.61,45.83,56.17,55,"2026-03-30","20260330_1148",1,-6,5,NA,24.9,84.7826086956522,59.5641646489104,"2026-03-30"
"AAVAS",68.51,74.29,78,55.24,55,"2026-03-30","20260330_1149",1,11,15,NA,13.8,17.0414792603698,23.1841909023117,"2026-03-30"
"ABB",62.8,57.17,77,62.17,55,"2026-03-30","20260330_1150",1,-11,8,NA,75.9,-8.40840840840841,63.4615384615385,"2026-03-30"
"ABCAPITAL",58.09,65.43,51.67,53.75,55,"2026-03-30","20260330_1151",1,5,38,NA,25.8,20.0585862466385,11.8113835539144,"2026-03-30"
"ABDL",53.22,61.52,35,58.04,55,"2026-03-30","20260330_1152",1,146,13,NA,37.9,-200,16.6850828729282,"2026-03-30"
"ABREL",59.93,54.57,73,58.04,55,"2026-03-30","20260330_1153",1,-17,-33,NA,84.3,-200,9.86591955173104,"2026-03-30"
"ABSLAMC",63.77,71.74,60,59.13,55,"2026-03-30","20260330_1153",1,13,13,NA,24.4,2.63157894736842,1.47058823529412,"2026-03-30"
"ACC",49.77,51.96,36.88,57.61,55,"2026-03-30","20260330_1154",1,4,16,NA,9.42,-42.751677852349,12.7906976744186,"2026-03-30"
"ACE",48.79,52.83,32.78,56.09,55,"2026-03-30","20260330_1155",1,13,0,NA,20.8,-7.37327188940092,200,"2026-03-30"
"ACI",51.59,53.7,39.29,60.22,55,"2026-03-30","20260330_1156",1,-16,10,NA,39.7,-56.5552699228792,19.5744680851064,"2026-03-30"
"ACMESOLAR",64.73,70.87,71.67,51.09,55,"2026-03-30","20260330_1157",1,-70,42,NA,NA,NA,NA,NA
"ACUTAAS",53.78,51.19,55,56.52,55,"2026-03-30","20260330_1158",1,127,33,NA,71.1,14.8514851485149,-38.4615384615385,"2026-03-30"
"ADANIENSOL",61.87,61.74,71,55.87,55,"2026-03-30","20260330_1159",1,15,133,NA,198,-200,13.0850403476102,"2026-03-30"
"ADANIENT",50.62,54.57,40.83,51.67,55,"2026-03-30","20260330_1159",1,-9,-25,NA,98.8,-200,19.2182445898997,"2026-03-30"
"ADANIGREEN",52.42,51.96,53,50.68,55,"2026-03-30","20260330_1200",1,62,-9,NA,NA,NA,NA,NA
"ADANIPORTS",61.47,64.91,62.6,58.04,55,"2026-03-30","20260330_1201",1,-16,1,NA,153,46.1661768634785,10.1315356153503,"2026-03-30"
"ADANIPOWER",52.33,54.13,40.83,61.09,55,"2026-03-30","20260330_1202",1,-5,-3,NA,28.5,42.20869297164,22.7092036966705,"2026-03-30"
"ADFFOODS",58.56,58.83,62.6,55.62,55,"2026-03-30","20260330_1203",1,11,8,NA,18.7,-15.8730158730159,-79.6610169491525,"2026-03-30"
"ADVENTHTL",49.55,50,47.5,47.14,55,"2026-03-30","20260330_1203",1,0,NA,NA,NA,NA,NA,NA
"ADVENZYMES",56.98,55.87,57,60.65,55,"2026-03-30","20260330_1204",2,16,19,NA,23.2,21.1538461538462,-10.2564102564103,"2026-03-30"
"AEGISLOG",54.63,53.7,53,58.26,55,"2026-03-30","20260330_1205",2,50,33,NA,32.9,-84.4897959183673,-47.0473295701259,"2026-03-30"
"AEGISVOPAK",62.67,65.35,64.6,60.65,55,"2026-03-30","20260330_1206",2,131,24,NA,101,26.6025641025641,-50.0124719381392,"2026-03-30"
"AEQUS",44.92,43.8,36.43,50.21,55,"2026-03-30","20260330_1207",2,-51,24,NA,510,100,-29.0235081374322,"2026-03-30"
"AEROFLEX",52.33,57.38,39.29,56.52,55,"2026-03-30","20260330_1208",2,-4,9,NA,64.4,-31.8181818181818,200,"2026-03-30"
"AETHER",53.46,52.39,55,52.5,55,"2026-03-30","20260330_1209",2,55,33,NA,79.5,200,7.5,"2026-03-30"
"AFCONS",50.35,48.48,47,54.78,55,"2026-03-30","20260330_1210",2,9,-2,NA,17.2,-114.391143911439,52.1553563807085,"2026-03-30"
"AFFLE",58.12,64.13,49.38,59.35,55,"2026-03-30","20260330_1210",2,17,22,NA,159,200,-53.6585365853659,"2026-03-30"
"AFFORDABLE",50.43,48.48,47,55.22,55,"2026-03-30","20260330_1211",2,-24,-24,NA,13.3,NA,16.0714285714286,"2026-03-30"
"AGARIND",49.55,50.22,40.83,55,55,"2026-03-30","20260330_1212",2,-22,-10,NA,14.1,-11.5384615384615,-4.13793103448276,"2026-03-30"
"AGARWALEYE",53.98,51.9,55,56.09,55,"2026-03-30","20260330_1213",2,201,24,NA,221,-6.30630630630631,2.28928199791883,"2026-03-30"
"AGI",51.16,51.88,40.83,59.78,55,"2026-03-30","20260330_1214",2,16,NA,NA,9.12,-27.0408163265306,-16.8173598553345,"2026-03-30"
"AGIIL",53.47,58.48,44.17,53.91,55,"2026-03-30","20260330_1215",2,39,8,NA,42.2,-132.786885245902,4.37956204379562,"2026-03-30"
"AHCL",71.94,70.43,94,60.09,55,"2026-03-30","20260330_1216",2,112,81,NA,22,-200,-13.4328358208955,"2026-03-30"
"AHLUCONT",52.87,51.3,51,56.74,55,"2026-03-30","20260330_1217",2,52,10,NA,16.5,39.6887159533074,-1.31578947368421,"2026-03-30"
"AIAENG",59.4,70.87,42.86,60.43,55,"2026-03-30","20260330_1217",2,23,1,NA,25.4,11.8798955613577,108.146639511202,"2026-03-30"
"AIIL",65.28,62.83,81,58.25,55,"2026-03-30","20260330_1218",2,-9,-8,NA,10.4,200,24.7964194691366,"2026-03-30"
"AJAXENGG",47.84,50.22,33.12,56.09,55,"2026-03-30","20260330_1219",2,-13,6,NA,20.8,-79.2270531400966,-50,"2026-03-30"
"AJMERA",50.1,51.19,39.29,57.75,55,"2026-03-30","20260330_1220",2,3,-13,NA,18.2,77.7777777777778,-3.55029585798817,"2026-03-30"
"AKUMS",51.24,53.04,40.83,57.83,55,"2026-03-30","20260330_1221",2,66,5,NA,57.8,-63.3064516129032,2.27272727272727,"2026-03-30"
"ALIVUS",53.55,53.1,55,51.58,55,"2026-03-30","20260330_1222",2,27,10,NA,21.4,-5.31400966183575,NA,"2026-03-30"
"ALKEM",60.39,70.43,48.57,59.13,55,"2026-03-30","20260330_1223",2,1,3,NA,28.6,29.7569650266746,70.6010137581463,"2026-03-30"
"ALKYLAMINE",54.3,52.39,55,56.74,55,"2026-03-30","20260330_1224",2,1,0,NA,35.7,-4.36363636363636,-47.2727272727273,"2026-03-30"
"ALLTIME",52.71,57.39,44.17,52.31,55,"2026-03-30","20260330_1224",2,6,9,NA,32,-42.8571428571429,-40.3587443946188,"2026-03-30"
"AMBER",48.22,48.48,38.12,55.22,55,"2026-03-30","20260330_1225",2,16,27,NA,159,-31.266846361186,35.6483729966003,"2026-03-30"
"AMBUJACEM",52.62,53.7,45.83,57.17,55,"2026-03-30","20260330_1226",3,6,20,NA,28,-35.8360536815379,61.2944162436548,"2026-03-30"
"ANANDRATHI",53.62,51.52,57,52.58,55,"2026-03-30","20260330_1227",3,30,20,NA,69.8,31.8352059925094,3.79746835443038,"2026-03-30"
"ANANTRAJ",53.79,54.13,55,50.68,55,"2026-03-30","20260330_1228",3,47,27,NA,NA,NA,NA,NA
"ANGELONE",50.14,54.13,36.43,55.65,55,"2026-03-30","20260330_1229",3,-38,-15,NA,24.7,-200,30.4628002343292,"2026-03-30"
"ANTELOPUS",54.77,67.39,60,56.59,10,"2026-03-30","20260330_1229",3,NA,NA,NA,NA,NA,NA,NA
"ANTHEM",47.26,47,46.67,42.73,55,"2026-03-30","20260330_1230",3,35,30,NA,62,168.292682926829,-4.42477876106195,"2026-03-30"
"ANURAS",52.59,50.22,55,52.5,55,"2026-03-30","20260330_1231",3,150,87,NA,87.4,-200,-10.924981791697,"2026-03-30"
"APARINDS",52.12,50.22,47.5,59.57,55,"2026-03-30","20260330_1232",3,25,22,NA,40.6,200,20.3418803418803,"2026-03-30"
"APEX",64.73,75.22,58.57,58.75,55,"2026-03-30","20260330_1233",3,1908,23,NA,37,200,-43.8356164383562,"2026-03-30"
"APLAPOLLO",24.24,35.38,17,21.67,10,"2026-03-30","20260330_1233",3,104,NA,NA,NA,NA,NA,NA
"APLLTD",58.34,61.3,55.83,58.04,55,"2026-03-30","20260330_1234",3,-18,10,NA,25.8,NA,NA,"2026-03-30"
"APOLLO",54.28,51.09,59,54.25,55,"2026-03-30","20260330_1234",3,74,35,NA,68.9,115.384615384615,7.76119402985075,"2026-03-30"
"APOLLOHOSP",55.7,57.83,50.83,58.04,55,"2026-03-30","20260330_1235",3,21,12,NA,73.4,46.2636439966415,1.56408952187182,"2026-03-30"
"APOLLOPIPE",68.06,74.35,73.33,58.7,55,"2026-03-30","20260330_1236",3,-34,-9,NA,99.7,-43.089430894309,-23.6559139784946,"2026-03-30"
"APOLLOTYRE",54.65,51.96,55,59.35,55,"2026-03-30","20260330_1237",3,49,NA,NA,23.2,-44.7002398081535,2.44897959183673,"2026-03-30"
"APTUS",51.98,50.65,55,48.6,55,"2026-03-30","20260330_1238",3,30,19,NA,14.4,-26.1811023622047,6.40186235995926,"2026-03-30"
"ARE&M",61.81,70.65,52.86,60.43,55,"2026-03-30","20260330_1239",3,-20,7,NA,16.4,4.64231354642313,18.7739463601533,"2026-03-30"
"ARIHANTSUP",67.38,73.7,73.33,56.59,55,"2026-03-30","20260330_1240",3,-92,-50,NA,588,-3.41223972765419,13.1436314363144,"2026-03-30"
"ARSSBL",50.55,50.71,47,51.35,55,"2026-03-30","20260330_1241",3,32,24,NA,24.6,200,32.8227571115974,"2026-03-30"
"ARTEMISMED",45.33,49.57,53,53.75,10,"2026-03-30","20260330_1241",3,NA,NA,NA,NA,NA,NA,NA
"ARVIND",10,10,10,10,10,"2026-03-30","20260330_1241",3,NA,NA,NA,NA,NA,NA,NA
"ARVINDFASN",10,10,10,10,10,"2026-03-30","20260330_1241",3,-134,NA,NA,NA,NA,NA,NA
"ASAHIINDIA",56.2,65.43,42.86,55.29,55,"2026-03-30","20260330_1242",3,-9,6,NA,68.7,NA,NA,"2026-03-30"
"ASHAPURMIN",10,10,10,10,10,"2026-03-30","20260330_1242",3,78,33,NA,33.7,-200,NA,"2026-03-30"
"ASHOKA",29.9,47.31,17,26.11,10,"2026-03-30","20260330_1242",3,NA,NA,NA,NA,NA,NA,NA
"ASHOKLEY",10,10,10,10,10,"2026-03-30","20260330_1243",4,NA,NA,NA,NA,NA,NA,NA
"ASIANENE",10,10,10,10,10,"2026-03-30","20260330_1243",4,NA,NA,NA,NA,NA,NA,NA
"ASIANPAINT",10,10,10,10,10,"2026-03-30","20260330_1243",4,NA,NA,NA,NA,NA,NA,NA
"ASKAUTOLTD",10,10,10,10,10,"2026-03-30","20260330_1243",4,NA,NA,NA,NA,NA,NA,NA
"ASTEC",10,10,10,10,10,"2026-03-30","20260330_1243",4,NA,NA,NA,NA,NA,NA,NA
"ASTERDM",10,10,10,10,10,"2026-03-30","20260330_1243",4,NA,NA,NA,NA,NA,NA,NA
"ASTRAL",10,10,10,10,10,"2026-03-30","20260330_1244",4,NA,NA,NA,NA,NA,NA,NA
"ASTRAMICRO",10,10,10,10,10,"2026-03-30","20260330_1244",4,NA,NA,NA,NA,NA,NA,NA
"ATGL",10,10,10,10,10,"2026-03-30","20260330_1244",4,NA,NA,NA,NA,NA,NA,NA
"ATHERENERG",10,10,10,10,10,"2026-03-30","20260330_1244",4,NA,NA,NA,NA,NA,NA,NA
"ATLANTAELE",10,10,10,10,10,"2026-03-30","20260330_1244",4,NA,NA,NA,NA,NA,NA,NA
"ATULAUTO",10,10,10,10,10,"2026-03-30","20260330_1245",4,NA,NA,NA,NA,NA,NA,NA
"AUBANK",10,10,10,10,10,"2026-03-30","20260330_1246",4,NA,NA,NA,NA,NA,NA,NA
"AURIONPRO",10,10,10,10,10,"2026-03-30","20260330_1246",4,NA,NA,NA,NA,NA,NA,NA
"AUROPHARMA",10,10,10,10,10,"2026-03-30","20260330_1246",4,NA,NA,NA,NA,NA,NA,NA
"AUTOBEES",10,10,10,10,10,"2026-03-30","20260330_1246",4,NA,NA,NA,NA,NA,NA,NA
"AVADHSUGAR",10,10,10,10,10,"2026-03-30","20260330_1246",4,NA,NA,NA,NA,NA,NA,NA
"AVALON",10,10,10,10,10,"2026-03-30","20260330_1247",4,NA,NA,NA,NA,NA,NA,NA
"AVANTEL",10,10,10,10,10,"2026-03-30","20260330_1247",4,NA,NA,NA,NA,NA,NA,NA
"AVANTIFEED",10,10,10,10,10,"2026-03-30","20260330_1249",4,NA,NA,NA,NA,NA,NA,NA
"AVG",10,10,10,10,10,"2026-03-30","20260330_1249",4,NA,NA,NA,NA,NA,NA,NA
"AVL",10,10,10,10,10,"2026-03-30","20260330_1249",4,NA,NA,NA,NA,NA,NA,NA
"AWFIS",10,10,10,10,10,"2026-03-30","20260330_1250",4,NA,NA,NA,NA,NA,NA,NA
"AWHCL",10,10,10,10,10,"2026-03-30","20260330_1250",4,NA,NA,NA,NA,NA,NA,NA
"AWL",10,10,10,10,10,"2026-03-30","20260330_1250",4,NA,NA,NA,NA,NA,NA,NA
"AXISBANK",10,10,10,10,10,"2026-03-30","20260330_1251",5,NA,NA,NA,NA,NA,NA,NA
"AXISCADES",10,10,10,10,10,"2026-03-30","20260330_1252",5,NA,NA,NA,NA,NA,NA,NA
"AXISGOLD",10,10,10,10,10,"2026-03-30","20260330_1252",5,NA,NA,NA,NA,NA,NA,NA
"AXISILVER",10,10,10,10,10,"2026-03-30","20260330_1252",5,NA,NA,NA,NA,NA,NA,NA
"AZAD",10,10,10,10,10,"2026-03-30","20260330_1252",5,NA,NA,NA,NA,NA,NA,NA
"BAJAJ-AUTO",10,10,10,10,10,"2026-03-30","20260330_1253",5,NA,NA,NA,NA,NA,NA,NA
"BAJAJCON",10,10,10,10,10,"2026-03-30","20260330_1253",5,NA,NA,NA,NA,NA,NA,NA
"BAJAJELEC",10,10,10,10,10,"2026-03-30","20260330_1253",5,NA,NA,NA,NA,NA,NA,NA
"BAJAJFINSV",10,10,10,10,10,"2026-03-30","20260330_1253",5,NA,NA,NA,NA,NA,NA,NA
"BAJAJHCARE",10,10,10,10,10,"2026-03-30","20260330_1253",5,NA,NA,NA,NA,NA,NA,NA
"BAJAJHLDNG",10,10,10,10,10,"2026-03-30","20260330_1253",5,NA,NA,NA,NA,NA,NA,NA
"BAJEL",10,10,10,10,10,"2026-03-30","20260330_1254",5,NA,NA,NA,NA,NA,NA,NA
"BAJFINANCE",10,10,10,10,10,"2026-03-30","20260330_1254",5,NA,NA,NA,NA,NA,NA,NA
"BALAMINES",10,10,10,10,10,"2026-03-30","20260330_1255",5,NA,NA,NA,NA,NA,NA,NA
"BALKRISIND",10,10,10,10,10,"2026-03-30","20260330_1257",5,NA,NA,NA,NA,NA,NA,NA
"BALMLAWRIE",10,10,10,10,10,"2026-03-30","20260330_1258",5,NA,NA,NA,NA,NA,NA,NA
"BALRAMCHIN",10,10,10,10,10,"2026-03-30","20260330_1258",5,NA,NA,NA,NA,NA,NA,NA
"BALUFORGE",10,10,10,10,10,"2026-03-30","20260330_1258",5,NA,NA,NA,NA,NA,NA,NA
"BANCOINDIA",10,10,10,10,10,"2026-03-30","20260330_1258",5,NA,NA,NA,NA,NA,NA,NA
"BANDHANBNK",10,10,10,10,10,"2026-03-30","20260330_1259",5,NA,NA,NA,NA,NA,NA,NA
"BANKBARODA",10,10,10,10,10,"2026-03-30","20260330_1259",5,NA,NA,NA,NA,NA,NA,NA
"BANKBEES",10,10,10,10,10,"2026-03-30","20260330_1259",5,NA,NA,NA,NA,NA,NA,NA
"BANKINDIA",10,10,10,10,10,"2026-03-30","20260330_1259",5,NA,NA,NA,NA,NA,NA,NA
"BANSALWIRE",10,10,10,10,10,"2026-03-30","20260330_1259",5,NA,NA,NA,NA,NA,NA,NA
"BASF",10,10,10,10,10,"2026-03-30","20260330_1259",5,NA,NA,NA,NA,NA,NA,NA
"BATAINDIA",10,10,10,10,10,"2026-03-30","20260330_1300",6,NA,NA,NA,NA,NA,NA,NA
"BBOX",10,10,10,10,10,"2026-03-30","20260330_1300",6,NA,NA,NA,NA,NA,NA,NA
"BDL",10,10,10,10,10,"2026-03-30","20260330_1300",6,NA,NA,NA,NA,NA,NA,NA
"BECTORFOOD",10,10,10,10,10,"2026-03-30","20260330_1300",6,NA,NA,NA,NA,NA,NA,NA
"BEL",10,10,10,10,10,"2026-03-30","20260330_1300",6,NA,NA,NA,NA,NA,NA,NA
"BELRISE",10,10,10,10,10,"2026-03-30","20260330_1301",6,NA,NA,NA,NA,NA,NA,NA
"BEML",10,10,10,10,10,"2026-03-30","20260330_1301",6,NA,NA,NA,NA,NA,NA,NA
"BERGEPAINT",10,10,10,10,10,"2026-03-30","20260330_1301",6,NA,NA,NA,NA,NA,NA,NA
"BGRENERGY",10,10,10,10,10,"2026-03-30","20260330_1301",6,NA,NA,NA,NA,NA,NA,NA
"BHAGCHEM",10,10,10,10,10,"2026-03-30","20260330_1301",6,NA,NA,NA,NA,NA,NA,NA
"BHARATFORG",10,10,10,10,10,"2026-03-30","20260330_1302",6,NA,NA,NA,NA,NA,NA,NA
"BHARATSE",10,10,10,10,10,"2026-03-30","20260330_1302",6,NA,NA,NA,NA,NA,NA,NA
"BHARATWIRE",10,10,10,10,10,"2026-03-30","20260330_1302",6,NA,NA,NA,NA,NA,NA,NA
"BHARTIARTL",10,10,10,10,10,"2026-03-30","20260330_1302",6,NA,NA,NA,NA,NA,NA,NA
"BHARTIHEXA",10,10,10,10,10,"2026-03-30","20260330_1302",6,NA,NA,NA,NA,NA,NA,NA
"BHEL",10,10,10,10,10,"2026-03-30","20260330_1302",6,NA,NA,NA,NA,NA,NA,NA
"BIOCON",10,10,10,10,10,"2026-03-30","20260330_1305",6,NA,NA,NA,NA,NA,NA,NA
"BIRLACORPN",10,10,10,10,10,"2026-03-30","20260330_1305",6,NA,NA,NA,NA,NA,NA,NA
"BLACKBUCK",10,10,10,10,10,"2026-03-30","20260330_1305",6,NA,NA,NA,NA,NA,NA,NA
"BLISSGVS",10,10,10,10,10,"2026-03-30","20260330_1305",6,NA,NA,NA,NA,NA,NA,NA
"BLS",10,10,10,10,10,"2026-03-30","20260330_1305",6,NA,NA,NA,NA,NA,NA,NA
"BLSE",10,10,10,10,10,"2026-03-30","20260330_1305",6,NA,NA,NA,NA,NA,NA,NA
"BLUEJET",10,10,10,10,10,"2026-03-30","20260330_1306",6,NA,NA,NA,NA,NA,NA,NA
"BLUESTARCO",10,10,10,10,10,"2026-03-30","20260330_1306",6,NA,NA,NA,NA,NA,NA,NA
"BLUESTONE",10,10,10,10,10,"2026-03-30","20260330_1306",6,NA,NA,NA,NA,NA,NA,NA
"BOROLTD",10,10,10,10,10,"2026-03-30","20260330_1306",7,NA,NA,NA,NA,NA,NA,NA
"BORORENEW",10,10,10,10,10,"2026-03-30","20260330_1307",7,NA,NA,NA,NA,NA,NA,NA
"BOROSCI",10,10,10,10,10,"2026-03-30","20260330_1307",7,NA,NA,NA,NA,NA,NA,NA
"BOSCH-HCIL",10,10,10,10,10,"2026-03-30","20260330_1307",7,NA,NA,NA,NA,NA,NA,NA
"BPCL",10,10,10,10,10,"2026-03-30","20260330_1307",7,NA,NA,NA,NA,NA,NA,NA
"BRIGADE",10,10,10,10,10,"2026-03-30","20260330_1307",7,NA,NA,NA,NA,NA,NA,NA
"BRITANNIA",10,10,10,10,10,"2026-03-30","20260330_1309",7,NA,NA,NA,NA,NA,NA,NA
"BSE",10,10,10,10,10,"2026-03-30","20260330_1309",7,NA,NA,NA,NA,NA,NA,NA
"BSLGOLDETF",10,10,10,10,10,"2026-03-30","20260330_1309",7,NA,NA,NA,NA,NA,NA,NA
"BSOFT",10,10,10,10,10,"2026-03-30","20260330_1309",7,NA,NA,NA,NA,NA,NA,NA
"BUTTERFLY",10,10,10,10,10,"2026-03-30","20260330_1309",7,NA,NA,NA,NA,NA,NA,NA
"CAMLINFINE",10,10,10,10,10,"2026-03-30","20260330_1309",7,NA,NA,NA,NA,NA,NA,NA
"CAMPUS",10,10,10,10,10,"2026-03-30","20260330_1310",7,NA,NA,NA,NA,NA,NA,NA
"CAMS",10,10,10,10,10,"2026-03-30","20260330_1312",7,NA,NA,NA,NA,NA,NA,NA
"CANBK",10,10,10,10,10,"2026-03-30","20260330_1312",7,NA,NA,NA,NA,NA,NA,NA
"CANFINHOME",10,10,10,10,10,"2026-03-30","20260330_1312",7,NA,NA,NA,NA,NA,NA,NA
"CANHLIFE",10,10,10,10,10,"2026-03-30","20260330_1312",7,NA,NA,NA,NA,NA,NA,NA
"CANTABIL",10,10,10,10,10,"2026-03-30","20260330_1313",7,NA,NA,NA,NA,NA,NA,NA
"CAPACITE",10,10,10,10,10,"2026-03-30","20260330_1313",7,NA,NA,NA,NA,NA,NA,NA
"CAPILLARY",10,10,10,10,10,"2026-03-30","20260330_1313",7,NA,NA,NA,NA,NA,NA,NA
"CAPITALSFB",10,10,10,10,10,"2026-03-30","20260330_1313",7,NA,NA,NA,NA,NA,NA,NA
"CAPLIPOINT",10,10,10,10,10,"2026-03-30","20260330_1313",7,NA,NA,NA,NA,NA,NA,NA
"CARBORUNIV",10,10,10,10,10,"2026-03-30","20260330_1313",7,NA,NA,NA,NA,NA,NA,NA
"CARRARO",10,10,10,10,10,"2026-03-30","20260330_1314",7,NA,NA,NA,NA,NA,NA,NA
"CARTRADE",10,10,10,10,10,"2026-03-30","20260330_1314",7,NA,NA,NA,NA,NA,NA,NA
"CASHIETF",10,10,10,10,10,"2026-03-30","20260330_1314",8,NA,NA,NA,NA,NA,NA,NA
"CASTROLIND",10,10,10,10,10,"2026-03-30","20260330_1314",8,NA,NA,NA,NA,NA,NA,NA
"CCL",10,10,10,10,10,"2026-03-30","20260330_1314",8,NA,NA,NA,NA,NA,NA,NA
"CDSL",10,10,10,10,10,"2026-03-30","20260330_1315",8,NA,NA,NA,NA,NA,NA,NA
"CEATLTD",10,10,10,10,10,"2026-03-30","20260330_1315",8,NA,NA,NA,NA,NA,NA,NA
"CEIGALL",10,10,10,10,10,"2026-03-30","20260330_1315",8,NA,NA,NA,NA,NA,NA,NA
"CELLO",10,10,10,10,10,"2026-03-30","20260330_1316",8,NA,NA,NA,NA,NA,NA,NA
"CEMPRO",10,10,10,10,10,"2026-03-30","20260330_1316",8,NA,NA,NA,NA,NA,NA,NA
"CENTURYPLY",10,10,10,10,10,"2026-03-30","20260330_1316",8,NA,NA,NA,NA,NA,NA,NA
"CESC",10,10,10,10,10,"2026-03-30","20260330_1316",8,NA,NA,NA,NA,NA,NA,NA
"CGCL",10,10,10,10,10,"2026-03-30","20260330_1316",8,NA,NA,NA,NA,NA,NA,NA
"CGPOWER",10,10,10,10,10,"2026-03-30","20260330_1317",8,NA,NA,NA,NA,NA,NA,NA
"CHALET",10,10,10,10,10,"2026-03-30","20260330_1317",8,NA,NA,NA,NA,NA,NA,NA
"CHAMBLFERT",10,10,10,10,10,"2026-03-30","20260330_1317",8,NA,NA,NA,NA,NA,NA,NA
"CHEMCON",10,10,10,10,10,"2026-03-30","20260330_1317",8,NA,NA,NA,NA,NA,NA,NA
"CHEMPLASTS",10,10,10,10,10,"2026-03-30","20260330_1317",8,NA,NA,NA,NA,NA,NA,NA
"CHENNPETRO",10,10,10,10,10,"2026-03-30","20260330_1320",8,NA,NA,NA,NA,NA,NA,NA
"CHOICEIN",10,10,10,10,10,"2026-03-30","20260330_1321",8,NA,NA,NA,NA,NA,NA,NA
"CHOLAFIN",10,10,10,10,10,"2026-03-30","20260330_1322",8,NA,NA,NA,NA,NA,NA,NA
"CHOLAHLDNG",10,10,10,10,10,"2026-03-30","20260330_1322",8,NA,NA,NA,NA,NA,NA,NA
"CIEINDIA",10,10,10,10,10,"2026-03-30","20260330_1322",8,NA,NA,NA,NA,NA,NA,NA
"CIGNITITEC",10,10,10,10,10,"2026-03-30","20260330_1322",8,NA,NA,NA,NA,NA,NA,NA
"CIPLA",10,10,10,10,10,"2026-03-30","20260330_1322",8,NA,NA,NA,NA,NA,NA,NA
"CLEAN",10,10,10,10,10,"2026-03-30","20260330_1323",8,NA,NA,NA,NA,NA,NA,NA
"CLSEL",10,10,10,10,10,"2026-03-30","20260330_1323",8,NA,NA,NA,NA,NA,NA,NA
"CMSINFO",10,10,10,10,10,"2026-03-30","20260330_1324",9,NA,NA,NA,NA,NA,NA,NA
"COALINDIA",10,10,10,10,10,"2026-03-30","20260330_1324",9,NA,NA,NA,NA,NA,NA,NA
"COCHINSHIP",10,10,10,10,10,"2026-03-30","20260330_1324",9,NA,NA,NA,NA,NA,NA,NA
"COFORGE",10,10,10,10,10,"2026-03-30","20260330_1324",9,NA,NA,NA,NA,NA,NA,NA
"COHANCE",10,10,10,10,10,"2026-03-30","20260330_1325",9,NA,NA,NA,NA,NA,NA,NA
"COLPAL",10,10,10,10,10,"2026-03-30","20260330_1326",9,NA,NA,NA,NA,NA,NA,NA
"CONCOR",10,10,10,10,10,"2026-03-30","20260330_1328",9,NA,NA,NA,NA,NA,NA,NA
"CONCORDBIO",10,10,10,10,10,"2026-03-30","20260330_1328",9,NA,NA,NA,NA,NA,NA,NA
"CONSUMBEES",10,10,10,10,10,"2026-03-30","20260330_1328",9,NA,NA,NA,NA,NA,NA,NA
"CONSUMIETF",10,10,10,10,10,"2026-03-30","20260330_1328",9,NA,NA,NA,NA,NA,NA,NA
"COROMANDEL",10,10,10,10,10,"2026-03-30","20260330_1328",9,NA,NA,NA,NA,NA,NA,NA
"COSMOFIRST",10,10,10,10,10,"2026-03-30","20260330_1329",9,NA,NA,NA,NA,NA,NA,NA
"CPPLUS",10,10,10,10,10,"2026-03-30","20260330_1329",9,NA,NA,NA,NA,NA,NA,NA
"CPSEETF",10,10,10,10,10,"2026-03-30","20260330_1329",9,NA,NA,NA,NA,NA,NA,NA
"CRAMC",10,10,10,10,10,"2026-03-30","20260330_1329",9,NA,NA,NA,NA,NA,NA,NA
"CREDITACC",10,10,10,10,10,"2026-03-30","20260330_1329",9,NA,NA,NA,NA,NA,NA,NA
"CRIZAC",10,10,10,10,10,"2026-03-30","20260330_1329",9,NA,NA,NA,NA,NA,NA,NA
"CROMPTON",10,10,10,10,10,"2026-03-30","20260330_1330",9,NA,NA,NA,NA,NA,NA,NA
"CSBBANK",10,10,10,10,10,"2026-03-30","20260330_1330",9,NA,NA,NA,NA,NA,NA,NA
"CSLFINANCE",10,10,10,10,10,"2026-03-30","20260330_1330",9,NA,NA,NA,NA,NA,NA,NA
"CUB",10,10,10,10,10,"2026-03-30","20260330_1330",9,NA,NA,NA,NA,NA,NA,NA
"CUMMINSIND",10,10,10,10,10,"2026-03-30","20260330_1330",9,NA,NA,NA,NA,NA,NA,NA
"CYBERTECH",10,10,10,10,10,"2026-03-30","20260330_1330",9,NA,NA,NA,NA,NA,NA,NA
"CYIENT",10,10,10,10,10,"2026-03-30","20260330_1331",9,NA,NA,NA,NA,NA,NA,NA
"CYIENTDLM",10,10,10,10,10,"2026-03-30","20260330_1331",9,NA,NA,NA,NA,NA,NA,NA
"DABUR",10,10,10,10,10,"2026-03-30","20260330_1331",10,NA,NA,NA,NA,NA,NA,NA
"DALBHARAT",10,10,10,10,10,"2026-03-30","20260330_1331",10,NA,NA,NA,NA,NA,NA,NA
"DALMIASUG",10,10,10,10,10,"2026-03-30","20260330_1331",10,NA,NA,NA,NA,NA,NA,NA
"DAMCAPITAL",10,10,10,10,10,"2026-03-30","20260330_1332",10,NA,NA,NA,NA,NA,NA,NA
"DATAMATICS",10,10,10,10,10,"2026-03-30","20260330_1332",10,NA,NA,NA,NA,NA,NA,NA
"DATAPATTNS",10,10,10,10,10,"2026-03-30","20260330_1332",10,NA,NA,NA,NA,NA,NA,NA
"DBCORP",10,10,10,10,10,"2026-03-30","20260330_1332",10,NA,NA,NA,NA,NA,NA,NA
"DBL",10,10,10,10,10,"2026-03-30","20260330_1332",10,NA,NA,NA,NA,NA,NA,NA
"DBOL",10,10,10,10,10,"2026-03-30","20260330_1332",10,NA,NA,NA,NA,NA,NA,NA
"DCAL",10,10,10,10,10,"2026-03-30","20260330_1333",10,NA,NA,NA,NA,NA,NA,NA
"DCBBANK",10,10,10,10,10,"2026-03-30","20260330_1333",10,NA,NA,NA,NA,NA,NA,NA
"DCXINDIA",10,10,10,10,10,"2026-03-30","20260330_1333",10,NA,NA,NA,NA,NA,NA,NA
"DDEVPLSTIK",10,10,10,10,10,"2026-03-30","20260330_1333",10,NA,NA,NA,NA,NA,NA,NA
"DEEDEV",10,10,10,10,10,"2026-03-30","20260330_1333",10,NA,NA,NA,NA,NA,NA,NA
"DEEPAKFERT",10,10,10,10,10,"2026-03-30","20260330_1334",10,NA,NA,NA,NA,NA,NA,NA
"DEEPAKNTR",10,10,10,10,10,"2026-03-30","20260330_1334",10,NA,NA,NA,NA,NA,NA,NA
"DEEPINDS",10,10,10,10,10,"2026-03-30","20260330_1335",10,NA,NA,NA,NA,NA,NA,NA
"DELHIVERY",10,10,10,10,10,"2026-03-30","20260330_1335",10,NA,NA,NA,NA,NA,NA,NA
"DENTA",10,10,10,10,10,"2026-03-30","20260330_1335",10,NA,NA,NA,NA,NA,NA,NA
"DHAMPURSUG",10,10,10,10,10,"2026-03-30","20260330_1335",10,NA,NA,NA,NA,NA,NA,NA
"DHANUKA",10,10,10,10,10,"2026-03-30","20260330_1336",10,NA,NA,NA,NA,NA,NA,NA
"DHARMAJ",10,10,10,10,10,"2026-03-30","20260330_1336",10,NA,NA,NA,NA,NA,NA,NA
"DIACABS",10,10,10,10,10,"2026-03-30","20260330_1338",10,NA,NA,NA,NA,NA,NA,NA
"DIAMINESQ",10,10,10,10,10,"2026-03-30","20260330_1338",10,NA,NA,NA,NA,NA,NA,NA
"DIAMONDYD",10,10,10,10,10,"2026-03-30","20260330_1339",10,NA,NA,NA,NA,NA,NA,NA
"DIVISLAB",10,10,10,10,10,"2026-03-30","20260330_1340",11,NA,NA,NA,NA,NA,NA,NA
"DIXON",10,10,10,10,10,"2026-03-30","20260330_1340",11,NA,NA,NA,NA,NA,NA,NA
"DLF",10,10,10,10,10,"2026-03-30","20260330_1340",11,NA,NA,NA,NA,NA,NA,NA
"DLINKINDIA",10,10,10,10,10,"2026-03-30","20260330_1340",11,NA,NA,NA,NA,NA,NA,NA
"DMART",10,10,10,10,10,"2026-03-30","20260330_1340",11,NA,NA,NA,NA,NA,NA,NA
"DODLA",10,10,10,10,10,"2026-03-30","20260330_1340",11,NA,NA,NA,NA,NA,NA,NA
"DOLLAR",10,10,10,10,10,"2026-03-30","20260330_1341",11,NA,NA,NA,NA,NA,NA,NA
"DREDGECORP",10,10,10,10,10,"2026-03-30","20260330_1341",11,NA,NA,NA,NA,NA,NA,NA
"DRREDDY",10,10,10,10,10,"2026-03-30","20260330_1341",11,NA,NA,NA,NA,NA,NA,NA
"DYCL",10,10,10,10,10,"2026-03-30","20260330_1341",11,NA,NA,NA,NA,NA,NA,NA
"EBGNG",51.55,50,47.5,57.14,55,"2026-03-30","20260330_1342",11,72,21,NA,110,-110.227272727273,-52.2026431718062,"2026-03-30"
"ECLERX",53.44,54.13,47.5,58.33,55,"2026-03-30","20260330_1343",11,26,16,NA,30.2,18.2561307901907,10.3351955307263,"2026-03-30"
"ECOSMOBLTY",50.09,49.57,47.5,50.71,55,"2026-03-30","20260330_1343",11,2,26,NA,NA,NA,NA,NA
"EDELWEISS",52.23,51.3,53,51.04,55,"2026-03-30","20260330_1344",11,-58,317,NA,33.7,59.0837282780411,8.0815374361253,"2026-03-30"
"EFCIL",53.04,51.19,55,52.83,55,"2026-03-30","20260330_1345",11,102,223,NA,45.1,100,25.5125284738041,"2026-03-30"
"EGOLD",10,10,10,10,10,"2026-03-30","20260330_1346",11,NA,NA,NA,NA,NA,NA,NA
"EICHERMOT",48.65,50.65,35,56.96,55,"2026-03-30","20260330_1346",11,20,25,NA,36.6,-0.390117035110533,-2.62008733624454,"2026-03-30"
"EIDPARRY",66.62,73.7,70,56.96,55,"2026-03-30","20260330_1347",11,189,1,NA,399,7.69230769230769,-1.40532544378698,"2026-03-30"
"EIEL",52.26,52.39,47,56.52,55,"2026-03-30","20260330_1348",11,22,11,NA,12.8,22.2222222222222,26.0683760683761,"2026-03-30"
"EIHOTEL",60.21,66.52,56,56.74,55,"2026-03-30","20260330_1349",11,12,10,NA,24.9,10.4072398190045,-5.66037735849057,"2026-03-30"
"ELECON",52.83,50.65,51,57.83,55,"2026-03-30","20260330_1350",11,24,26,NA,21.7,18.7234042553191,42.5414364640884,"2026-03-30"
"ELGIEQUIP",51.28,51.96,44.17,56.04,55,"2026-03-30","20260330_1351",11,8,11,NA,40.6,32.5490196078431,-8.49220103986135,"2026-03-30"
"ELLEN",57.83,56.9,65,52.86,55,"2026-03-30","20260330_1352",11,91,16,NA,NA,NA,NA,NA
"EMAMILTD",62.53,75.65,46,62.61,55,"2026-03-30","20260330_1352",11,6,NA,NA,19.8,16.7567567567568,-20,"2026-03-30"
"EMCURE",51.84,51.96,45.83,56.74,55,"2026-03-30","20260330_1353",11,210,26,NA,45.7,-4.61538461538462,62.1700879765396,"2026-03-30"
"EMKAY",62.1,71.96,86,51.6,10,"2026-03-30","20260330_1354",12,-74,-16,NA,34,-25,19.1176470588235,"2026-03-30"
"EMMVEE",54.22,52.39,55,56.3,55,"2026-03-30","20260330_1355",12,73,43,NA,111,67.9425837320574,-0.435835351089588,"2026-03-30"
"EMSLIMITED",51.79,50.71,47,57.5,55,"2026-03-30","20260330_1356",12,-30,-13,NA,11.4,141.095890410959,91.8604651162791,"2026-03-30"
"EMUDHRA",50,50.65,42.14,54.78,55,"2026-03-30","20260330_1357",12,30,26,NA,97.7,52,NA,"2026-03-30"
"ENGINERSIN",54.9,53.1,55,58.33,55,"2026-03-30","20260330_1358",12,133,39,NA,14.3,-56.1904761904762,-9.09090909090909,"2026-03-30"
"ENRIN",49.95,50.83,39.29,57.73,55,"2026-03-30","20260330_1359",12,368610,NA,NA,75.1,200,16.5354330708661,"2026-03-30"
"EPACK",49.96,48.48,47,52.83,55,"2026-03-30","20260330_1400",12,11,-5,NA,37.1,-87.9377431906615,74.0384615384615,"2026-03-30"
"EPACKPEB",52.61,52,50.83,54.25,55,"2026-03-30","20260330_1400",12,33,25,NA,16.1,NA,2.77777777777778,"2026-03-30"
"EPIGRAL",54.66,54.57,51,59.17,55,"2026-03-30","20260330_1401",12,-3,-1,NA,10.4,10.8040201005025,-9.44350758853288,"2026-03-30"
"EPL",50.55,49.57,44.17,57.17,55,"2026-03-30","20260330_1402",12,57,2,NA,20,27.4038461538462,5.98503740648379,"2026-03-30"
"EQUAL50ADD",10,10,10,10,10,"2026-03-30","20260330_1403",12,NA,NA,NA,NA,NA,NA,"2026-03-30"
"ERIS",64.21,70.87,64,58.04,55,"2026-03-30","20260330_1404",12,244,19,NA,60.3,108.928571428571,-3.59160613397902,"2026-03-30"
"ESCORTS",55.35,54.13,55,58.48,55,"2026-03-30","20260330_1405",12,19,9,NA,23.4,51.8238993710692,-0.952380952380952,"2026-03-30"
"ESILVER",10,10,10,10,10,"2026-03-30","20260330_1405",12,NA,NA,NA,NA,NA,NA,NA
"ETERNAL",56.57,55.43,55,61.96,55,"2026-03-30","20260330_1406",12,39,23,NA,87,17.0413343002175,63.8630806845966,"2026-03-30"
"EUREKAFORB",53.78,53.04,51,57.83,55,"2026-03-30","20260330_1407",12,37,11,NA,44.7,15.8974358974359,200,"2026-03-30"
"EUROPRATIK",52.26,55.95,40.71,57.26,55,"2026-03-30","20260330_1408",12,-1,-1,NA,41.2,-70.6666666666667,15.7894736842105,"2026-03-30"
"EVEREADY",67.06,71.74,73.33,58.91,55,"2026-03-30","20260330_1409",12,-6,8,NA,25.5,-12.751677852349,14.4230769230769,"2026-03-30"
"EXIDEIND",51.38,51.96,44.17,56.52,55,"2026-03-30","20260330_1409",12,-4,3,NA,23.3,-35.0025037556335,-18.4432325235498,"2026-03-30"
"FABTECH",54.56,53.7,55,55.42,55,"2026-03-30","20260330_1410",12,-10,5,NA,33.3,-185.483870967742,-50,"2026-03-30"
"FACT",57.05,57.17,59.38,55.43,55,"2026-03-30","20260330_1411",12,-77,31,NA,3,-50,112.576177285319,"2026-03-30"
"FDC",55.98,66.09,38.75,58.04,55,"2026-03-30","20260330_1412",12,-11,0,NA,21.9,40.2714932126697,0,"2026-03-30"
"FEDERALBNK",52.6,52.62,47,57.78,55,"2026-03-30","20260330_1413",12,-1,5,NA,16.5,33.3642261353105,2.03251129789809,"2026-03-30"
"FEDFINA",60.18,65.65,60,53.33,55,"2026-03-30","20260330_1414",12,42,11,NA,15,-26.0309278350515,0.845283018867925,"2026-03-30"
"FINCABLES",50.3,50.22,45.83,52.5,55,"2026-03-30","20260330_1415",12,14,16,NA,19.7,-64.1247833622184,10,"2026-03-30"
"FINOPB",35.3,43.54,31.43,42.65,10,"2026-03-30","20260330_1415",13,NA,NA,NA,NA,NA,NA,NA
"FINPIPE",10,10,10,10,10,"2026-03-30","20260330_1415",13,NA,NA,NA,NA,NA,NA,NA
"FIRSTCRY",52.49,47.86,55,56.74,55,"2026-03-30","20260330_1416",13,133,11,NA,174,200,5.79617834394904,"2026-03-30"
"FIVESTAR",33.59,43.24,29.17,37.5,10,"2026-03-30","20260330_1416",13,8,NA,NA,NA,NA,NA,NA
"FLAIR",10,10,10,10,10,"2026-03-30","20260330_1416",13,NA,NA,NA,NA,NA,NA,NA
"FLUOROCHEM",50.78,51,46.67,52.33,55,"2026-03-30","20260330_1417",13,39,NA,NA,NA,NA,NA,NA
"FMGOETZE",53.3,51.3,51,58.91,55,"2026-03-30","20260330_1418",13,36,9,NA,11.3,53.4351145038168,-33.3333333333333,"2026-03-30"
"FORTIS",53.27,54.57,49.17,54.52,55,"2026-03-30","20260330_1418",13,-13,26,NA,NA,NA,NA,NA
"FSL",37.88,50.38,30,43.61,10,"2026-03-30","20260330_1419",13,NA,NA,NA,NA,NA,NA,NA
"FUSION",24.24,35.38,17,21.67,10,"2026-03-30","20260330_1419",13,NA,NA,NA,NA,NA,NA,NA
"GABRIEL",10,10,10,10,10,"2026-03-30","20260330_1419",13,NA,NA,NA,NA,NA,NA,NA
"GAEL",64.08,88,66.5,20,55,"2026-03-30","20260330_1419",13,-34,18,NA,29.9,63.849765258216,24.6753246753247,"2026-03-30"
"GAIL",55.64,58.26,46.43,62.39,55,"2026-03-30","20260330_1420",13,-19,4,NA,11.8,31.3977042538825,3.88052789997685,"2026-03-30"
"GALLANTT",51.05,50.22,47,54.79,55,"2026-03-30","20260330_1421",13,26,-3,NA,27.6,68.3139534883721,73.8095238095238,"2026-03-30"
"GANDHAR",64.21,74.35,60,56.12,55,"2026-03-30","20260330_1422",13,48,3,NA,11.1,92.7710843373494,8.52459016393443,"2026-03-30"
"GANECOS",57.55,64.35,48.33,57.39,55,"2026-03-30","20260330_1423",13,-44,-3,NA,49.2,-66.2790697674419,-1.97841726618705,"2026-03-30"
"GANESHCP",55.21,64.17,38.75,58.04,55,"2026-03-30","20260330_1424",13,31,12,NA,18.2,-47.7272727272727,169.444444444444,"2026-03-30"
"GANESHHOU",52.83,52.39,47,59.35,55,"2026-03-30","20260330_1425",13,-90,-84,NA,89.7,5.3156146179402,-68.9516129032258,"2026-03-30"
"GARFIBRES",51.52,50.22,47,57.17,55,"2026-03-30","20260330_1426",13,-11,-4,NA,28.2,-8.58585858585858,103.076923076923,"2026-03-30"
"GARUDA",41.05,51.84,30.45,56,10,"2026-03-30","20260330_1426",13,133,126,NA,11.9,-200,NA,"2026-03-30"
"GCSL",49.96,47.61,47,54.57,55,"2026-03-30","20260330_1427",13,11,63,NA,59.8,-100,-27.2727272727273,"2026-03-30"
"GEMAROMA",47.5,51.3,30.56,55.43,55,"2026-03-30","20260330_1428",13,15,11,NA,16.6,-128.571428571429,-36,"2026-03-30"
"GENESYS",68.7,73.91,82,51.92,55,"2026-03-30","20260330_1429",13,-37,1,NA,20.6,-200,20.4918032786885,"2026-03-30"
"GENUSPOWER",62.86,67.83,64,57.39,55,"2026-03-30","20260330_1430",13,181,116,NA,11.8,-187.662337662338,27.8184480234261,"2026-03-30"
"GESHIP",55.39,57.61,47,61.74,55,"2026-03-30","20260330_1431",13,-19,-19,NA,11.6,-6.87183811129848,-42.0249653259362,"2026-03-30"
"GHCL",56.41,58.04,53,58.48,55,"2026-03-30","20260330_1432",14,-15,-5,NA,7.62,-19.9498117942284,-18.4873949579832,"2026-03-30"
"GICHSGFIN",59.25,64.78,60,50.45,55,"2026-03-30","20260330_1433",14,-19,1,NA,4.95,-103.448275862069,2.8491879350348,"2026-03-30"
"GICRE",57.57,58.16,65,49.05,55,"2026-03-30","20260330_1434",14,18,13,NA,7.5,-71.875,NA,"2026-03-30"
"GIPCL",44.57,49.04,25.71,51.4,55,"2026-03-30","20260330_1435",14,NA,NA,NA,NA,NA,NA,NA
"GKSL",27.01,42.31,17,21.67,10,"2026-03-30","20260330_1435",14,NA,NA,NA,NA,NA,NA,NA
"GLENMARK",14.56,10,10,32.78,10,"2026-03-30","20260330_1435",14,NA,NA,NA,NA,NA,NA,NA
"GMBREW",10,10,10,10,10,"2026-03-30","20260330_1435",14,NA,NA,NA,NA,NA,NA,NA
"GMDCLTD",23.33,34.58,17,18.75,10,"2026-03-30","20260330_1435",14,NA,NA,NA,NA,NA,NA,NA
"GMMPFAUDLR",10,10,10,10,10,"2026-03-30","20260330_1435",14,NA,NA,NA,NA,NA,NA,NA
"GNFC",10,10,10,10,10,"2026-03-30","20260330_1435",14,NA,NA,NA,NA,NA,NA,NA
"GOACARBON",10,10,10,10,10,"2026-03-30","20260330_1436",14,NA,NA,NA,NA,NA,NA,NA
"GOCLCORP",10,10,10,10,10,"2026-03-30","20260330_1436",14,NA,NA,NA,NA,NA,NA,NA
"GOCOLORS",10,10,10,10,10,"2026-03-30","20260330_1437",14,NA,NA,NA,NA,NA,NA,NA
"GODAVARIB",10,10,10,10,10,"2026-03-30","20260330_1437",14,NA,NA,NA,NA,NA,NA,NA
"GODFRYPHLP",10,10,10,10,10,"2026-03-30","20260330_1437",14,NA,NA,NA,NA,NA,NA,NA
"GODIGIT",10,10,10,10,10,"2026-03-30","20260330_1438",14,NA,NA,NA,NA,NA,NA,NA
"GODREJAGRO",10,10,10,10,10,"2026-03-30","20260330_1438",14,NA,NA,NA,NA,NA,NA,NA
"GODREJCP",10,10,10,10,10,"2026-03-30","20260330_1438",14,NA,NA,NA,NA,NA,NA,NA
"GODREJPROP",10,10,10,10,10,"2026-03-30","20260330_1438",14,NA,NA,NA,NA,NA,NA,NA
"GOKEX",10,10,10,10,10,"2026-03-30","20260330_1438",14,NA,NA,NA,NA,NA,NA,NA
"GOKULAGRO",10,10,10,10,10,"2026-03-30","20260330_1438",14,NA,NA,NA,NA,NA,NA,NA
"GOLD1",10,10,10,10,10,"2026-03-30","20260330_1439",14,NA,NA,NA,NA,NA,NA,NA
"GOLDADD",10,10,10,10,10,"2026-03-30","20260330_1439",14,NA,NA,NA,NA,NA,NA,NA
"GOLDBEES",10,10,10,10,10,"2026-03-30","20260330_1439",14,NA,NA,NA,NA,NA,NA,NA
"GOLDBETA",10,10,10,10,10,"2026-03-30","20260330_1439",14,NA,NA,NA,NA,NA,NA,NA
"GOLDBND",10,10,10,10,10,"2026-03-30","20260330_1441",15,NA,NA,NA,NA,NA,NA,NA
"GOLDETF",10,10,10,10,10,"2026-03-30","20260330_1441",15,NA,NA,NA,NA,NA,NA,NA
"GOLDIAM",10,10,10,10,10,"2026-03-30","20260330_1442",15,NA,NA,NA,NA,NA,NA,NA
"GOLDIETF",10,10,10,10,10,"2026-03-30","20260330_1442",15,NA,NA,NA,NA,NA,NA,NA
"GOODLUCK",10,10,10,10,10,"2026-03-30","20260330_1442",15,NA,NA,NA,NA,NA,NA,NA
"GOPAL",10,10,10,10,10,"2026-03-30","20260330_1442",15,NA,NA,NA,NA,NA,NA,NA
"GPIL",10,10,10,10,10,"2026-03-30","20260330_1450",15,NA,NA,NA,NA,NA,NA,NA
"GPPL",10,10,10,10,10,"2026-03-30","20260330_1507",15,NA,NA,NA,NA,NA,NA,NA
"GPTHEALTH",10,10,10,10,10,"2026-03-30","20260330_1508",15,NA,NA,NA,NA,NA,NA,NA
"GPTINFRA",10,10,10,10,10,"2026-03-30","20260330_1508",15,NA,NA,NA,NA,NA,NA,NA
"GRANULES",10,10,10,10,10,"2026-03-30","20260330_1508",15,NA,NA,NA,NA,NA,NA,NA
"GRAPHITE",10,10,10,10,10,"2026-03-30","20260330_1508",15,NA,NA,NA,NA,NA,NA,NA
"GRASIM",10,10,10,10,10,"2026-03-30","20260330_1508",15,NA,NA,NA,NA,NA,NA,NA
"GRAVITA",10,10,10,10,10,"2026-03-30","20260330_1525",15,NA,NA,NA,NA,NA,NA,NA
"GREAVESCOT",50.91,51.96,40.71,58.48,55,"2026-03-30","20260330_1625",15,38,18,NA,12.2,-39.1304347826087,128.395061728395,"2026-03-30"
"GREENPANEL",55.27,69.17,36.25,51.46,55,"2026-03-30","20260330_1725",15,-102,4,NA,NA,-42.2222222222222,29.8245614035088,"2026-03-30"
"GREENPLY",58.24,67.39,45.71,58,55,"2026-03-30","20260330_1826",15,-14,5,NA,25.9,8,5.24271844660194,"2026-03-30"
"GRINFRA",55.47,53.93,55,59.5,55,"2026-03-30","20260330_1943",15,17,5,NA,8.64,2.35849056603774,12.4924562462281,"2026-03-30"
"GRMOVER",56.82,66.96,41.25,57.39,55,"2026-03-30","20260330_2028",15,6,8,NA,58.4,55.5555555555556,-42.032967032967,"2026-03-30"
"GROWW",58.48,57.61,69.17,49.46,55,"2026-03-30","20260330_2056",15,250,38,NA,75.8,-104.572564612326,-39.8360655737705,"2026-03-30"
"GROWWLIQID",10,10,10,10,10,"2026-03-30","20260330_2116",15,NA,NA,NA,NA,NA,NA,"2026-03-30"
"GRSE",66.09,68.83,75.5,57.17,55,"2026-03-30","20260330_2139",15,75,47,NA,32.8,102.263083451202,200,"2026-03-30"
"GSFC",67.16,69.35,76.67,60,55,"2026-03-30","20260330_2200",15,26,7,NA,8.21,127.205882352941,-50,"2026-03-30"
"GSPL",51.33,53.04,40.83,58.25,55,"2026-03-30","20260330_2221",15,-29,-23,NA,18.2,-19.9658703071672,1.44927536231884,"2026-03-30"
"GUJALKALI",57.62,63.91,51.67,54.43,55,"2026-03-30","20260330_2242",15,228,8,NA,122,200,13.5472370766488,"2026-03-30"
"GUJGASLTD",47.26,48.8,32.78,56.46,55,"2026-03-30","20260330_2308",16,-5,-7,NA,18.2,10.5263157894737,0.666666666666667,"2026-03-30"
"GUJTHEM",54.95,53.1,55,58.57,55,"2026-03-30","20260330_2329",16,-9,3,NA,51.8,42.1875,136.666666666667,"2026-03-30"
"GULFOILLUB",51.57,52.17,42.14,59.57,55,"2026-03-30","20260330_2337",16,3,11,NA,11.9,21.551724137931,8.56531049250535,"2026-03-30"
"GULPOLY",47.86,48.48,40.71,50.2,55,"2026-03-30","20260330_2338",16,216,19,NA,11.7,-36.3636363636364,15.5612244897959,"2026-03-30"
"GVPIL",66.8,64.57,85,57.39,55,"2026-03-30","20260330_2339",16,337,19,NA,16.9,75.8241758241758,-31.0344827586207,"2026-03-30"
"GVT&D",66.85,68.57,76,60.87,55,"2026-03-30","20260330_2339",16,129,41,NA,83.2,74.5173745173745,NA,"2026-03-30"
"HAL",52.83,50.65,51,57.83,55,"2026-03-30","20260330_2340",16,2,2,NA,26.4,65.8764891806467,-78.4313725490196,"2026-03-30"
"HAPPSTMNDS",49.75,50.43,42.14,53.96,55,"2026-03-30","20260330_2341",16,15,5,NA,27.2,-46.031746031746,2.41157556270096,"2026-03-30"
"HARIOMPIPE",46.37,48.48,30.56,55.43,55,"2026-03-30","20260330_2342",16,3,21,NA,13.6,200,4.23940149625935,"2026-03-30"
"HAVELLS",51.39,49.57,47,57.83,55,"2026-03-31","20260331_0005",16,8,8,NA,48.9,-20.3164880040837,-10.3448275862069,"2026-03-31"
"HBLENGINE",48.91,49,42.14,52.6,55,"2026-03-31","20260331_0016",16,166,49,NA,21,-20.3508771929825,17.5675675675676,"2026-03-31"
"HCG",51.54,50.22,53,49.77,55,"2026-03-31","20260331_0044",16,-16,8,NA,NA,NA,NA,NA
"HCLTECH",57.22,54.57,59,61.96,55,"2026-03-31","20260331_0044",16,2,12,NA,29.7,4.63944509880906,8.03059273422562,"2026-03-31"
"HDBFS",48.95,47.17,47.5,49.78,55,"2026-03-31","20260331_0045",16,-12,15,NA,20,18.5826959847036,17.4011690093672,"2026-03-31"
"HDFCAMC",54.39,54.13,51,58.7,55,"2026-03-31","20260331_0046",16,22,21,NA,33,28.2098765432099,NA,"2026-03-31"
"HDFCBANK",49.32,51.19,39.29,53.85,55,"2026-03-31","20260331_0047",16,10,5,NA,15.4,200,2.79207487972751,"2026-03-31"
"HDFCGOLD",10,10,10,10,10,"2026-03-31","20260331_0048",16,NA,NA,NA,NA,NA,NA,"2026-03-31"
"HDFCLIFE",51.79,53.95,45.83,52.5,55,"2026-03-31","20260331_0049",16,9,3,NA,67.4,45.4358974358974,-20.3389830508475,"2026-03-31"
"HDFCNIFTY",10,10,10,10,10,"2026-03-31","20260331_0049",16,NA,NA,NA,NA,NA,NA,NA
"HDFCSILVER",10,10,10,10,10,"2026-03-31","20260331_0049",16,NA,NA,NA,NA,NA,NA,NA
"HDFCSML250",10,10,10,10,10,"2026-03-31","20260331_0049",16,NA,NA,NA,NA,NA,NA,NA
"HEALTHIETF",10,10,10,10,10,"2026-03-31","20260331_0049",16,NA,NA,NA,NA,NA,NA,NA
"HEG",47.37,48.1,43,45.67,55,"2026-03-31","20260331_0049",16,42,16,NA,37,-48.130081300813,9.52380952380952,"2026-03-31"
"HEIDELBERG",51.9,53.04,44.17,56.96,55,"2026-03-31","20260331_0050",16,36,8,NA,21.8,-24.2857142857143,2.66666666666667,"2026-03-31"
"HEMIPROP",42.15,47.29,23.75,45.24,55,"2026-03-31","20260331_0051",16,2,NA,NA,NA,NA,NA,NA
"HERANBA",60.13,60.57,63.83,58.48,55,"2026-03-31","20260331_0052",17,-20,32,NA,10.8,0.735294117647059,46.9914040114613,"2026-03-31"
"HERITGFOOD",49.72,48.48,44.17,55.21,55,"2026-03-31","20260331_0053",17,-21,9,NA,19,-46.6666666666667,25.7142857142857,"2026-03-31"
"HEROMOTOCO",52.16,53.7,44.17,56.96,55,"2026-03-31","20260331_0054",17,11,9,NA,20.1,-14.7748114937844,2.57142857142857,"2026-03-31"
"HEXT",49.91,50.22,40.71,56.96,55,"2026-03-31","20260331_0055",17,10,17,NA,30.4,16.3398692810458,18.6411149825784,"2026-03-31"
"HGINFRA",49.6,49.57,47,48.86,55,"2026-03-31","20260331_0055",17,-13,10,NA,NA,NA,NA,NA
"HIKAL",52.02,53.7,40.83,60.43,55,"2026-03-31","20260331_0056",17,-66,-4,NA,72.5,49.7326203208556,-10.718954248366,"2026-03-31"
"HINDALCO",52.87,51.3,51,56.74,55,"2026-03-31","20260331_0057",17,40,14,NA,22.8,9.59072978303748,17.1268125576812,"2026-03-31"
"HINDCOPPER",55.61,54.13,55,59.78,55,"2026-03-31","20260331_0058",17,66,39,NA,65.9,59.5307917888563,-14.9700598802395,"2026-03-31"
"HINDOILEXP",53.95,54.13,55,51.48,55,"2026-03-31","20260331_0059",17,354,42,NA,8.85,200,-36.3636363636364,"2026-03-31"
"HINDPETRO",51.49,51.96,44.17,57.08,55,"2026-03-31","20260331_0059",17,128,-1,NA,4.57,-40.3177257525084,-10.5771138637716,"2026-03-31"
"HINDUNILVR",52.3,52.29,44.17,60.43,55,"2026-03-31","20260331_0100",17,4,NA,NA,45.1,-22.0236495565708,7.70631067961165,"2026-03-31"
"HINDWAREAP",50.43,48.48,47,55.22,55,"2026-03-31","20260331_0101",17,125,-11,NA,145,-31.25,2.36220472440945,"2026-03-31"
"HINDZINC",52.65,50.65,51,56.96,55,"2026-03-31","20260331_0102",17,24,11,NA,18.2,5.87574008843588,1.86924409592414,"2026-03-31"
"HIRECT",50.65,50,47.5,52.6,55,"2026-03-31","20260331_0103",17,63,40,NA,43.6,5.88235294117647,26.8292682926829,"2026-03-31"
"HLEGLAS",48.77,49.57,42.14,50.8,55,"2026-03-31","20260331_0104",17,577,37,NA,41.8,129.166666666667,0.26246719160105,"2026-03-31"
"HNGSNGBEES",10,10,10,10,10,"2026-03-31","20260331_0104",17,NA,NA,NA,NA,NA,NA,"2026-03-31"
"HOMEFIRST",12.5,10,10,22.5,10,"2026-03-31","20260331_0104",17,NA,NA,NA,NA,NA,NA,NA
"HONASA",60.12,72,48.75,54.41,55,"2026-03-31","20260331_0105",17,104,17,NA,NA,NA,NA,NA
"HPL",49.5,49.57,40.83,56.09,55,"2026-03-31","20260331_0106",17,35,17,NA,18.2,NA,NA,"2026-03-31"
"HSCL",38,49.04,25.71,52.27,10,"2026-03-31","20260331_0106",17,NA,NA,NA,NA,NA,NA,NA
"HUBTOWN",65.34,76.52,62.5,54.29,55,"2026-03-31","20260331_0107",17,183,10,NA,19.9,-152.358490566038,33.5435056746532,"2026-03-31"
"HUDCO",54.26,52.39,55,56.5,55,"2026-03-31","20260331_0108",17,4,30,NA,11.5,-200,16.1623708130992,"2026-03-31"
"HUHTAMAKI",52.31,51.09,55,49.38,55,"2026-03-31","20260331_0109",17,95,-2,NA,9.64,NA,-22.8733459357278,"2026-03-31"
"HYUNDAI",48.72,55.71,26.82,57.39,55,"2026-03-31","20260331_0109",17,2,1,NA,25.4,-53.3523537803138,1.05882352941176,"2026-03-31"
"ICICIAMC",50.68,51.96,47.5,48.86,55,"2026-03-31","20260331_0110",17,29,32,NA,47.2,45.8356940509915,NA,"2026-03-31"
