SECTOR_NAME,SECTOR_STRENGTH,TOTAL_STOCKS,SYMBOL,COMPANY_NAME,MARKET_CAP_CATEGORY,CURRENT_PRICE,CHANGE_1D,CHANGE_1W,CHANGE_1M,TECHNICAL_SCORE,RSI,RELATIVE_STRENGTH,CAN_SLIM_SCORE,MINERVINI_SCORE,ENHANCED_FUND_SCORE,TREND_SIGNAL,TRADING_SIGNAL
Defence & Aerospace,52.28,17,BHARATFORG,BHARATFORG,LARGE_CAP,1992.9,6.36,4.46,19.24,56,68.6,NA,18,16,NA,STRONG_BULLISH,HOLD
Defence & Aerospace,52.28,17,ASTRAMICRO,ASTRAMICRO,LARGE_CAP,1162.5,6.83,4.9,16.61,54,63.4,NA,20,14,NA,STRONG_BULLISH,HOLD
Defence & Aerospace,52.28,17,BELRISE,BELRISE,SMALL_CAP,227.94,2.62,6.53,19.91,50.7,66.7,NA,16,10,NA,STRONG_BULLISH,HOLD
Defence & Aerospace,52.28,17,MODEFENCE,MODEFENCE,MICRO_CAP,103.57,3.09,4.75,21.02,50.7,79.8,NA,16,16,NA,STRONG_BULLISH,HOLD
Defence & Aerospace,52.28,17,AEROFLEX,AEROFLEX,SMALL_CAP,413.6,19.99,35.53,68.34,50,76.2,NA,20,8,NA,STRONG_BULLISH,HOLD
Auto & Auto Ancillaries,47.72,13,BHARATFORG,BHARATFORG,LARGE_CAP,1992.9,6.36,4.46,19.24,56,68.6,NA,18,16,NA,STRONG_BULLISH,HOLD
Auto & Auto Ancillaries,47.72,13,MOTHERSON,MOTHERSON,MICRO_CAP,130.43,2.37,5.83,20.28,51.3,59.8,NA,13,14,NA,STRONG_BULLISH,HOLD
Auto & Auto Ancillaries,47.72,13,BAJAJ-AUTO,Bajaj Auto Limited,LARGE_CAP,10605,2.77,11.12,17.19,50,70.6,NA,16,12,NA,STRONG_BULLISH,HOLD
Auto & Auto Ancillaries,47.72,13,SANDHAR,SANDHAR,MICRO_CAP,528.3,3.72,6.54,11.79,41.3,59.1,NA,12,4,NA,STRONG_BULLISH,WEAK_HOLD
Auto & Auto Ancillaries,47.72,13,TVSMOTOR,TVS Motor Company Limited,LARGE_CAP,3706.7,2.45,4.3,6.8,40,46.7,NA,7,15,NA,BULLISH,WEAK_HOLD
Infrastructure,47.46,22,THERMAX,THERMAX,LARGE_CAP,4182.3,2.59,4.82,30.14,52.7,52.9,NA,16,16,NA,STRONG_BULLISH,HOLD
Infrastructure,47.46,22,JSWINFRA,JSWINFRA,SMALL_CAP,281.2,2.93,2.95,20.01,49.3,58.8,NA,16,18,NA,BULLISH,WEAK_HOLD
Infrastructure,47.46,22,ABB,ABB,LARGE_CAP,7188,0.08,-1.05,14.66,45.3,60.1,NA,13,11,NA,STRONG_BULLISH,WEAK_HOLD
Infrastructure,47.46,22,BHEL,BHEL,SMALL_CAP,406.45,5.31,17.98,60.28,45.3,89.8,NA,16,14,NA,STRONG_BULLISH,WEAK_HOLD
Infrastructure,47.46,22,NTPC,NTPC Limited,SMALL_CAP,400.35,1.39,-0.24,8.54,44.7,59.1,NA,11,12,NA,STRONG_BULLISH,WEAK_HOLD
Energy - Power,47.34,20,CGPOWER,CG Power and Industrial Solutions Limited,MID_CAP,859.1,3.64,4.06,23.81,53.3,76.3,NA,20,16,NA,STRONG_BULLISH,HOLD
Energy - Power,47.34,20,TDPOWERSYS,TDPOWERSYS,LARGE_CAP,1245.3,6.97,8.62,41.47,50,86.9,NA,18,14,NA,STRONG_BULLISH,HOLD
Energy - Power,47.34,20,NTPC,NTPC Limited,SMALL_CAP,400.35,1.39,-0.24,8.54,44.7,59.1,NA,11,12,NA,STRONG_BULLISH,WEAK_HOLD
Energy - Power,47.34,20,BORORENEW,BORORENEW,MID_CAP,565.55,3.8,11.91,34.11,44.7,77.4,NA,16,11,NA,BULLISH,WEAK_HOLD
Energy - Power,47.34,20,QPOWER,QPOWER,LARGE_CAP,1279.2,6.72,-8.13,49.27,44,61.9,NA,16,9,NA,STRONG_BULLISH,WEAK_HOLD
Metals & Mining,46.14,22,HINDCOPPER,Hindustan Copper Limited,MID_CAP,568.6,3.29,2.4,12.73,51.3,51.9,NA,13,14,NA,STRONG_BULLISH,HOLD
Metals & Mining,46.14,22,RATNAMANI,RATNAMANI,SMALL_CAP,2827.1,3.29,6.11,28.1,48,84.8,NA,16,16,NA,STRONG_BULLISH,WEAK_HOLD
Metals & Mining,46.14,22,COALINDIA,COALINDIA,SMALL_CAP,466.65,-0.75,-2.76,0.79,46.7,74,NA,12,12,NA,STRONG_BULLISH,WEAK_HOLD
Metals & Mining,46.14,22,JSWSTEEL,JSW Steel Limited,LARGE_CAP,1283.4,0.79,0.29,11.42,44,68.9,NA,8,13,NA,STRONG_BULLISH,WEAK_HOLD
Metals & Mining,46.14,22,HINDALCO,Hindalco Industries Limited,LARGE_CAP,1055.7,0.95,-1.08,10.6,40.7,55.1,NA,13,8,NA,STRONG_BULLISH,WEAK_HOLD
Textiles,42.02,10,ARVIND,ARVIND,SMALL_CAP,447.9,14.93,14.03,19.41,48.7,80.3,NA,20,10,NA,STRONG_BULLISH,WEAK_HOLD
Textiles,42.02,10,WELSPUNLIV,WELSPUNLIV,MICRO_CAP,132.24,-0.5,1.5,10.84,44.7,67.5,NA,11,10,NA,STRONG_BULLISH,WEAK_HOLD
Textiles,42.02,10,RAYMOND,RAYMOND,MID_CAP,513.8,-0.94,10.61,45.45,40.7,72.3,NA,18,6,NA,BULLISH,WEAK_HOLD
Textiles,42.02,10,RELAXO,Relaxo Footwears Limited,SMALL_CAP,305.25,1.13,0.36,13.11,38.7,50.7,NA,11,13,NA,STRONG_BEARISH,WEAK_HOLD
Textiles,42.02,10,RAYMONDREL,RAYMONDREL,MID_CAP,635.2,11.52,46.12,53.08,37.3,83.5,NA,15,8,NA,BULLISH,WEAK_HOLD
Chemicals,42,22,DEEPAKFERT,DEEPAKFERT,MID_CAP,1338.4,3.41,7.96,35.91,44.7,71.6,NA,13,14,NA,BULLISH,WEAK_HOLD
Chemicals,42,22,BALAJITELE,BALAJITELE,MICRO_CAP,122.94,12.19,24.93,44.52,44.7,87.5,NA,18,10,NA,STRONG_BULLISH,WEAK_HOLD
Chemicals,42,22,SUMICHEM,SUMICHEM,SMALL_CAP,498.9,0.72,14.32,26.87,42,71.7,NA,18,5,NA,BULLISH,WEAK_HOLD
Chemicals,42,22,SUDARSCHEM,Sudarshan Chemical Industries Limited,SMALL_CAP,966.05,2.17,8.78,25.37,39.3,64.6,NA,8,16,NA,BULLISH,WEAK_HOLD
Chemicals,42,22,LXCHEM,LXCHEM,MICRO_CAP,163.92,6.06,11.46,39.14,39.3,72.4,NA,16,6,NA,BULLISH,WEAK_HOLD
Pharma & Healthcare,40.68,16,LUPIN,Lupin Limited,LARGE_CAP,2460.1,0.7,6.43,7.04,42,69.9,NA,12,6,NA,STRONG_BULLISH,WEAK_HOLD
Pharma & Healthcare,40.68,16,APOLLOHOSP,APOLLOHOSP,LARGE_CAP,7837,0.99,1.66,6.97,42,63.8,NA,9,12,NA,STRONG_BULLISH,WEAK_HOLD
Pharma & Healthcare,40.68,16,AUROPHARMA,Aurobindo Pharma Limited,LARGE_CAP,1478.7,-0.36,5.86,11.18,42,66.7,NA,15,8,NA,STRONG_BULLISH,WEAK_HOLD
Pharma & Healthcare,40.68,16,DIVISLAB,DIVISLAB,LARGE_CAP,6702.5,0.01,2.58,14.57,38.7,78.2,NA,10,13,NA,BULLISH,WEAK_HOLD
Pharma & Healthcare,40.68,16,LAURUSLABS,LAURUSLABS,LARGE_CAP,1206.5,2.45,9.08,14.1,38.7,64.5,NA,14,4,NA,STRONG_BULLISH,WEAK_HOLD
FMCG & Consumer Goods,40.64,21,RADICO,RADICO,LARGE_CAP,3407,1.48,-1.49,29.59,45.3,70.2,NA,14,11,NA,STRONG_BULLISH,WEAK_HOLD
FMCG & Consumer Goods,40.64,21,JUBLPHARMA,JUBLPHARMA,MICRO_CAP,981.15,2.58,5.86,12.85,41.3,76.2,NA,12,18,NA,BULLISH,WEAK_HOLD
FMCG & Consumer Goods,40.64,21,NITCO,NITCO,MICRO_CAP,101.74,0.79,14.95,17.75,40,75.1,NA,18,5,NA,BULLISH,WEAK_HOLD
FMCG & Consumer Goods,40.64,21,RITCO,RITCO,MICRO_CAP,241.94,9.04,14.37,29.68,39.3,80.1,NA,14,12,NA,BULLISH,WEAK_HOLD
FMCG & Consumer Goods,40.64,21,TATACONSUM,Tata Consumer Products Limited,LARGE_CAP,1151.7,-0.04,-1.4,8.45,37.3,63.1,NA,6,10,NA,STRONG_BULLISH,WEAK_HOLD
Finance & NBFC,40.4,23,JAINREC,JAINREC,MID_CAP,504.2,9.08,9.53,13.76,44,83,NA,15,14,NA,STRONG_BULLISH,WEAK_HOLD
Finance & NBFC,40.4,23,POLICYBZR,POLICYBZR,LARGE_CAP,1684.1,-1.04,-0.01,15.37,42,74.5,NA,16,10,NA,BULLISH,WEAK_HOLD
Finance & NBFC,40.4,23,PRECWIRE,PRECWIRE,SMALL_CAP,405.7,2.84,-2.48,38.23,40,63,NA,15,6,NA,STRONG_BULLISH,WEAK_HOLD
Finance & NBFC,40.4,23,HDFCGOLD,HDFCGOLD,MICRO_CAP,128.56,0.4,2.43,2.21,38,45.4,NA,3,13,NA,BULLISH,WEAK_HOLD
Finance & NBFC,40.4,23,PRECAM,PRECAM,MICRO_CAP,163.17,1.89,2.28,34.29,38,61.3,NA,11,11,NA,BULLISH,WEAK_HOLD
Paper & Packaging,39.760000000000005,11,NRBBEARING,NRBBEARING,MICRO_CAP,300.15,2.49,5.18,26.35,44.7,66.1,NA,10,14,NA,BULLISH,WEAK_HOLD
Paper & Packaging,39.760000000000005,11,JAINREC,JAINREC,MID_CAP,504.2,9.08,9.53,13.76,44,83,NA,15,14,NA,STRONG_BULLISH,WEAK_HOLD
Paper & Packaging,39.760000000000005,11,MIDWESTLTD,MIDWESTLTD,SMALL_CAP,1379.3,4.82,10.49,9.77,38.7,57.6,NA,7,14,NA,BEARISH,WEAK_HOLD
Paper & Packaging,39.760000000000005,11,ENRIN,ENRIN,LARGE_CAP,3139.5,-1.45,-5.15,19.42,36.7,65.6,NA,9,8,NA,STRONG_BULLISH,WEAK_HOLD
Paper & Packaging,39.760000000000005,11,JKPAPER,JKPAPER,MICRO_CAP,373,-0.85,2.07,11.98,34.7,46.9,NA,7,8,NA,STRONG_BULLISH,SELL
Logistics & Shipping,38.68,6,STCINDIA,STCINDIA,MICRO_CAP,122.61,2.05,3.56,13.6,42.7,60.6,NA,8,16,NA,BULLISH,WEAK_HOLD
Logistics & Shipping,38.68,6,VRLLOG,VRLLOG,MICRO_CAP,267.9,5.39,4.9,13.66,40.7,56.8,NA,11,16,NA,STRONG_BEARISH,WEAK_HOLD
Logistics & Shipping,38.68,6,TCIEXP,TCIEXP,MICRO_CAP,573.6,7.1,10.59,11.9,40,58.6,NA,11,12,NA,STRONG_BEARISH,WEAK_HOLD
Logistics & Shipping,38.68,6,ADANIPORTS,Adani Ports and Special Economic Zone Limited,LARGE_CAP,1732.8,-0.89,4.32,25.47,36,80.2,NA,13,8,NA,STRONG_BULLISH,WEAK_HOLD
Logistics & Shipping,38.68,6,CONCOR,CONCOR,MID_CAP,526.7,0.48,2.35,16.12,34,66.7,NA,8,13,NA,BULLISH,SELL
Consumer Durables,38.02,11,ORIENTELEC,ORIENTELEC,MICRO_CAP,192.09,4.57,3.19,23.96,44.7,70.2,NA,14,16,NA,BULLISH,WEAK_HOLD
Consumer Durables,38.02,11,VGUARD,VGUARD,MICRO_CAP,331.95,-0.12,-0.51,4.06,38.7,58.5,NA,7,12,NA,BULLISH,WEAK_HOLD
Consumer Durables,38.02,11,TITAN,TITAN,LARGE_CAP,4307.5,-1.2,-2.98,1.82,36.7,31.6,NA,6,8,NA,STRONG_BULLISH,WEAK_HOLD
Consumer Durables,38.02,11,ORIENTTECH,ORIENTTECH,SMALL_CAP,311.85,9.44,13.35,22.5,36.7,64.8,NA,13,8,NA,STRONG_BEARISH,WEAK_HOLD
Consumer Durables,38.02,11,CROMPTON,CROMPTON,SMALL_CAP,290.75,2.36,5.34,23.96,33.3,71.3,NA,10,6,NA,STRONG_BULLISH,SELL
Energy - Oil & Gas,38,16,HINDOILEXP,HINDOILEXP,MICRO_CAP,164.21,6.78,4.53,14.05,47.3,55.4,NA,14,14,NA,BULLISH,WEAK_HOLD
Energy - Oil & Gas,38,16,BIOCON,Biocon Limited,SMALL_CAP,382.25,0.43,5.52,12.41,38,75.6,NA,9,8,NA,BULLISH,WEAK_HOLD
Energy - Oil & Gas,38,16,PETRONET,PETRONET,SMALL_CAP,282.1,-0.42,0.71,10.59,36,63.7,NA,7,10,NA,STRONG_BEARISH,WEAK_HOLD
Energy - Oil & Gas,38,16,MGL,MGL,SMALL_CAP,1179.8,1.11,2.95,23.54,36,76.5,NA,9,13,NA,BULLISH,WEAK_HOLD
Energy - Oil & Gas,38,16,ATGL,ATGL,MID_CAP,644.25,-1.04,-1.93,24,32.7,65,NA,13,8,NA,BULLISH,SELL
IT & Software,36.54,16,WSTCSTPAPR,WSTCSTPAPR,MICRO_CAP,520.15,-1.61,7.94,16.8,41.3,56.6,NA,14,6,NA,STRONG_BULLISH,WEAK_HOLD
IT & Software,36.54,16,THOMASCOTT,THOMASCOTT,MICRO_CAP,309.85,17.1,19.7,24.99,40,66.9,NA,13,10,NA,STRONG_BEARISH,WEAK_HOLD
IT & Software,36.54,16,ALLTIME,ALLTIME,MICRO_CAP,270.18,2.53,14.45,33.05,34.7,75.9,NA,8,12,NA,BULLISH,SELL
IT & Software,36.54,16,MASTEK,MASTEK,MICRO_CAP,1687.3,-0.32,-0.28,10.25,34,48.8,NA,7,8,NA,BULLISH,SELL
IT & Software,36.54,16,INTELLECT,INTELLECT,MID_CAP,782.15,-0.29,5.73,17.2,32.7,70.8,NA,14,6,NA,BULLISH,SELL
Telecom,36.12,13,TATASTEEL,Tata Steel Limited,SMALL_CAP,217.09,0.75,0.56,9.57,39.3,63.3,NA,9,10,NA,STRONG_BULLISH,WEAK_HOLD
Telecom,36.12,13,TATACONSUM,Tata Consumer Products Limited,LARGE_CAP,1151.7,-0.04,-1.4,8.45,37.3,63.1,NA,6,10,NA,STRONG_BULLISH,WEAK_HOLD
Telecom,36.12,13,TATAPOWER,Tata Power Company Limited,SMALL_CAP,439.25,-0.9,-2.71,13.3,36,58.7,NA,13,10,NA,STRONG_BULLISH,WEAK_HOLD
Telecom,36.12,13,COMMOIETF,COMMOIETF,MICRO_CAP,106.03,0.01,0.73,10.71,36,77.3,NA,9,13,NA,STRONG_BULLISH,WEAK_HOLD
Telecom,36.12,13,TATAINVEST,TATAINVEST,SMALL_CAP,732.5,0.82,2.08,23.44,32,60.8,NA,9,9,NA,BULLISH,SELL
Media & Entertainment,34.94,14,SUNFLAG,SUNFLAG,SMALL_CAP,412.3,3.95,40.68,77.36,38,89.2,NA,18,4,NA,STRONG_BULLISH,WEAK_HOLD
Media & Entertainment,34.94,14,HDBFS,HDBFS,SMALL_CAP,700.55,2.21,4.91,20.32,37.3,55.3,NA,5,11,NA,BULLISH,WEAK_HOLD
Media & Entertainment,34.94,14,LIQUIDBETF,LIQUIDBETF,SMALL_CAP,1080.42,0.01,0.1,0.38,34,100,NA,6,12,NA,STRONG_BULLISH,SELL
Media & Entertainment,34.94,14,SUNPHARMA,SUNPHARMA,LARGE_CAP,1834.4,-0.85,3.13,6.78,32.7,70,NA,9,8,NA,STRONG_BULLISH,SELL
Media & Entertainment,34.94,14,GOLDBEES,GOLDBEES,MICRO_CAP,124.47,0.36,2.38,2.21,32.7,44.8,NA,2,11,NA,BULLISH,SELL
Agriculture & Fertilizers,34.54,8,SUNFLAG,SUNFLAG,SMALL_CAP,412.3,3.95,40.68,77.36,38,89.2,NA,18,4,NA,STRONG_BULLISH,WEAK_HOLD
Agriculture & Fertilizers,34.54,8,GNFC,GNFC,MICRO_CAP,501.15,0.56,5.53,23.34,35.3,67.8,NA,9,6,NA,BULLISH,WEAK_HOLD
Agriculture & Fertilizers,34.54,8,GSFC,GSFC,MICRO_CAP,177.71,-0.12,2.98,15.63,34,62.2,NA,8,8,NA,BULLISH,SELL
Agriculture & Fertilizers,34.54,8,RCF,RCF,MICRO_CAP,131.75,-0.25,0.65,12.02,32.7,57,NA,4,10,NA,BULLISH,SELL
Agriculture & Fertilizers,34.54,8,NAVINFLUOR,NAVINFLUOR,LARGE_CAP,7085,0.6,4.83,21.7,32.7,82.2,NA,13,8,NA,STRONG_BULLISH,SELL
Cement & Construction,34.160000000000004,12,ORIENTELEC,ORIENTELEC,MICRO_CAP,192.09,4.57,3.19,23.96,44.7,70.2,NA,14,16,NA,BULLISH,WEAK_HOLD
Cement & Construction,34.160000000000004,12,ORIENTTECH,ORIENTTECH,SMALL_CAP,311.85,9.44,13.35,22.5,36.7,64.8,NA,13,8,NA,STRONG_BEARISH,WEAK_HOLD
Cement & Construction,34.160000000000004,12,STARCEMENT,STARCEMENT,MICRO_CAP,238.56,1.78,5.29,13.8,32.7,66.3,NA,11,10,NA,BULLISH,SELL
Cement & Construction,34.160000000000004,12,DALMIASUG,DALMIASUG,MICRO_CAP,388.4,0.73,2.78,3.11,30,54.5,NA,9,4,NA,STRONG_BULLISH,SELL
Cement & Construction,34.160000000000004,12,ULTRACEMCO,UltraTech Cement Limited,LARGE_CAP,12146,0.44,2.65,11.06,26.7,60.1,NA,4,8,NA,BULLISH,SELL
Realty,31.32,8,DLF,DLF,MID_CAP,618.85,1.52,4.1,15.87,35.3,61.1,NA,6,15,NA,BULLISH,WEAK_HOLD
Realty,31.32,8,BRIGADE,BRIGADE,MID_CAP,773.15,-4.43,-3.05,11.81,34,60.7,NA,7,8,NA,BULLISH,SELL
Realty,31.32,8,PRESTIGE,PRESTIGE,MID_CAP,1483.5,1.94,3.47,21.39,32,74.4,NA,8,8,NA,BULLISH,SELL
Realty,31.32,8,GODREJPROP,GODREJPROP,LARGE_CAP,1878.6,0.61,0.88,17.05,29.3,63.2,NA,8,11,NA,BULLISH,SELL
Realty,31.32,8,SUNTECK,SUNTECK,MICRO_CAP,348.15,-0.9,-1.93,15.72,26,55.3,NA,8,8,NA,STRONG_BEARISH,SELL
Banking - Private,30,8,RBLBANK,RBL Bank Limited,SMALL_CAP,345.75,2.95,1.33,10.6,34.7,67.4,NA,8,9,NA,STRONG_BULLISH,SELL
Banking - Private,30,8,FEDERALBNK,Federal Bank Limited,SMALL_CAP,297.05,1.38,4.32,7.96,32.7,66.6,NA,6,8,NA,STRONG_BULLISH,SELL
Banking - Private,30,8,BANDHANBNK,BANDHANBNK,SMALL_CAP,207.63,-0.6,4.7,39.23,29.3,84.6,NA,15,4,NA,STRONG_BULLISH,SELL
Banking - Private,30,8,INDUSINDBK,INDUSINDBK,MID_CAP,946.95,0.02,3.63,20.66,29.3,76.5,NA,10,6,NA,STRONG_BULLISH,SELL
Banking - Private,30,8,HDFCBANK,HDFC Bank Limited,MID_CAP,796.05,-0.06,2.19,3.12,24,50.3,NA,1,12,NA,STRONG_BEARISH,SELL
Banking - PSU,24.66,7,SBIN,State Bank of India,LARGE_CAP,1092,-0.36,0.47,5.98,34,57.2,NA,2,10,NA,STRONG_BULLISH,SELL
Banking - PSU,24.66,7,PNBHOUSING,PNBHOUSING,MID_CAP,1051.6,-1.27,-0.14,28.71,26.7,81.9,NA,13,6,NA,BULLISH,SELL
Banking - PSU,24.66,7,CANBK,Canara Bank,MICRO_CAP,135.93,-1.53,-0.82,4.96,22,38,NA,2,8,NA,STRONG_BEARISH,SELL
Banking - PSU,24.66,7,BANKBARODA,Bank of Baroda,SMALL_CAP,270.35,0.02,0.78,4.75,21.3,37.6,NA,1,10,NA,STRONG_BEARISH,SELL
Banking - PSU,24.66,7,PNB,Punjab National Bank,MICRO_CAP,109.11,-0.97,-1.86,4.33,19.3,35.2,NA,1,8,NA,STRONG_BEARISH,SELL
