SYMBOL,INDEX_TAGS,LAST_DATE,CLOSE,PEAK_52_ROLL,DD_VS_PEAK_PCT,PCT_OF_52W_RANGE,ABOVE_SMA50,RS_PULLBACK_60D_BPS,RECOVERY_FROM_TROUGH_PCT,RECOVERY_VELOCITY,VOL_RATIO_10_50,SLOW_PULLBACK_SCORE,MAX_1D_DROP_60D_PCT,ENHANCED_FUND_SCORE,SALES_GROWTH,EARNINGS_QUALITY,RS_Z,REC_Z,VOL_Z,SLOW_Z,FUND_Z,PEAK_Z,COMPOSITE
ARE&M,NIFTY 500,2026-04-22,898.7,1109.0,-18.96,81.04,12.77,4.8461,33.65,2.403259,10.2699,31.5338,-9.54,54.31,51.0,51.3,-0.46029385950714763,2.206916570923539,7.82291802951436,0.139153126463913,-0.6132870252992472,-0.5157778245752599,1.429938169586693
ASTRAMICRO,"NIFTY INDIA DEFENCE,NIFTY MICROCAP 250",2026-04-22,1129.75,1195.9,-5.53,94.47,17.01,26.913,32.03,2.287601,1.2865,49.3161,-16.96,71.97,94.0,73.91,0.6714042501970808,2.016133298677035,0.03977762465779861,0.47401588695310465,2.2750886988766097,0.9042041303998609,1.0634373149602483
AVANTIFEED,NIFTY MICROCAP 250,2026-04-22,1442.7,1593.8,-9.48,90.52,13.18,92.5384,93.22,1.580052,1.2253,36.1348,-15.43,60.0,56.0,68.81,4.036994393288492,0.8489981805292016,-0.013245528355227739,0.2257956620757726,0.31733912818663174,0.48656237893659,0.9837407024435767
ABB,NIFTY 500,2026-04-22,7587.0,7822.5,-3.01,96.99,21.75,60.4837,61.61,1.080959,1.4311,94.9218,-12.16,61.29,73.0,55.43,2.3930732536115946,0.02572096930883875,0.1650578195219101,1.3328277727070246,0.5283246708925691,1.1706489946245298,0.9359422467777444
AZAD,NIFTY MICROCAP 250,2026-04-22,1950.4,1985.0,-1.74,98.26,19.69,38.2129,42.73,2.373867,1.7967,32.4506,-8.86,55.24,51.0,52.39,1.250918158804398,2.15843309431259,0.48181051137750575,0.15641760737001018,-0.46118116892985045,1.3049287476266447,0.815221158426883
BALRAMCHIN,NIFTY 500,2026-04-22,541.55,627.8,-13.74,86.26,12.82,35.4516,36.14,0.612479,1.2672,157.4009,-7.32,69.75,82.0,71.09,1.1093052457841603,-0.7470586687796851,0.02305627084813516,2.5093867048406775,1.9119972998012755,0.03614367989012584,0.8071384220641149
DATAPATTNS,"NIFTY 500,NIFTY INDIA DEFENCE",2026-04-22,3828.3,3885.0,-1.46,98.54,20.86,72.1739,75.41,1.322964,1.1716,67.8618,-11.98,52.76,47.0,52.39,2.992603647190411,0.42491951847980275,-0.05977074594999119,0.8232544161199955,-0.8667967859149093,1.334533732540497,0.7747906304109677
APARINDS,NIFTY 500,2026-04-22,11789.0,12327.5,-4.37,95.63,15.49,68.5516,69.24,1.173496,1.0784,65.2471,-19.97,57.41,58.6,57.96,2.8068344606358138,0.17836507230106424,-0.1405184234142732,0.7740163726806717,-0.10626750406792548,1.0268533536143911,0.7565472219582903
CHENNPETRO,NIFTY 500,2026-04-22,1071.4,1103.0,-2.86,97.14,11.49,28.6256,29.48,0.508313,0.8746,121.1331,-15.1,68.3,82.0,71.74,0.7592347194827286,-0.9188853503480107,-0.31708898851320755,1.8264190558374602,1.6748430076124305,1.1865088079712363,0.7018385420071063
AUROPHARMA,"NIFTY 500,NIFTY MIDCAP SELECT",2026-04-22,1421.2,1425.1,-0.27,99.73,12.46,26.0159,26.7,0.452552,0.8432,123.4996,-6.92,67.41,70.0,70.43,0.6253965928362524,-1.0108657238953427,-0.34429367813100226,1.8709831854887242,1.5292793386137604,1.4603549184243683,0.6884757722227933
BLUESTARCO,NIFTY 500,2026-04-22,1888.6,2269.8,-16.79,83.21,3.04,9.5213,23.58,1.964601,1.3066,36.1579,-48.19,72.84,86.0,74.35,-0.2205268327616959,1.4833297145270323,0.05719209157874357,0.22623066372163955,2.417381274189917,-0.28633919149290593,0.6128779532937885
DEEPAKNTR,NIFTY 500,2026-04-22,1745.5,2174.0,-19.71,80.29,15.43,9.04,35.65,2.546183,2.2318,25.2856,-15.09,59.32,57.0,61.3,-0.24521024095227303,2.4426763834964653,0.8587774047756722,0.021491772190924262,0.20612194288427715,-0.5950768913087924,0.44813006184771226
COALINDIA,"NIFTY 500,NIFTY CPSE",2026-04-22,444.15,476.0,-6.69,93.31,0.84,6.585,8.61,0.200172,1.167,94.9096,-13.75,71.16,82.0,75.65,-0.3711145981263156,-1.427178320080413,-0.06375614633985913,1.3325980315780384,2.142609404619393,0.7815549071853306,0.39911887980602906
CGPOWER,NIFTY 500,2026-04-22,824.35,835.0,-1.28,98.72,16.25,42.6058,55.35,0.988343,1.0134,33.6413,-8.63,55.37,51.0,53.04,1.4762074665965985,-0.12705344787269887,-0.19683386370588618,0.17883996493424428,-0.43991905997498926,1.3535655085565446,0.37413442808896885
ASTERDM,NIFTY 500,2026-04-22,684.3,732.2,-6.54,93.46,5.79,19.6741,27.21,0.555207,0.501,130.4558,-22.18,60.89,56.0,64.13,0.3001582008499618,-0.8415315073909512,-0.6407728114816172,2.001977057738935,0.4629027971853019,0.7974147205320372,0.3466914095722779
ARVIND,NIFTY MICROCAP 250,2026-04-22,392.05,404.0,-2.96,97.04,7.66,27.1855,31.89,0.590599,0.4851,110.0297,-9.26,57.39,61.0,51.96,0.6853793774190469,-0.7831507505790722,-0.6545484345683349,1.6173282647240672,-0.1095385977532882,1.1759355990734321,0.32190090971930846
BHEL,"NIFTY 500,NIFTY MIDCAP SELECT",2026-04-22,333.64,336.8,-0.94,99.06,24.7,31.5285,37.58,0.65936,2.0302,36.3204,-20.84,53.94,47.0,54.13,0.9081095701713349,-0.6697262699297276,0.6841129007327617,0.22929074023477305,-0.6738022584784703,1.3895144188090793,0.31124985025662516
BOSCHLTD,NIFTY 500,2026-04-22,37885.0,41945.0,-9.68,90.32,11.13,7.1576,31.8,2.271202,2.9016,-31.4625,-5.76,53.48,47.0,51.96,-0.3417488812554981,1.9890823823411965,1.4390863571960173,-1.0471453230395407,-0.749037413241828,0.46541596114098144,0.29260884719022134
CAMPUS,NIFTY 500,2026-04-22,250.71,304.4,-17.64,82.36,1.07,-0.5209,14.56,1.039851,0.5388,65.8989,-8.57,74.2,94.0,73.7,-0.7355397596917043,-0.04208859644112491,-0.6080232169735715,0.7862905749653509,2.639815644794626,-0.3762114671242428,0.27737386325488894
DEEPAKFERT,NIFTY 500,2026-04-22,1270.1,1778.6,-28.59,71.41,24.73,9.7204,45.64,2.535387,1.9861,-72.9983,-13.55,70.76,76.0,75.43,-0.21031601503731634,2.424867877321594,0.6459050404733752,-1.8293159447885252,2.0771875309121266,-1.533977841433816,0.26239177457457297
PAGEIND,NIFTY 500,2026-04-22,37855.0,50590.0,-25.17,74.83,13.14,13.6463,25.35,1.102073,1.4299,65.2376,-8.8,68.46,73.33,74.35,-0.008976741786980725,0.06054949833590746,0.16401814985498794,0.7738374758999038,1.7010117570953371,-1.1723740971289085,0.25301100704504115
CEIGALL,NIFTY MICROCAP 250,2026-04-22,326.35,333.45,-2.13,97.87,14.47,20.3426,23.92,1.32903,1.1071,40.0129,-5.78,52.84,47.0,53.04,0.3344421368055006,0.43492566876294164,-0.11565299054705334,0.2988250942332064,-0.8537124111734549,1.2636932329252077,0.22708678850105804
CESC,NIFTY 500,2026-04-22,180.27,185.26,-2.69,97.31,14.84,23.5366,28.37,0.497719,1.494,63.4255,-13.7,54.43,51.0,55.22,0.49824601330810425,-0.9363606480894506,0.21955383789640945,0.7397133857494472,-0.5936604631870674,1.2044832630975038,0.18866256479582444
BANDHANBNK,NIFTY 500,2026-04-22,176.52,192.48,-8.29,91.71,5.39,27.2469,27.93,0.473417,0.7634,10.7317,-9.13,65.58,70.0,70.71,0.6885282684701614,-0.9764479319966128,-0.413431710981321,-0.25257621282134335,1.2299742664030122,0.6123835648204616,0.14807170731572636
CUMMINSIND,"NIFTY 500,NIFTY MIDCAP SELECT",2026-04-22,5211.8,5272.7,-1.16,98.84,10.32,29.5875,32.67,0.583449,1.0602,49.0893,-12.56,53.02,51.0,50.65,0.8085656364545052,-0.7949450094851791,-0.15628674669592485,0.4697449617027744,-0.8242725680051846,1.3662533592339097,0.1448432722008168
ASKAUTOLTD,NIFTY MICROCAP 250,2026-04-22,442.8,578.5,-23.46,76.54,3.78,2.0531,16.5,0.589131,2.2061,31.7643,-7.91,71.28,82.0,74.57,-0.603532502923482,-0.7855722851348995,0.8365111460757578,0.14349372730254234,2.162235966731574,-0.9915722249764545,0.12692730451250633
BHARATFORG,"NIFTY 500,NIFTY INDIA DEFENCE,NIFTY MIDCAP SELECT",2026-04-22,1903.2,1935.5,-1.67,98.33,7.73,37.2284,37.91,0.642594,0.8095,15.3671,-13.93,54.83,53.0,55.22,1.2004282037584328,-0.6973825699045231,-0.3734910679437308,-0.16528588255070348,-0.5282385894798002,1.3123299938551076,0.12472668128913049
AUBANK,NIFTY 500,2026-04-22,1043.2,1054.4,-1.06,98.94,9.41,4.1701,23.79,1.699469,0.7418,-4.1214,-11.51,55.0,55.0,51.19,-0.4949624319917313,1.045982098821588,-0.4321457649859185,-0.5322785048657928,-0.5004342931542113,1.376826568131714,0.07716461199260803
CCL,NIFTY 500,2026-04-22,1121.6,1183.1,-5.2,94.8,6.91,18.59,21.17,0.371384,0.9086,82.4405,-8.59,55.23,55.0,51.9,0.24456027269827973,-1.1447561304535083,-0.2876316812837485,1.0977894158862675,-0.46281671577253297,0.939095719762615,0.06437348013956211
ANURAS,NIFTY MICROCAP 250,2026-04-22,1343.3,1407.0,-4.53,95.47,5.37,9.3317,10.38,0.192185,0.9397,112.8164,-9.98,55.72,51.0,58.04,-0.23025044421595192,-1.4403532495745492,-0.26068690908268444,1.6698052814572923,-0.38267492048113005,1.0099362193779042,0.06096266291348016
AMBER,NIFTY 500,2026-04-22,7803.5,8626.0,-9.54,90.46,7.5,34.2306,41.62,0.743291,0.9866,-22.5074,-11.09,59.89,78.33,69.2,1.0466864188556448,-0.5312781658390344,-0.22005315293381283,-0.8785096849917763,0.2993481129171333,0.48021845359790755,0.03273533026767702
ATGL,NIFTY 500,2026-04-22,629.1,798.0,-21.17,78.83,16.92,18.4292,34.45,1.230422,1.1105,100.3992,-20.0,52.51,47.0,50.22,0.23631366551555638,0.27226716775407644,-0.11270725982410737,1.4359740071257159,-0.9076854569819514,-0.7494457412167356,0.029119397062092434
DELHIVERY,NIFTY 500,2026-04-22,462.7,490.0,-5.57,94.43,6.73,21.561,22.25,0.377046,1.6046,39.6304,-10.37,53.74,47.0,51.96,0.39692762307061397,-1.1354163970372317,0.3153767255310618,0.29162214490229216,-0.7065131953321033,0.899974846840739,0.010328624662561995
CANFINHOME,NIFTY 500,2026-04-22,912.3,964.9,-5.45,94.55,6.2,0.8682,15.18,1.084437,1.2381,26.0971,-9.4,55.87,53.0,57.38,-0.6642999460255281,0.03145809273197732,-0.0021557185747255493,0.03677332351651093,-0.358141717840905,0.9126626975181041,-0.0072838781124277
DCMSHRIRAM,NIFTY 500,2026-04-22,1204.1,1502.3,-19.85,80.15,9.79,8.6795,24.91,0.889523,1.3927,41.0037,-7.87,61.96,60.0,68.26,-0.2636984367816996,-0.2900616527819969,0.13178839018040334,0.3174830869052843,0.6379063093522424,-0.6098793837657185,-0.01274361448191417
ASIANPAINT,NIFTY 500,2026-04-22,2562.9,2985.7,-14.16,85.84,10.17,-4.3749,20.82,1.156524,1.2761,15.816,-8.17,62.21,60.0,68.26,-0.9331916507502624,0.1503689657060369,0.030767154211140558,-0.15683253887842272,0.6787949804192845,-0.008263797480652313,-0.03972614779547926
LUMAXTECH,NIFTY MICROCAP 250,2026-04-22,1794.4,1898.0,-5.46,94.54,9.81,28.0015,35.45,0.656423,1.1146,-6.1958,-10.81,54.51,39.22,63.83,0.727227831779136,-0.6745709885880823,-0.10915505512879024,-0.5713420292894488,-0.5805760884456141,0.911605376628324,-0.04946849217407925
BORORENEW,NIFTY MICROCAP 250,2026-04-22,516.75,721.0,-28.33,71.67,14.02,1.2786,37.07,2.647783,1.1869,-69.9501,-9.29,63.2,81.0,57.38,-0.6432526351561891,2.6102703282321933,-0.046514957696734506,-1.7719145587741656,0.8407141178447717,-1.5064874982995249,-0.08619753397494152
CARBORUNIV,NIFTY 500,2026-04-22,941.4,1128.05,-16.55,83.45,14.14,16.631,25.8,1.289838,1.0335,27.9264,-9.67,53.07,51.0,51.96,0.1440932113117423,0.37027663449047465,-0.17941939678494123,0.07122131099635765,-0.8160948337917766,-0.2609634901381757,-0.11181442731938647
BEL,"NIFTY 500,NIFTY CPSE,NIFTY INDIA DEFENCE",2026-04-22,448.7,473.45,-5.23,94.77,2.2,10.752,11.99,0.856644,0.6938,22.5982,-19.8,54.37,47.0,52.39,-0.15741054258894874,-0.34429709873638675,-0.47373255166280204,-0.02911530240227537,-0.6034737442431579,0.9359237570932738,-0.11201758042338285
ATUL,NIFTY 500,2026-04-22,6666.5,7788.0,-14.4,85.6,3.75,14.0571,15.49,0.267021,0.6363,111.9711,-5.33,54.54,53.0,56.09,0.012091083030573943,-1.3169077727217644,-0.523550056536152,1.6538872342169744,-0.5756694479175689,-0.03363949883538271,-0.13063140979388663
CIEINDIA,NIFTY MICROCAP 250,2026-04-22,471.7,526.0,-10.32,89.68,1.7,17.3141,18.0,0.305064,1.2148,36.5405,-7.17,55.88,53.0,56.96,0.1791259063771551,-1.254154067607775,-0.022342637940795957,0.23343549617656192,-0.35650617099822246,0.39774742419503367,-0.13711567496634047
AADHARHFC,NIFTY 500,2026-04-22,489.5,547.8,-10.64,89.36,4.48,3.2873,11.48,0.956502,1.044,55.9524,-5.39,52.3,47.0,51.19,-0.5402367157038472,-0.17957666435232808,-0.170322287199373,0.5989856455014602,-0.9420319406782669,0.36391315572205984,-0.1448781344517159
AXISBANK,NIFTY 500,2026-04-22,1379.6,1418.3,-2.73,97.27,5.6,6.6855,18.8,1.342707,0.8432,-33.1897,-7.57,52.47,47.0,51.19,-0.3659604686371134,0.4574865189809592,-0.34429367813100226,-1.0796706409071357,-0.914227644352678,1.2002539795383818,-0.17440198891809808
CENTURYPLY,NIFTY 500,2026-04-22,777.9,859.0,-9.44,90.56,6.89,3.9632,20.46,0.889764,0.4947,58.8911,-6.24,53.0,47.0,51.09,-0.5055732717063176,-0.2896641120272595,-0.6462310772329583,0.6543250107269704,-0.8275436616905485,0.4907916624957118,-0.18731590823906696
APTUS,NIFTY 500,2026-04-22,260.89,364.0,-28.33,71.67,12.74,-0.3617,34.09,2.434673,1.6471,-21.3363,-8.9,53.73,51.0,50.65,-0.7273752083018439,2.258735430962203,0.3521983595678857,-0.8564564197331264,-0.7081487421747859,-1.5064874982995249,-0.19792234632986538
BAJAJ-AUTO,NIFTY 500,2026-04-22,9602.0,10187.0,-5.74,94.26,1.08,3.9237,9.63,0.802554,1.3961,0.9951,-12.89,52.35,47.0,51.96,-0.5075990240926209,-0.4335210797477602,0.13473412090334913,-0.43592846499226967,-0.9338542064648578,0.8820003917144718,-0.21569471044661462
BLUEDART,NIFTY 500,2026-04-22,5478.3,7225.0,-24.18,75.82,2.02,3.1792,15.41,1.100394,1.0109,32.8742,-7.34,59.46,56.0,62.17,-0.5457806102091484,0.057779909426347566,-0.19899984217864067,0.16439452066824614,0.22901959868182084,-1.0676993290406456,-0.22688095877533665
CRAFTSMAN,NIFTY 500,2026-04-22,7684.5,8220.0,-6.51,93.49,3.55,3.2653,17.38,0.965741,0.808,-9.3786,-9.25,54.65,53.0,50.22,-0.5413649828557124,-0.16433650238959782,-0.37479065502738335,-0.6312781002186874,-0.5576784326480705,0.8005866832013785,-0.24481033165634547
BERGEPAINT,NIFTY 500,2026-04-22,478.25,605.0,-20.95,79.05,7.62,-7.9646,18.23,0.792712,0.7385,48.5055,-11.15,62.85,58.6,66.87,-1.117288950525277,-0.44975591837068385,-0.43500485656995425,0.45875128374359075,0.7834699783509125,-0.7261846816415658,-0.24766885750216297
CEATLTD,NIFTY 500,2026-04-22,3788.7,4438.0,-14.63,85.37,4.42,6.1868,16.85,1.203216,0.7164,-24.874,-8.83,58.73,56.0,59.57,-0.3915362335750748,0.22738960022966503,-0.4541521062691027,-0.9230756977670486,0.10962467916605712,-0.0579578793003327,-0.24828460625263946
CRISIL,NIFTY 500,2026-04-22,4345.8,6139.0,-29.21,70.79,2.24,-5.2691,17.27,1.438922,2.4091,36.0711,-5.75,53.29,47.0,52.39,-0.9790505819865267,0.6161976547363538,1.0123885980634106,0.2245961120826243,-0.7801128032527797,-1.599531736600203,-0.2509187928261868
BLACKBUCK,NIFTY MICROCAP 250,2026-04-22,622.05,748.0,-16.84,83.16,4.69,10.3065,16.05,0.281651,1.1265,0.581,-7.88,62.86,62.0,66.96,-0.18025795241421802,-1.2927749044984995,-0.09884499759847953,-0.44372648150973787,0.7851055251935939,-0.29162579594180815,-0.2536874344615248
DBL,NIFTY MICROCAP 250,2026-04-22,457.3,585.0,-21.83,78.17,5.28,1.0393,18.43,1.228365,0.4354,31.8246,-11.09,59.47,67.0,55.65,-0.6555251046762496,0.26887405019185806,-0.6976080866066913,0.1446292510794159,0.2306551455245022,-0.8192289199422438,-0.25470061073823475
ALKEM,NIFTY 500,2026-04-22,5627.0,5933.5,-5.17,94.83,2.75,-1.2062,9.38,0.521053,1.0586,-4.1817,-7.97,56.97,47.0,60.22,-0.7706852814723036,-0.8978701253880385,-0.15767297291848767,-0.5334140286426663,-0.17823156514591929,0.9422676824319564,-0.26593438185590973
CHALET,NIFTY 500,2026-04-22,809.95,1082.0,-25.14,74.86,2.94,-4.2621,15.33,1.094872,0.8239,-8.8545,-5.47,66.69,68.0,71.3,-0.9274067173534266,0.04867111254809268,-0.3610150319406658,-0.6214086472923289,1.4115199659406792,-1.169202134459567,-0.2698069087595361
AVALON,NIFTY MICROCAP 250,2026-04-22,1079.45,1318.0,-18.1,81.9,8.48,26.8496,35.98,0.654119,1.1353,-4.8584,-10.94,54.04,53.0,51.3,0.6681527894048875,-0.6783715441852389,-0.0912207533743843,-0.5461571288053582,-0.6574467900516533,-0.4248482280541428,-0.288315275844315
DALBHARAT,NIFTY 500,2026-04-22,1992.8,2496.3,-20.17,79.83,1.44,-11.4175,14.13,0.784924,0.9224,-13.6579,-8.76,68.15,76.0,73.7,-1.294370480010512,-0.4626025880714895,-0.2756754801141445,-0.7118626258965467,1.6503098049722067,-0.6437136522386924,-0.289652503559863
CAPLIPOINT,NIFTY 500,2026-04-22,1752.5,2395.0,-26.83,73.17,4.16,0.08,16.46,1.175761,1.4182,59.1755,-11.5,52.33,47.0,51.19,-0.704722680984624,0.18210129557691482,0.15388137060249757,0.6596806154059559,-0.9371253001502217,-1.34788936483246,-0.33234567739698956
BIKAJI,NIFTY 500,2026-04-22,684.9,818.7,-16.34,83.66,7.92,2.8527,13.5,0.562391,1.2716,43.3866,-10.15,52.34,47.0,49.57,-0.5625251204402378,-0.829681163897039,0.026868392960182775,0.3623560488938738,-0.9354897533075391,-0.23875975145278655,-0.3628718912072577
COLPAL,NIFTY 500,2026-04-22,2118.3,2747.4,-22.9,77.1,3.28,-0.9108,18.43,1.316199,1.4942,-4.7797,-6.49,53.47,55.0,50.65,-0.7555357307149871,0.41376033505325527,0.21972711617422977,-0.5446751102109976,-0.7506729600845093,-0.93236225514875,-0.39162643415529313
BSOFT,NIFTY 500,2026-04-22,387.85,474.0,-18.18,81.82,1.8,-5.4483,16.63,1.187791,0.6062,13.3757,-8.11,55.22,51.0,53.91,-0.9882408307871738,0.2019453423797771,-0.5496284373481144,-0.20278641404765138,-0.46445226261521433,-0.43330679517238607,-0.40607823293179385
CERA,NIFTY 500,2026-04-22,5488.9,7275.0,-24.55,75.45,11.05,8.2113,21.32,0.888351,1.007,27.9532,-6.15,53.51,47.0,50.22,-0.28771001316821154,-0.29199492151457823,-0.20237876859613746,0.07172598823052363,-0.7441307727137828,-1.1068202019625215,-0.42688478162078464
JBMA,NIFTY 500,2026-04-22,628.95,790.0,-20.39,79.61,11.12,13.173,29.36,1.276537,0.8674,-69.4468,-46.82,56.91,45.71,66.09,-0.0332498710132432,0.3483360138317156,-0.32332700651474017,-1.7624367956414877,-0.18804484620200979,-0.6669747118138617,-0.4376162028922712
CANBK,NIFTY 500,2026-04-22,145.23,162.89,-10.84,89.16,2.1,-4.3528,17.64,1.260198,0.7979,-68.1646,-79.0,54.62,47.0,54.05,-0.9320582551113433,0.321384070297886,-0.38354120805731096,-1.7382913796098585,-0.5625850731761157,0.34276673792645124,-0.49205418462171524
CGCL,NIFTY 500,2026-04-22,187.21,231.35,-19.08,80.92,8.98,10.783,23.19,0.748025,0.719,-7.2304,-70.0,53.51,51.0,50.65,-0.1558207116022297,-0.5234692117605015,-0.4518994886574382,-0.5908248302770667,-0.7441307727137828,-0.5284656752526249,-0.4991017817106072
BANCOINDIA,NIFTY MICROCAP 250,2026-04-22,624.25,879.8,-29.05,70.95,4.54,8.4786,23.77,1.698084,0.9075,-65.2695,-54.83,54.64,51.0,53.7,-0.27400156727305,1.0436974766418736,-0.28858471181176043,-1.683773056451872,-0.5593139794907519,-1.5826146023637162,-0.5574317401248795
CROMPTON,NIFTY 500,2026-04-22,261.37,367.5,-28.88,71.12,4.16,11.8535,18.03,0.340125,1.365,0.0965,-11.83,57.18,61.0,56.52,-0.10092025768988237,-1.1963193107536472,0.10778934870228513,-0.4528502173288959,-0.14388508144960374,-1.5646401472374487,-0.5584709442928655
AARTIPHARM,NIFTY MICROCAP 250,2026-04-22,693.95,971.0,-28.53,71.47,0.99,-13.2744,17.23,1.230799,0.7639,28.2202,-13.77,55.42,57.0,55.53,-1.3896013561149843,0.2728890468600349,-0.41299851528677006,0.07675392933210295,-0.43174132576158014,-1.5276339160951338,-0.5687220228443884
CUB,NIFTY 500,2026-04-22,270.15,324.1,-16.65,83.35,2.73,-4.1163,16.7,0.695644,1.6504,-54.0063,-15.71,54.17,47.0,55.0,-0.919929383228793,-0.6098741174613105,0.3550574511519215,-1.471673033173564,-0.6361846810967909,-0.2715366990359798,-0.5923567438074194
CREDITACC,NIFTY 500,2026-04-22,1260.8,1496.7,-15.76,84.24,2.7,-7.6505,11.09,0.616305,0.2815,27.449,-8.55,53.16,47.0,50.22,-1.1011803726888751,-0.7407475031048928,-0.830945721389449,0.06223127698177349,-0.801374912207642,-0.17743513984552145,-0.5982420620424344
TRIDENT,NIFTY 500,2026-04-22,26.1,34.62,-24.61,75.39,4.07,5.759,18.31,0.83244,0.4405,-12.7354,-6.94,56.02,55.0,56.52,-0.41347590119179795,-0.3842227270669337,-0.6931894905222724,-0.694490806921989,-0.33360851520067875,-1.113164127301204,-0.6053585947008127
BAJAJHLDNG,NIFTY 500,2026-04-22,10376.0,14763.0,-29.72,70.28,1.02,-2.9178,18.64,1.331221,0.8064,-19.8609,-7.45,53.83,55.0,50.65,-0.8584644658874122,0.43853982558298094,-0.3761768812499462,-0.8286728081178824,-0.6917932737479688,-1.653455101979005,-0.6616704508998722
GOKEX,NIFTY MICROCAP 250,2026-04-22,749.7,1060.0,-29.27,70.73,10.59,32.2526,38.33,0.709885,0.4051,-33.2028,-12.58,52.42,47.0,51.96,0.94524494492886,-0.586382922904406,-0.723859745696474,-1.0799173301521945,-0.922405378566086,-1.6058756619388856,-0.6621993490548643
CHOICEIN,NIFTY 500,2026-04-22,708.75,860.5,-17.64,82.36,1.37,-10.3981,21.37,1.187316,1.1412,-84.7569,-48.58,54.36,55.0,51.52,-1.242090682982724,0.20116180769720357,-0.08610904417868404,-2.0507449644028726,-0.6051092910858392,-0.3762114671242428,-0.6931839403461931
CDSL,NIFTY 500,2026-04-22,1321.2,1828.9,-27.76,72.24,3.7,-1.6294,18.03,1.28768,1.3767,-88.4304,-45.88,52.49,47.0,53.1,-0.792389038684546,0.3667169127115404,0.1179261279547755,-2.1199215248397705,-0.9109565506673141,-1.4462202075820405,-0.7974740468512258
