symbol,inputs,company_name,sector,mcap,price,stage,signal,trend,portfolio_score,investment_score,technical_score,enhanced_fund_score,relative_strength,chg_1d,chg_1w,chg_1m,rsi_snapshot,rsi_tech,adx,macd,supertrend,above_sma20,above_sma50,above_sma200,pct_from_52h,52w_high,52w_low,rating,snapshot_error,tech_error
MANINDS,MAN INDUSTRIES (I) LTD.,MANINDS,Capital Goods & Industrials,MID_CAP,528.75,STAGE_2,BUY,BULLISH,80.5,58.9,60.7,69.25,47.35,1.86,6.57,1.54,37.4,51.9,30.1,bearish,SELL,False,True,True,-12.8,606.4,258.05,ACCUMULATE / CORE WATCH,,
DATAPATTNS,DATA PATTERNS INDIA LTD,DATAPATTNS,Defence & Aerospace,LARGE_CAP,4353.8,STAGE_2,HOLD,STRONG_BULLISH,69.2,60.7,68.0,52.76,29.95,-4.49,9.11,7.17,64.9,59.3,25.4,bullish,SELL,True,True,True,-7.8,4722.0,2121.0,ACCUMULATE / CORE WATCH,,
PAISALO,PAISALO DIGITAL LIMITED,PAISALO,—,—,59.51,STAGE_2,HOLD,STRONG_BULLISH,66.4,65.0,65.0,,22.3,-1.11,10.37,22.3,79.4,79.4,64.3,bullish,SELL,True,True,True,-2.4,61.0,29.38,ACCUMULATE / CORE WATCH,,
INDOTECH,INDO TECH TRANSFORM LTD.,INDOTECH,—,—,2469.9,STAGE_2,HOLD,MIXED,65.8,60.0,60.0,,33.81,-5.0,-9.53,33.81,55.9,55.9,53.9,bearish,SELL,False,True,True,-17.1,2977.6,1100.0,ACCUMULATE / CORE WATCH,,
MOTHERSON,SAMVRDHNA MTHRSN INTL LTD,MOTHERSON,EV & Auto Ancillaries,MICRO_CAP,142.21,STAGE_2,HOLD,STRONG_BULLISH,64.6,57.1,62.0,51.57,20.17,-1.28,-2.34,14.45,63.5,58.9,50.0,bearish,SELL,True,True,True,-6.3,151.77,87.08,ACCUMULATE / CORE WATCH,,
VARDHACRLC,VARDHAMAN ACRYLICS LTD,VARDHACRLC,—,—,44.17,STAGE_2,HOLD,MIXED,64.5,70.0,70.0,,-2.9,-1.98,2.13,-2.9,56.6,56.6,48.1,bearish,SELL,True,True,True,-18.6,54.25,27.01,HOLD / WATCH,,
MOREPENLAB,MOREPEN LAB. LTD,MOREPENLAB,—,—,49.37,STAGE_1,HOLD,STRONG_BULLISH,64.4,85.0,85.0,,7.82,1.48,8.74,7.82,66.5,66.5,32.3,bullish,SELL,True,True,True,-30.0,70.5,33.05,HOLD / WATCH,,
HFCL,HFCL LIMITED,HFCL,Railways & PSU Infra,MICRO_CAP,169.11,STAGE_2,HOLD,STRONG_BULLISH,63.9,47.4,49.3,10.0,132.88,-5.0,-15.19,14.43,66.1,57.3,55.9,bearish,SELL,True,True,True,-19.1,208.98,59.82,WATCH ON PULLBACK,,
IDEA,VODAFONE IDEA LIMITED,IDEA,—,—,13.88,STAGE_2,HOLD,MIXED,62.2,60.0,60.0,,13.96,-1.84,-6.53,13.96,60.4,60.4,51.0,bearish,SELL,False,True,True,-9.0,15.25,6.12,ACCUMULATE / CORE WATCH,,
BELRISE,BELRISE INDUSTRIES LTD,BELRISE,Defence & Aerospace,SMALL_CAP,227.13,STAGE_2,HOLD,STRONG_BULLISH,62.0,55.2,58.7,53.29,11.08,-3.24,3.46,10.63,64.9,59.9,18.2,bullish,SELL,True,True,True,-4.0,236.5,89.15,ACCUMULATE / CORE WATCH,,
ENRIN,SIEMENS ENERGY INDIA LTD,ENRIN,Other,LARGE_CAP,3424.8,STAGE_2,HOLD,STRONG_BULLISH,58.4,53.9,49.3,,18.04,-3.46,-7.1,12.08,48.8,49.8,33.6,bearish,SELL,False,True,True,-13.7,3968.0,2115.0,WATCH ON PULLBACK,,
PYRAMID,PYRAMID TECHNOPLAST LTD,PYRAMID,—,—,163.27,STAGE_2,HOLD,MIXED,55.9,55.0,55.0,,-6.6,-0.74,-0.84,-6.6,47.6,47.6,22.3,bearish,SELL,False,True,True,-14.1,190.0,131.8,HOLD / WATCH,,
EXIDEIND,EXIDE INDUSTRIES LTD,EXIDEIND,EV & Auto Ancillaries,SMALL_CAP,386.35,STAGE_1,HOLD,STRONG_BULLISH,54.5,56.9,62.0,51.12,20.25,-1.68,-3.16,11.57,68.4,57.9,40.2,bullish,SELL,True,True,True,-10.4,431.0,287.0,HOLD / WATCH,,
IFGLEXPOR,IFGL REFRACTORIES LIMITED,IFGLEXPOR,—,—,191.37,STAGE_1,HOLD,MIXED,53.2,65.0,65.0,,4.57,-3.45,-3.11,4.57,57.4,57.4,38.7,bullish,SELL,True,True,False,-43.4,338.0,119.68,HOLD / WATCH,,
NIBE,NIBE LIMITED,NIBE,Other,LARGE_CAP,1502.7,STAGE_1,WEAK_HOLD,STRONG_BULLISH,52.7,55.8,47.3,,58.83,-2.5,0.04,53.12,70.3,64.2,60.3,bullish,SELL,True,True,True,-24.9,2001.0,809.6,HOLD / WATCH,,
HCC,HINDUSTAN CONSTRUCTION CO,HCC,—,—,22.35,STAGE_1,HOLD,MIXED,52.3,65.0,65.0,,-0.36,-4.57,-4.93,-0.36,51.2,51.2,23.5,bearish,SELL,True,True,True,-40.2,37.39,13.65,HOLD / WATCH,,
YESBANK,YES BANK LIMITED,YESBANK,—,—,22.6,STAGE_1,HOLD,MIXED,52.3,65.0,65.0,,-0.44,-3.29,-1.44,-0.44,54.7,54.7,23.3,bearish,SELL,True,True,True,-7.0,24.3,17.2,HOLD / WATCH,,
ABB,ABB INDIA LIMITED,ABB,MNC,LARGE_CAP,6801.0,STAGE_1,HOLD,BULLISH,51.4,55.0,55.3,61.29,3.93,-1.88,-5.49,7.47,56.6,46.6,25.4,bearish,SELL,False,False,True,-13.1,7822.5,4637.5,HOLD / WATCH,,
HINDALCO,HINDALCO  INDUSTRIES  LTD,Hindalco Industries Limited,Metals & Mining,LARGE_CAP,1039.3,STAGE_1,HOLD,STRONG_BULLISH,51.4,51.0,58.7,52.87,14.11,-3.47,-8.75,-0.2,41.2,42.0,35.4,bearish,SELL,False,False,True,-11.6,1176.0,603.75,HOLD / WATCH,,
TMPV,TATA MOTORS PASS VEH LTD,TMPV,Other,SMALL_CAP,381.0,STAGE_1,HOLD,BULLISH,49.7,53.0,54.7,47.98,14.29,-1.75,-4.31,13.11,61.1,54.7,39.2,bearish,SELL,True,True,,-9.1,419.0,294.3,HOLD / WATCH,,
AAATECH,AAA TECHNOLOGIES LIMITED,AAATECH,—,—,94.71,STAGE_3,HOLD,MIXED,49.4,70.0,70.0,,-3.37,-0.42,2.76,-3.37,50.4,50.4,33.3,bullish,SELL,True,False,True,-30.4,136.0,76.11,HOLD / WATCH,,
SIEMENS,SIEMENS LTD,SIEMENS,MNC,LARGE_CAP,3582.7,STAGE_1,HOLD,STRONG_BULLISH,48.6,49.6,54.0,51.32,9.98,-1.02,-3.42,0.23,43.2,44.3,19.3,bearish,SELL,False,False,True,-9.0,3937.3,2788.3,HOLD / WATCH,,
GEOJITFSL,GEOJIT FINANCIAL SER L,GEOJITFSL,—,—,72.24,STAGE_1,HOLD,MIXED,47.7,55.0,55.0,,3.41,-2.23,-0.5,3.41,51.0,51.0,21.8,bearish,SELL,False,True,True,-23.8,94.79,50.86,HOLD / WATCH,,
SUZLON,SUZLON ENERGY LIMITED,SUZLON,—,—,54.08,STAGE_1,HOLD,MIXED,47.3,55.0,55.0,,1.46,-2.08,-0.59,1.46,50.7,50.7,16.8,bearish,SELL,False,True,True,-27.2,74.3,38.19,HOLD / WATCH,,
GENSOL,GENSOL ENGINEERING LTD,GENSOL,—,—,24.92,STAGE_1,HOLD,MIXED,45.2,45.0,45.0,,19.23,,19.87,19.23,77.4,77.4,69.1,bullish,SELL,True,True,False,-64.5,70.2,18.16,HOLD / WATCH,,
COALINDIA,COAL INDIA LTD,COALINDIA,PSU / CPSE,SMALL_CAP,451.0,STAGE_1,WEAK_HOLD,STRONG_BULLISH,43.7,49.4,40.7,71.16,-3.89,-3.41,-4.51,-2.6,44.9,41.8,16.8,bearish,SELL,False,False,True,-8.2,491.25,368.65,HOLD / WATCH,,
GUFICBIO,GUFIC BIOSCIENCES LTD.,GUFICBIO,Other,SMALL_CAP,364.05,STAGE_1,WEAK_HOLD,STRONG_BULLISH,43.7,48.3,48.0,,18.01,-5.88,0.58,22.8,75.9,65.2,69.0,bullish,SELL,True,True,True,-10.7,407.85,268.0,HOLD / WATCH,,
ATLANTAELE,ATLANTA ELECTRICALS LTD,ATLANTAELE,—,—,2050.1,UNKNOWN,HOLD,MIXED,43.5,65.0,65.0,,23.0,5.0,14.6,23.0,72.3,72.3,39.8,bullish,SELL,True,True,,-0.4,2058.0,707.6,HOLD / WATCH,,
QUADFUTURE,QUADRANT FUTURE TEK LTD,QUADFUTURE,Other,SMALL_CAP,338.4,STAGE_1,WEAK_HOLD,BULLISH,41.1,45.6,46.0,,10.65,-1.36,5.4,11.72,78.5,65.0,60.1,bullish,SELL,True,True,True,-36.3,531.0,248.55,HOLD / WATCH,,
PPLPHARMA,PIRAMAL PHARMA LIMITED,PPLPHARMA,Other,MICRO_CAP,164.07,STAGE_1,WEAK_HOLD,BULLISH,39.2,42.3,42.0,,10.77,-2.84,-1.76,-7.07,31.0,43.4,18.2,bearish,SELL,False,True,False,-27.4,226.0,132.3,HOLD / WATCH,,
PCBL,PCBL CHEMICAL LIMITED,PCBL,Chemicals & Specialty,SMALL_CAP,287.15,STAGE_1,WEAK_HOLD,STRONG_BULLISH,37.3,45.7,38.7,,0.91,1.14,-1.29,3.31,44.1,50.0,14.3,bearish,SELL,True,True,False,-34.3,437.3,226.5,HOLD / WATCH,,
DEEPAKNTR,DEEPAK NITRITE LTD,DEEPAKNTR,—,—,1664.7,STAGE_1,HOLD,MIXED,37.2,40.0,40.0,,-10.67,-0.81,-2.01,-10.67,42.8,42.8,40.2,bearish,SELL,False,True,True,-23.4,2174.0,1280.0,HOLD / WATCH,,
SHALBY,SHALBY LIMITED,SHALBY,—,—,165.87,STAGE_1,HOLD,MIXED,36.5,35.0,35.0,,0.25,-1.9,-5.87,0.25,47.3,47.3,18.6,bearish,SELL,False,True,False,-39.6,274.7,125.82,HOLD / WATCH,,
ASHIMASYN,ASHIMA LTD,ASHIMASYN,—,—,16.07,STAGE_1,HOLD,MIXED,36.0,35.0,35.0,,-2.49,-0.62,-3.25,-2.49,48.5,48.5,17.9,bearish,SELL,False,True,False,-55.1,35.8,11.5,HOLD / WATCH,,
JPPOWER,JAIPRAKASH POWER VEN. LTD,JPPOWER,—,—,18.0,STAGE_3,HOLD,MIXED,23.1,20.0,20.0,,-2.33,-3.12,-6.88,-2.33,44.4,44.4,17.4,bearish,SELL,False,False,True,-35.0,27.7,12.52,AVOID / REVIEW EXIT,,
MCX,MULTI COMMODITY EXCHANGE,MCX,Capital Markets,LARGE_CAP,2743.8,STAGE_1,SELL,BULLISH,23.0,41.2,31.3,,5.77,-2.87,-3.17,-13.09,13.9,34.8,52.6,bearish,SELL,False,False,True,-21.2,3480.0,1400.0,AVOID / REVIEW EXIT,,
SIKA,SIKA INTERPLANT SYSTEMS L,SIKA,—,—,904.75,UNKNOWN,HOLD,MIXED,22.0,35.0,35.0,,-7.84,-1.03,0.13,-7.84,48.8,48.8,21.4,bullish,SELL,False,,,-24.6,1199.8,870.1,HOLD / WATCH,,
TATACAP,TATA CAPITAL LIMITED,TATACAP,Other,SMALL_CAP,321.3,STAGE_1,SELL,BEARISH,21.6,47.6,28.7,,-6.71,-0.48,3.95,3.83,65.6,56.8,26.6,bullish,SELL,True,True,,-12.5,367.3,296.0,AVOID / REVIEW EXIT,,
MRPL,MRPL,MRPL,PSU / CPSE,MICRO_CAP,163.62,STAGE_1,SELL,BEARISH,20.3,44.1,34.0,,-17.64,2.05,6.14,6.16,68.5,57.3,26.4,bullish,SELL,True,False,True,-22.9,212.31,120.0,AVOID / REVIEW EXIT,,
ONGC,OIL AND NATURAL GAS CORP.,Oil and Natural Gas Corporation Limited,PSU / CPSE,SMALL_CAP,251.9,STAGE_1,SELL,BEARISH,19.3,29.3,24.7,64.8,-12.31,-2.74,-5.92,-14.47,10.3,25.3,46.8,bearish,SELL,False,False,False,-18.1,307.5,228.45,AVOID / REVIEW EXIT,,
IRB,IRB INFRA DEV LTD.,IRB,—,—,20.52,STAGE_1,HOLD,MIXED,17.2,0.0,,,-3.71,0.05,-3.57,-3.71,41.5,41.5,17.9,bearish,SELL,False,False,False,-24.4,27.14,19.15,AVOID / REVIEW EXIT,,
KPEL,K.P. ENERGY LIMITED,KPEL,Other,SMALL_CAP,340.9,STAGE_4,WEAK_HOLD,BULLISH,17.2,52.5,38.7,,18.29,-1.33,-3.5,-5.09,39.4,43.3,22.0,bearish,SELL,False,False,False,-41.6,583.7,237.9,AVOID / REVIEW EXIT,,
UMESLTD,USHA MARTIN EDU & SOL LTD,UMESLTD,—,—,5.04,STAGE_1,HOLD,MIXED,16.7,5.0,5.0,,-21.5,4.56,-7.69,-21.5,33.9,33.9,63.9,bearish,SELL,False,False,False,-29.4,7.14,3.88,AVOID / REVIEW EXIT,,
DCXINDIA,DCX SYSTEMS LIMITED,DCXINDIA,Defence & Aerospace,MICRO_CAP,181.87,STAGE_4,WEAK_HOLD,BULLISH,16.6,46.2,40.0,62.14,1.15,-4.26,-8.16,-7.64,42.0,39.9,23.0,bearish,SELL,False,False,False,-50.0,363.75,153.3,AVOID / REVIEW EXIT,,
UJJIVANSFB,UJJIVAN SMALL FINANC BANK,UJJIVANSFB,—,—,52.94,STAGE_1,HOLD,MIXED,16.0,0.0,,,-10.39,-1.87,-1.58,-10.39,41.9,41.9,16.4,bearish,SELL,False,False,False,-22.1,68.0,39.77,AVOID / REVIEW EXIT,,
CRIZAC,CRIZAC LIMITED,CRIZAC,Other,SMALL_CAP,207.89,STAGE_4,WEAK_HOLD,BULLISH,14.2,47.2,38.7,51.35,1.74,-2.06,-3.63,0.93,54.5,44.6,19.5,bearish,SELL,False,False,False,-46.4,387.95,173.35,AVOID / REVIEW EXIT,,
PRECAM,PRECISION CAMSHAFTS LTD.,PRECAM,Other,MICRO_CAP,140.66,STAGE_4,WEAK_HOLD,BULLISH,13.9,44.4,38.0,,12.41,-2.12,-5.69,-11.05,39.2,36.2,16.5,bearish,SELL,False,False,False,-46.3,262.0,103.98,AVOID / REVIEW EXIT,,
SAIFL-SM,SAMEERA AGRO AND INFRA L,SAIFL-SM,—,—,5.05,UNKNOWN,HOLD,MIXED,4.9,0.0,,,,,,,nan,nan,0.0,N/A,—,,,,-2.9,5.2,5.05,AVOID / REVIEW EXIT,,
PINELABS,PINE LABS LIMITED,PINELABS,Other,MICRO_CAP,150.32,UNKNOWN,SELL,STRONG_BEARISH,4.4,45.6,20.0,,-14.1,-1.34,5.09,-20.05,51.2,43.5,30.1,bullish,SELL,True,False,,-47.1,284.0,134.73,AVOID / REVIEW EXIT,,
TMCV,TATA MOTORS LIMITED,TMCV,Other,SMALL_CAP,364.9,UNKNOWN,SELL,STRONG_BEARISH,-1.3,37.0,12.0,,-21.04,0.44,-2.42,-5.72,37.1,34.1,33.8,bearish,SELL,False,False,,-28.3,509.0,306.3,AVOID / REVIEW EXIT,,
HGINFRA,H.G.INFRA ENGINEERING LTD,HGINFRA,Infrastructure,MID_CAP,557.25,STAGE_4,SELL,BEARISH,-1.5,41.1,30.7,,9.43,-1.94,-0.42,-12.22,35.2,39.4,33.6,bearish,SELL,False,False,False,-56.3,1275.0,429.5,AVOID / REVIEW EXIT,,
FIVESTAR,FIVE-STAR BUS FIN LTD,FIVESTAR,Other,SMALL_CAP,430.15,STAGE_4,SELL,BEARISH,-2.0,41.8,30.0,,6.89,-0.19,-1.06,-8.37,39.2,40.2,35.6,bearish,SELL,False,False,False,-48.0,828.0,338.15,AVOID / REVIEW EXIT,,
PROSTARM,PROSTARM INFO SYSTEMS LTD,PROSTARM,Other,MICRO_CAP,140.35,STAGE_4,SELL,STRONG_BEARISH,-5.0,38.6,24.7,,3.04,-0.1,1.75,-6.95,37.3,44.5,11.0,bearish,SELL,False,False,False,-44.6,253.49,108.0,AVOID / REVIEW EXIT,,
KITEX,KITEX GARMENTS LTD,KITEX,Housing & Building Materials,MICRO_CAP,142.79,STAGE_4,SELL,BEARISH,-5.6,34.0,32.7,52.69,-16.07,-2.31,-11.93,-8.94,31.9,28.5,35.9,bearish,SELL,False,False,False,-56.0,324.42,138.2,AVOID / REVIEW EXIT,,
MAZDOCK,MAZAGON DOCK SHIPBUIL LTD,MAZDOCK,PSU / CPSE,LARGE_CAP,2367.6,STAGE_4,SELL,BEARISH,-5.7,40.5,22.7,,-0.59,-2.78,-3.04,-3.12,37.5,37.4,16.6,bearish,SELL,False,False,False,-37.3,3775.0,2057.4,AVOID / REVIEW EXIT,,
HUHTAMAKI,HUHTAMAKI INDIA LIMITED,HUHTAMAKI,Other,MICRO_CAP,170.91,STAGE_4,SELL,STRONG_BEARISH,-6.5,43.6,18.0,,-2.04,-0.13,3.24,-1.16,56.8,51.5,23.6,bullish,SELL,True,False,False,-37.3,272.65,148.6,AVOID / REVIEW EXIT,,
HDFCBANK,HDFC BANK LTD,HDFC Bank Limited,Banking - Private,MID_CAP,746.85,STAGE_4,SELL,STRONG_BEARISH,-8.0,40.6,20.7,,-10.07,1.15,-0.9,-0.48,44.1,42.9,24.0,bearish,SELL,False,False,False,-26.8,1020.5,726.65,AVOID / REVIEW EXIT,,
IREDA,INDIAN RENEWABLE ENERGY,IREDA,PSU / CPSE,MICRO_CAP,120.58,STAGE_4,SELL,BEARISH,-9.7,36.4,14.7,,-4.38,-1.54,-1.83,-3.3,37.8,37.9,17.6,bearish,SELL,False,False,False,-35.4,186.58,108.65,AVOID / REVIEW EXIT,,
JIOFIN,JIO FIN SERVICES LTD,JIOFIN,Other,SMALL_CAP,230.17,STAGE_4,SELL,STRONG_BEARISH,-10.5,39.3,12.0,,-8.56,-1.72,-2.07,-0.13,44.8,41.9,34.3,bearish,SELL,False,False,False,-32.0,338.6,223.3,AVOID / REVIEW EXIT,,
VOLTAS,VOLTAS LTD,VOLTAS,Consumer Durables,LARGE_CAP,1290.0,STAGE_4,SELL,STRONG_BEARISH,-10.9,39.5,12.0,,-11.3,-1.1,4.45,1.61,48.8,48.6,22.8,bullish,SELL,True,False,False,-18.5,1582.5,1186.8,AVOID / REVIEW EXIT,,
PGEL,PG ELECTROPLAST LTD,PGEL,Other,SMALL_CAP,465.9,STAGE_4,SELL,BEARISH,-10.9,40.4,14.0,,-15.46,-2.9,-1.18,-5.67,51.6,41.7,24.7,bullish,SELL,False,False,False,-48.1,898.5,436.55,AVOID / REVIEW EXIT,,
NAGAFERT,NAGARJUN FERT AND CHE LTD,NAGAFERT,—,—,3.89,STAGE_4,SELL,MIXED,-12.6,20.0,20.0,,-6.27,-0.26,0.26,-6.27,43.6,43.6,43.3,bullish,SELL,False,False,False,-40.5,6.54,3.12,AVOID / REVIEW EXIT,,
SBFC,SBFC FINANCE LIMITED,SBFC,—,—,91.63,STAGE_4,SELL,MIXED,-12.6,20.0,20.0,,-5.92,-0.17,-1.34,-5.92,47.1,47.1,19.5,bearish,SELL,False,False,False,-25.5,123.0,79.6,AVOID / REVIEW EXIT,,
SWIGGY,SWIGGY LIMITED,SWIGGY,Other,SMALL_CAP,242.3,STAGE_4,SELL,STRONG_BEARISH,-12.7,35.8,13.3,,-17.96,-3.06,-3.81,-5.3,41.8,39.8,18.5,bearish,SELL,False,False,False,-48.9,474.0,238.5,AVOID / REVIEW EXIT,,
CENTRALBK,CENTRAL BANK OF INDIA,CENTRALBK,—,—,30.76,STAGE_4,SELL,MIXED,-14.0,20.0,20.0,,-13.69,-1.03,1.55,-13.69,35.9,35.9,47.4,bullish,SELL,False,False,False,-25.3,41.2,29.32,AVOID / REVIEW EXIT,,
TRENT,TRENT LTD,TRENT,Other,LARGE_CAP,2754.7,STAGE_4,SELL,BEARISH,-15.5,26.7,16.7,,-26.36,-0.6,-35.3,-31.99,17.3,19.8,48.4,bearish,SELL,False,False,False,-56.0,6261.0,2708.5,AVOID / REVIEW EXIT,,
XCHANGING,XCHANGING SOLUTIONS LTD,XCHANGING,—,—,63.02,STAGE_4,SELL,MIXED,-20.8,5.0,5.0,,-7.47,-3.02,-3.58,-7.47,40.2,40.2,25.1,bearish,SELL,False,False,False,-39.7,104.5,47.5,AVOID / REVIEW EXIT,,
IRFC,INDIAN RAILWAY FIN CORP L,IRFC,—,—,94.8,STAGE_4,SELL,MIXED,-20.9,5.0,5.0,,-8.03,-1.26,-0.99,-8.03,37.7,37.7,25.3,bearish,SELL,False,False,False,-36.4,148.95,87.0,AVOID / REVIEW EXIT,,
ABLBL,ADITYA BIRLA LIFES BRAN L,ABLBL,—,—,97.37,STAGE_4,SELL,MIXED,-21.2,5.0,5.0,,-9.56,-1.38,-0.87,-9.56,40.9,40.9,27.3,bearish,SELL,False,False,False,-44.4,175.0,87.91,AVOID / REVIEW EXIT,,
TPHQ,TEAMO PRODUCTIONS HQ LTD,TPHQ,—,—,0.5,STAGE_4,SELL,MIXED,-21.7,5.0,5.0,,-12.28,2.04,,-12.28,40.3,40.3,40.6,bearish,SELL,False,False,False,-46.2,0.93,0.44,AVOID / REVIEW EXIT,,
AURIONPRO,AURIONPRO SOLN LTD,AURIONPRO,—,—,746.6,STAGE_4,SELL,MIXED,-22.1,5.0,5.0,,-14.7,-2.58,-7.78,-14.7,40.1,40.1,30.5,bearish,SELL,False,False,False,-55.2,1665.9,719.6,AVOID / REVIEW EXIT,,
SJVN,SJVN LTD,SJVN,—,—,71.81,STAGE_4,SELL,MIXED,-23.4,0.0,,,-7.19,-1.35,-1.94,-7.19,41.3,41.3,14.1,bearish,SELL,False,False,False,-33.2,107.5,63.02,AVOID / REVIEW EXIT,,
INVENTURE,INVENTURE GRO & SEC LTD,INVENTURE,—,—,0.93,STAGE_4,SELL,MIXED,-23.4,0.0,,,-7.0,-2.11,-3.12,-7.0,36.5,36.5,23.4,bearish,SELL,False,False,False,-48.3,1.8,0.81,AVOID / REVIEW EXIT,,
DMCC,DMCC SPECIALITY CHEMICALS,DMCC,—,—,245.3,STAGE_4,SELL,MIXED,-23.7,5.0,5.0,,-23.43,-1.21,-6.62,-23.43,36.1,36.1,38.6,bearish,SELL,False,False,False,-29.9,350.0,191.35,AVOID / REVIEW EXIT,,
ABFRL,ADITYA BIRLA FASHION & RT,ABFRL,—,—,58.76,STAGE_4,SELL,MIXED,-23.8,0.0,,,-9.59,-2.8,-2.94,-9.59,37.7,37.7,18.5,bearish,SELL,False,False,False,-40.4,98.57,53.51,AVOID / REVIEW EXIT,,
SEPC,"SEPC LTD, SEPC RS.5 PPD UP, SEPC LIMITED",SEPC,—,—,6.43,STAGE_4,SELL,MIXED,-25.3,0.0,,,-17.77,-3.31,-8.14,-17.77,32.8,32.8,23.1,bearish,SELL,False,False,False,-59.3,15.8,4.65,AVOID / REVIEW EXIT,,
PLATIND,PLATINUM INDUSTRIES LTD,PLATIND,—,—,210.27,STAGE_4,SELL,MIXED,-25.8,0.0,,,-20.37,-2.1,-3.97,-20.37,36.9,36.9,15.3,bearish,SELL,False,False,False,-38.6,342.4,183.5,AVOID / REVIEW EXIT,,
