"SYMBOL","OPEN","HIGH","LOW","CLOSE","PREVCLOSE","TOTTRDQTY","TOTTRDVAL","TIMESTAMP","TOTALTRADES","HI_52_WK","LO_52_WK"
"Nifty 50",24734.9,24784.15,24535.05,24565.35,24768.35,3555476852,948194085317.79,2025-08-01,33267639,26277.35,21743.65
"NIFTY50 EQL Wgt",30959.25,30988.4,30615.05,30660.35,30995.9,0,0,2025-08-01,0,0,0
"NIFTY100 EQL Wgt",32313.75,32332.05,31881.4,31932.8,32313.4,0,0,2025-08-01,0,0,0
"NIFTY100 LowVol30",19957.25,20029.15,19797.3,19822.05,19986.45,0,0,2025-08-01,0,0,0
"NIFTY Alpha 50",52112.8,52184.95,51391.45,51480.35,52171,0,0,2025-08-01,0,0,0
"NIFTY MIDCAP 150",21381.7,21409.8,21060.05,21088.65,21361.3,0,0,2025-08-01,0,22515.4,17269.5
"NIFTY SMLCAP 50",8645.95,8661.15,8501.95,8517.95,8671.85,0,0,2025-08-01,0,9505.5,6776.05
"NIFTY SMLCAP 250",17143.4,17178.9,16840.55,16863.25,17144.25,0,0,2025-08-01,0,18688.3,13314.7
"NIFTY MIDSML 400",19873,19898.9,19557.35,19582,19861.1,0,0,2025-08-01,0,21177.6,15832.85
"NIFTY200 QUALTY30",20181.55,20305.85,20052.7,20081.25,20203.55,0,0,2025-08-01,0,0,0
"Nifty FinSrv25 50",28552.85,28649.35,28296.35,28335.4,28592.5,0,0,2025-08-01,0,0,0
"NIFTY AlphaLowVol",26381.65,26387.8,26023.35,26055.2,26423.8,0,0,2025-08-01,0,0,0
"Nifty200Momentm30",30214.9,30261.65,29816.6,29863.45,30226.65,0,0,2025-08-01,0,0,0
"Nifty100ESGSecLdr",4155.9,4159.5,4112.5,4117.65,4160.6,0,0,2025-08-01,0,0,0
"NIFTY100 ESG",4880.95,4886.55,4823,4829.35,4885.25,0,0,2025-08-01,0,0,0
"NIFTY M150 QLTY50",24467.3,24504.9,24086.5,24142.2,24467.55,0,0,2025-08-01,0,0,0
"NIFTY INDIA MFG",14223.15,14223.25,13981.3,14001.15,14228.45,0,0,2025-08-01,0,0,0
"Nifty200 Alpha 30",24870.9,24877.8,24432.55,24482.85,24879.45,0,0,2025-08-01,0,0,0
"NiftyM150Momntm50",61222.8,61360.9,60363.2,60474.45,61231.2,0,0,2025-08-01,0,0,0
"Nifty IT",35118.6,35166.4,34586.9,34649.6,35301.6,0,0,2025-08-01,0,46088.9,30918.95
"Nifty Next 50",67119.25,67195.5,66068.45,66192.8,67096.15,0,0,2025-08-01,0,77918,56192.45
"Nifty Bank",55897.15,56097.6,55562.1,55617.6,55961.95,0,0,2025-08-01,0,57628.4,47702.9
"NIFTY MIDCAP 100",57420.6,57515.75,56548.25,56637.15,57400.55,0,0,2025-08-01,0,60925.95,46865.7
"Nifty 500",22901.6,22917.85,22646.75,22673.65,22914.95,0,0,2025-08-01,0,24573.4,19519.85
"Nifty 100",25353.55,25385.05,25120.3,25149.6,25380.5,0,0,2025-08-01,0,27335.65,22177.35
"Nifty Midcap 50",16210.85,16222.2,15937.8,15963.15,16212.45,0,0,2025-08-01,0,17066.75,13269.65
"Nifty Realty",912.25,918,893.45,896.15,912.35,0,0,2025-08-01,0,1140.4,765.8
"Nifty Infra",9057.25,9066,8956.85,8969.65,9066.2,0,0,2025-08-01,0,9704.2,7589.95
"Nifty Energy",35183.3,35283.2,34826.3,34889,35116.15,0,0,2025-08-01,0,44721.1,29313.2
"Nifty FMCG",55982,57032.9,55974.8,56197.05,55812.15,0,0,2025-08-01,0,66438.7,50199.35
"Nifty MNC",28790.7,29082.55,28638.85,28684.25,28746.85,0,0,2025-08-01,0,32841.15,23981.05
"Nifty Pharma",22696.25,22705.95,21972.65,22011.7,22771.05,0,0,2025-08-01,0,23907.9,19121.1
"Nifty PSE",9670.75,9675,9518.3,9537.75,9682.7,0,0,2025-08-01,0,11564.9,7956.45
"Nifty PSU Bank",6848.15,6857.6,6761,6773.35,6850.95,0,0,2025-08-01,0,7304.8,5530.35
"Nifty Serv Sector",32684.35,32741.15,32394,32429.45,32739.2,0,0,2025-08-01,0,33916.45,29070.85
"India VIX",11.5425,12.11,11.4025,11.975,11.5425,0,0,2025-08-01,0,23.1875,9.47
"Nifty Auto",23684.85,23737.2,23378.9,23410.95,23655.85,0,0,2025-08-01,0,27696.1,19316.65
"Nifty Metal",9281.8,9285.4,9086.35,9102.35,9285.45,0,0,2025-08-01,0,10322.05,7690.2
"Nifty Media",1627.1,1649.2,1611.3,1616.8,1626.35,0,0,2025-08-01,0,2182.35,1344.4
"NIFTY SMLCAP 100",17944.3,17967.5,17641.4,17668.2,17966.85,0,0,2025-08-01,0,19716.2,14084.3
"Nifty 200",13802.65,13813.3,13661.65,13678.5,13814,0,0,2025-08-01,0,14833.75,11941.45
"Nifty Div Opps 50",5861.3,5885.6,5807.2,5815.05,5869,0,0,2025-08-01,0,7012.65,5288.6
"Nifty Commodities",8738.35,8747.6,8604.6,8619.3,8744.9,0,0,2025-08-01,0,9896.35,7502.95
"Nifty Consumption",11752,11836.25,11682.05,11697.15,11739.1,0,0,2025-08-01,0,13057.6,10090.65
"Nifty Fin Service",26619.4,26732.35,26461.05,26492.5,26649.95,0,0,2025-08-01,0,27369.8,22320.85
"Nifty50 Div Point",170.49,170.49,170.49,170.49,164.45,0,0,2025-08-01,0,0,0
"Nifty100 Liq 15",6866.95,6879.55,6802.2,6811.8,6865.7,0,0,2025-08-01,0,7223.7,5985.3
"Nifty CPSE",6372.75,6383.2,6303.9,6316.3,6383,0,0,2025-08-01,0,7477.4,5284.25
"Nifty GrowSect 15",11470.1,11532.45,11297.6,11313.95,11474.85,0,0,2025-08-01,0,13065.05,9722.65
"Nifty50 PR 2x Lev",13505.05,13558.9,13286.85,13319.65,13543.7,0,0,2025-08-01,0,31050.5,1617.15
"Nifty50 PR 1x Inv",207.2,208.85,206.8,208.6,206.9,0,0,2025-08-01,0,31050.5,188.15
"Nifty50 TR 2x Lev",20082.3,20162.35,19758,19806.8,20129.95,0,0,2025-08-01,0,31050.5,1617.15
"Nifty50 TR 1x Inv",170.05,171.45,169.75,171.25,169.85,0,0,2025-08-01,0,31050.5,156.1
"Nifty50 Value 20",12480.35,12487.7,12363.3,12378.05,12517.9,0,0,2025-08-01,0,14731.65,11375.5
"Nifty Mid Liq 15",15025.4,15030.3,14758.95,14791.25,15026.55,0,0,2025-08-01,0,15919.5,11541.7
"Nifty Pvt Bank",27055.4,27163.55,26893.8,26920.35,27085.45,0,0,2025-08-01,0,28577.65,23508.05
"NIFTY100 Qualty30",5503.2,5535.4,5462.35,5468.65,5506.3,0,0,2025-08-01,0,0,0
"Nifty GS 8 13Yr",2938.4,2939.89,2938.39,2939.46,2937.87,0,0,2025-08-01,0,0,0
"Nifty GS 10Yr",2598.79,2600.73,2598.79,2600.27,2598.34,0,0,2025-08-01,0,0,0
"Nifty GS 10Yr Cln",910.91,911.6,910.91,911.44,910.91,0,0,2025-08-01,0,0,0
"Nifty GS 4 8Yr",3179,3179.39,3178.78,3179.21,3178.42,0,0,2025-08-01,0,0,0
"Nifty GS 11 15Yr",3232.99,3233.92,3232.25,3232.43,3232.39,0,0,2025-08-01,0,0,0
"Nifty GS 15YrPlus",3495.64,3499.63,3495.64,3498.46,3494.97,0,0,2025-08-01,0,0,0
"Nifty GS Compsite",3027.65,3029.5,3027.64,3029,3027.1,0,0,2025-08-01,0,0,0
"NIFTY HEALTHCARE",14845.65,14847.9,14447.5,14468.7,14880.25,0,0,2025-08-01,0,15108.8,7249.7
"NIFTY CONSR DURBL",38235.65,38316.95,37837.95,37893.5,38263.8,0,0,2025-08-01,0,44426.55,21967.45
"NIFTY OIL AND GAS",11256.35,11266.15,11072.05,11090.8,11262.25,0,0,2025-08-01,0,13607.2,6645.9
"NIFTY500 MULTICAP",16005.15,16017.75,15801.7,15820.45,16010,0,0,2025-08-01,0,17112.15,8254.5
"NIFTY LARGEMID250",16094.4,16109.1,15899.55,15919.25,16095.25,0,0,2025-08-01,0,17095.2,8318.55
"NIFTY MID SELECT",12865.45,12871.8,12645.05,12668.25,12867.1,0,0,2025-08-01,0,13537.8,6054.2
"NIFTY TOTAL MKT",12898.75,12907.65,12752.4,12767.2,12905.8,0,0,2025-08-01,0,13842.6,7145.35
"NIFTY MICROCAP250",23943.6,24008.85,23516.15,23555.5,23936.05,0,0,2025-08-01,0,26476.9,8567.2
"NIFTY IND DIGITAL",8880.2,8881.5,8727.3,8740.45,8885.75,0,0,2025-08-01,0,10152.15,4924.4
"Nifty Tata 25 Cap",14504.75,14515.35,14352.9,14375.05,14517.65,0,0,2025-08-01,0,18764.95,13221.9
"Nifty MidSml Hlth",45276.1,45324,44398.35,44474.1,45249,0,0,2025-08-01,0,46103.35,31279.6
"Nifty Multi Mfg",15054.45,15054.45,14786.2,14806.15,15066.45,0,0,2025-08-01,0,16253.65,12294.45
"Nifty Multi Infra",13982.1,13992.45,13784.15,13803.85,13992.55,0,0,2025-08-01,0,15154.1,11537.35
"BHARATBOND-APR30",1537.97,1538.18,1537.93,1538.18,1537.66,0,0,2025-08-01,0,0,0
"BHARATBOND-APR31",1402.54,1402.65,1402.01,1402.65,1402.27,0,0,2025-08-01,0,0,0
"BHARATBOND-APR32",1279.9,1279.9,1278.9,1278.9,1279.66,0,0,2025-08-01,0,0,0
"BHARATBOND-APR33",1242.91,1242.91,1242.9,1242.9,1242.68,0,0,2025-08-01,0,0,0
"Nifty Ind Defence",7776.85,7781.5,7603.05,7615.6,7776.6,0,0,2025-08-01,0,9195.15,3374.95
"Nifty Ind Tourism",9141.45,9209.2,9019.05,9043.5,9130.85,0,0,2025-08-01,0,9497.2,6058.05
"Nifty Capital Mkt",4343,4354.9,4287.7,4303.6,4342.5,0,0,2025-08-01,0,4768,2009.6
"Nifty500Momentm50",51891.25,51987.2,51109.4,51185.35,51947.8,0,0,2025-08-01,0,0,0
"NiftyMS400 MQ 100",48587.6,48660.65,47947.55,48024.95,48578.7,0,0,2025-08-01,0,0,0
"NiftySml250MQ 100",45649.3,45688.35,44816.85,44872.85,45711,0,0,2025-08-01,0,0,0
"Nifty Top 10 EW",9441.7,9484.45,9388.1,9400.25,9457.95,0,0,2025-08-01,0,0,0
"Nifty AQL 30",22074.65,22161.9,21900,21924.85,22093.25,0,0,2025-08-01,0,0,0
"Nifty AQLV 30",20340.35,20416.15,20157.8,20184.05,20380.05,0,0,2025-08-01,0,0,0
"Nifty EV",2897.7,2905.45,2860.55,2864.75,2897.2,0,0,2025-08-01,0,0,0
"Nifty HighBeta 50",3652.25,3655.35,3582.45,3590.1,3650.1,0,0,2025-08-01,0,0,0
"Nifty New Consump",11618.35,11637.55,11472.9,11492.1,11610.25,0,0,2025-08-01,0,0,0
"Nifty Corp MAATR",35652,35721.8,35254.15,35308.2,35691.45,0,0,2025-08-01,0,0,0
"Nifty Low Vol 50",24766.9,24844.75,24509.9,24541.15,24797.1,0,0,2025-08-01,0,0,0
"Nifty Mobility",20873.55,20927.8,20593.15,20623.15,20853.1,0,0,2025-08-01,0,0,0
"Nifty Qlty LV 30",16891,16980.3,16787.45,16808.8,16914.75,0,0,2025-08-01,0,0,0
"Nifty Sml250 Q50",27117.6,27140.75,26655.75,26687.9,27070.45,0,0,2025-08-01,0,0,0
"Nifty Top 15 EW",10096.4,10140.35,10025.15,10038.5,10101.4,0,0,2025-08-01,0,0,0
"Nifty100 Alpha 30",18146,18150,17905.25,17930.6,18130.45,0,0,2025-08-01,0,0,0
"Nifty100 Enh ESG",4917.15,4922.8,4859,4865.35,4921.3,0,0,2025-08-01,0,0,0
"Nifty200 Value 30",12797,12806.6,12564.35,12585.05,12814.7,0,0,2025-08-01,0,0,0
"Nifty500 EW",14256.8,14276.15,14021.65,14040.1,14246.75,0,0,2025-08-01,0,0,0
"Nifty Multi MQ 50",41141.15,41236.9,40663.85,40725.5,41098.55,0,0,2025-08-01,0,0,0
"Nifty500 Value 50",13847.7,13859.05,13604.55,13626.95,13860.6,0,0,2025-08-01,0,0,0
"Nifty Top 20 EW",8951.75,8973,8875.6,8887.65,8963.7,0,0,2025-08-01,0,0,0
"Nifty CoreHousing",16019.6,16121.65,15882.2,15906.95,16063.5,0,0,2025-08-01,0,17961.7,13680.9
"Nifty FinSerExBnk",29149.5,29256.65,28703,28766.2,29159.6,0,0,2025-08-01,0,31050.5,21702.4
"Nifty Housing",11402.7,11427.4,11274.9,11290.2,11407.5,0,0,2025-08-01,0,12386.3,9839.7
"Nifty IPO",2080.4,2081.2,2054.8,2059.65,2074.1,0,0,2025-08-01,0,2387.55,1617.15
"Nifty MS Fin Serv",17875.65,17881.15,17585.25,17613.95,17867.55,0,0,2025-08-01,0,19281.05,12407.95
"Nifty MS Ind Cons",19589.95,19674.95,19392.05,19424.75,19600.15,0,0,2025-08-01,0,21008.1,14493.4
"Nifty MS IT Telcm",9660.15,9672.55,9430.95,9453.9,9675.9,0,0,2025-08-01,0,11723.2,7836
"Nifty NonCyc Cons",16190.7,16349.6,16115.15,16138.1,16172.05,0,0,2025-08-01,0,18289.65,13081.55
"Nifty Rural",14815.65,14876.6,14682.6,14702.8,14811.35,0,0,2025-08-01,0,16370.1,12304.35
"Nifty Shariah 25",8057.3,8126.3,7987.65,7999.85,8066.15,0,0,2025-08-01,0,9449.55,7121.55
"Nifty Trans Logis",23424.45,23470,23116.6,23147.65,23399.5,0,0,2025-08-01,0,26170.5,16828.35
"Nifty50 Shariah",4587.9,4605.05,4536.9,4543.15,4603.7,0,0,2025-08-01,0,5677.9,4235.9
"Nifty500 LMS Eql",17689.65,17705.1,17444.1,17464.95,17690.55,0,0,2025-08-01,0,18838.1,14014.4
"Nifty500 Shariah",7036.4,7053.6,6946.85,6956.3,7042.05,0,0,2025-08-01,0,8238.85,6004.55
"Nifty500 Qlty50",19140.35,19197.2,18906.3,18937.35,19118.7,0,0,2025-08-01,0,0,0
"Nifty500 LowVol50",21391.3,21430.25,21096.85,21128.5,21399.4,0,0,2025-08-01,0,0,0
"Nifty500 MQVLv50",30638.45,30740.35,30198.55,30246.8,30660.95,0,0,2025-08-01,0,0,0
"Nifty 50",24596.05,24736.25,24554,24722.75,24565.35,3169401552,833199956064.71,2025-08-04,31102663,26277.35,21743.65
"NIFTY50 EQL Wgt",30710.65,31017.15,30647.95,30998.8,30660.35,0,0,2025-08-04,0,0,0
"NIFTY100 EQL Wgt",31966.7,32301.9,31885.4,32284.2,31932.8,0,0,2025-08-04,0,0,0
"NIFTY100 LowVol30",19844.55,19985.75,19818.85,19969.85,19822.05,0,0,2025-08-04,0,0,0
"NIFTY Alpha 50",51460.4,51985.05,51278.2,51916.55,51480.35,0,0,2025-08-04,0,0,0
"NIFTY MIDCAP 150",21095.6,21345.2,21047.15,21329.4,21088.65,0,0,2025-08-04,0,22515.4,17269.5
"NIFTY SMLCAP 50",8549.25,8655.95,8518.85,8645.5,8517.95,0,0,2025-08-04,0,9505.5,6776.05
"NIFTY SMLCAP 250",16907.05,17041.2,16808.35,17028.65,16863.25,0,0,2025-08-04,0,18688.3,13314.7
"NIFTY MIDSML 400",19604.2,19807.25,19539,19794.45,19582,0,0,2025-08-04,0,21177.6,15832.85
"NIFTY200 QUALTY30",20103.05,20328.85,20027.95,20318.4,20081.25,0,0,2025-08-04,0,0,0
"Nifty FinSrv25 50",28360.1,28489.8,28301.8,28459.8,28335.4,0,0,2025-08-04,0,0,0
"NIFTY AlphaLowVol",26094.4,26276.1,26023.5,26261.85,26055.2,0,0,2025-08-04,0,0,0
"Nifty200Momentm30",29893.85,30261.45,29858.35,30233.2,29863.45,0,0,2025-08-04,0,0,0
"Nifty100ESGSecLdr",4122.55,4152.2,4113.85,4149.85,4117.65,0,0,2025-08-04,0,0,0
"NIFTY100 ESG",4832.25,4872.75,4820.85,4870.45,4829.35,0,0,2025-08-04,0,0,0
"NIFTY M150 QLTY50",24128.45,24336.2,24050.1,24313.15,24142.2,0,0,2025-08-04,0,0,0
"NIFTY INDIA MFG",14029.15,14214.5,14005.9,14207.85,14001.15,0,0,2025-08-04,0,0,0
"Nifty200 Alpha 30",24510.35,24883.6,24463.25,24850.9,24482.85,0,0,2025-08-04,0,0,0
"NiftyM150Momntm50",60486.55,61176.8,60377.3,61124.15,60474.45,0,0,2025-08-04,0,0,0
"Nifty IT",34558.7,35219.85,34324.85,35203.35,34649.6,0,0,2025-08-04,0,46088.9,30918.95
"Nifty Next 50",66238.5,66963.45,66025.05,66917.5,66192.8,0,0,2025-08-04,0,77918,56192.45
"Nifty Bank",55557.5,55752.45,55437.3,55619.35,55617.6,0,0,2025-08-04,0,57628.4,47702.9
"NIFTY MIDCAP 100",56655.85,57468.45,56557.6,57432.35,56637.15,0,0,2025-08-04,0,60925.95,46865.7
"Nifty 500",22699.7,22871.6,22648.6,22860.4,22673.65,0,0,2025-08-04,0,24573.4,19519.85
"Nifty 100",25178.65,25342.55,25132.6,25330.2,25149.6,0,0,2025-08-04,0,27335.65,22177.35
"Nifty Midcap 50",15958.6,16187.65,15918.25,16177.75,15963.15,0,0,2025-08-04,0,17066.75,13269.65
"Nifty Realty",897.4,914.5,893.6,912.05,896.15,0,0,2025-08-04,0,1140.4,765.8
"Nifty Infra",8989.25,9068.25,8956.2,9058.5,8969.65,0,0,2025-08-04,0,9704.2,7589.95
"Nifty Energy",34932.3,35025.6,34685,34923.45,34889,0,0,2025-08-04,0,44721.1,29313.2
"Nifty FMCG",56336.65,56431.3,55979.1,56139.65,56197.05,0,0,2025-08-04,0,66438.7,50199.35
"Nifty MNC",28648.25,28761.05,28521.7,28744.95,28684.25,0,0,2025-08-04,0,32841.15,23981.05
"Nifty Pharma",22038.5,22206.8,21890.55,22153.8,22011.7,0,0,2025-08-04,0,23907.9,19121.1
"Nifty PSE",9554.2,9642.65,9510.6,9628.25,9537.75,0,0,2025-08-04,0,11564.9,7956.45
"Nifty PSU Bank",6779.35,6866.1,6770.25,6858.9,6773.35,0,0,2025-08-04,0,7304.8,5530.35
"Nifty Serv Sector",32438.5,32539.45,32290.2,32515.05,32429.45,0,0,2025-08-04,0,33916.45,29070.85
"India VIX",11.975,12.63,11.8025,11.9675,11.975,0,0,2025-08-04,0,23.1875,9.47
"Nifty Auto",23457.25,23800.25,23416.05,23787.5,23410.95,0,0,2025-08-04,0,27696.1,19316.65
"Nifty Metal",9127.4,9350.6,9102.15,9327.85,9102.35,0,0,2025-08-04,0,10322.05,7690.2
"Nifty Media",1621.25,1643.9,1611.5,1641.15,1616.8,0,0,2025-08-04,0,2182.35,1344.4
"NIFTY SMLCAP 100",17720.1,17913.5,17642.6,17893.4,17668.2,0,0,2025-08-04,0,19716.2,14084.3
"Nifty 200",13692.35,13799.1,13667.8,13792.6,13678.5,0,0,2025-08-04,0,14833.75,11941.45
"Nifty Div Opps 50",5818.55,5870.05,5800.5,5866.6,5815.05,0,0,2025-08-04,0,7012.65,5288.6
"Nifty Commodities",8641.3,8754.25,8619.15,8747.55,8619.3,0,0,2025-08-04,0,9896.35,7502.95
"Nifty Consumption",11727.3,11789.4,11692.75,11782.35,11697.15,0,0,2025-08-04,0,13057.6,10090.65
"Nifty Fin Service",26507.2,26590.1,26412.2,26476.6,26492.5,0,0,2025-08-04,0,27369.8,22320.85
"Nifty50 Div Point",170.49,170.49,170.49,170.49,170.49,0,0,2025-08-04,0,0,0
"Nifty100 Liq 15",6819.9,6884.15,6805.15,6877.45,6811.8,0,0,2025-08-04,0,7223.7,5985.3
"Nifty CPSE",6321.85,6361.55,6289.3,6350.7,6316.3,0,0,2025-08-04,0,7477.4,5284.25
"Nifty GrowSect 15",11318.7,11446.85,11300.75,11435.65,11313.95,0,0,2025-08-04,0,13065.05,9722.65
"Nifty50 PR 2x Lev",13347.3,13498.85,13303.15,13484.65,13319.65,0,0,2025-08-04,0,16297.55,10678.25
"Nifty50 PR 1x Inv",208.45,208.8,207.25,207.35,208.6,0,0,2025-08-04,0,232.4,188.15
"Nifty50 TR 2x Lev",19847.85,20073.2,19782.2,20052.15,19806.8,0,0,2025-08-04,0,23715.35,15663.75
"Nifty50 TR 1x Inv",171.1,171.35,170.1,170.2,171.25,0,0,2025-08-04,0,192.05,156.1
"Nifty50 Value 20",12396.5,12466.8,12356,12460.15,12378.05,0,0,2025-08-04,0,14731.65,11375.5
"Nifty Mid Liq 15",14812.9,15050.95,14708.8,15039.35,14791.25,0,0,2025-08-04,0,15919.5,11541.7
"Nifty Pvt Bank",26875.4,27009.45,26824.15,26955.45,26920.35,0,0,2025-08-04,0,28577.65,23508.05
"NIFTY100 Qualty30",5470.45,5519.9,5455.2,5517.35,5468.65,0,0,2025-08-04,0,0,0
"Nifty GS 8 13Yr",2940.39,2947.02,2940.38,2947.02,2939.86,0,0,2025-08-04,0,0,0
"Nifty GS 10Yr",2601.35,2608.15,2601.35,2608.15,2600.9,0,0,2025-08-04,0,0,0
"Nifty GS 10Yr Cln",911.34,913.76,911.34,913.76,911.34,0,0,2025-08-04,0,0,0
"Nifty GS 4 8Yr",3180.84,3183.77,3180.8,3183.77,3180.26,0,0,2025-08-04,0,0,0
"Nifty GS 11 15Yr",3233.34,3236.16,3233.33,3236.09,3232.74,0,0,2025-08-04,0,0,0
"Nifty GS 15YrPlus",3500.11,3503.9,3500.11,3503.01,3499.44,0,0,2025-08-04,0,0,0
"Nifty GS Compsite",3029.99,3035.08,3029.98,3035.08,3029.43,0,0,2025-08-04,0,0,0
"NIFTY HEALTHCARE",14498.65,14581.3,14385,14551.75,14468.7,0,0,2025-08-04,0,15108.8,6482.8
"NIFTY CONSR DURBL",37919.15,38470.35,37839.9,38414.15,37893.5,0,0,2025-08-04,0,44426.55,14089.55
"NIFTY OIL AND GAS",11120.2,11163.15,11053.55,11151.45,11090.8,0,0,2025-08-04,0,13607.2,4632.7
"NIFTY500 MULTICAP",15841.15,15969.45,15797.3,15961.2,15820.45,0,0,2025-08-04,0,17112.15,5531.55
"NIFTY LARGEMID250",15931.05,16076.65,15898.4,16067.3,15919.25,0,0,2025-08-04,0,17095.2,5635.2
"NIFTY MID SELECT",12684.65,12870,12614.05,12861.1,12668.25,0,0,2025-08-04,0,13537.8,5520.25
"NIFTY TOTAL MKT",12782.35,12877.6,12752.25,12871,12767.2,0,0,2025-08-04,0,13842.6,6252.1
"NIFTY MICROCAP250",23604.15,23710.9,23456.2,23684.65,23555.5,0,0,2025-08-04,0,26476.9,5802.95
"NIFTY IND DIGITAL",8735.15,8840.5,8683.4,8835.5,8740.45,0,0,2025-08-04,0,10152.15,4755.25
"Nifty Tata 25 Cap",14419.5,14615.5,14341.1,14606.9,14375.05,0,0,2025-08-04,0,18764.95,9887.45
"Nifty MidSml Hlth",44524.9,44595.05,44065.2,44502.35,44474.1,0,0,2025-08-04,0,46103.35,20019.15
"Nifty Multi Mfg",14835.4,15022.25,14814.4,15012.95,14806.15,0,0,2025-08-04,0,16253.65,8394.35
"Nifty Multi Infra",13832.85,13952.1,13781.65,13937.8,13803.85,0,0,2025-08-04,0,15154.1,8010.1
"BHARATBOND-APR30",1539.33,1539.6,1539.3,1539.6,1539.03,0,0,2025-08-04,0,0,0
"BHARATBOND-APR31",1403.81,1403.91,1403.77,1403.77,1403.54,0,0,2025-08-04,0,0,0
"BHARATBOND-APR32",1279.99,1280.4,1279.98,1280.4,1279.75,0,0,2025-08-04,0,0,0
"BHARATBOND-APR33",1244.86,1245.36,1244.85,1245.36,1244.62,0,0,2025-08-04,0,0,0
"Nifty Ind Defence",7628.3,7826.95,7604,7808.15,7615.6,0,0,2025-08-04,0,9195.15,3374.95
"Nifty Ind Tourism",9061.95,9125.35,9018.1,9112.85,9043.5,0,0,2025-08-04,0,9497.2,6058.05
"Nifty Capital Mkt",4322.25,4421.45,4311,4415.35,4303.6,0,0,2025-08-04,0,4768,2009.6
"Nifty500Momentm50",51197.05,51831.35,51105.3,51773.55,51185.35,0,0,2025-08-04,0,0,0
"NiftyMS400 MQ 100",48071.15,48588.2,47921.95,48544.35,48024.95,0,0,2025-08-04,0,0,0
"NiftySml250MQ 100",45003,45533.65,44759.65,45467.75,44872.85,0,0,2025-08-04,0,0,0
"Nifty Top 10 EW",9414.6,9464.1,9384.7,9458.7,9400.25,0,0,2025-08-04,0,0,0
"Nifty AQL 30",21944.4,22119.55,21917.7,22101.6,21924.85,0,0,2025-08-04,0,0,0
"Nifty AQLV 30",20202.05,20354.45,20159.9,20342.7,20184.05,0,0,2025-08-04,0,0,0
"Nifty EV",2867.3,2907.7,2860.4,2905.75,2864.75,0,0,2025-08-04,0,0,0
"Nifty HighBeta 50",3598.05,3668.95,3590.65,3663.8,3590.1,0,0,2025-08-04,0,0,0
"Nifty New Consump",11514.55,11625.8,11471.35,11619.95,11492.1,0,0,2025-08-04,0,0,0
"Nifty Corp MAATR",35408.55,35940.7,35278.25,35912.5,35308.2,0,0,2025-08-04,0,0,0
"Nifty Low Vol 50",24572.05,24709,24520.6,24694.35,24541.15,0,0,2025-08-04,0,0,0
"Nifty Mobility",20648.25,20932.4,20592.3,20915.1,20623.15,0,0,2025-08-04,0,0,0
"Nifty Qlty LV 30",16826.9,16937.35,16797.25,16929.85,16808.8,0,0,2025-08-04,0,0,0
"Nifty Sml250 Q50",26724.8,27004.8,26582.9,26973.8,26687.9,0,0,2025-08-04,0,0,0
"Nifty Top 15 EW",10049.35,10103,10031.5,10097.25,10038.5,0,0,2025-08-04,0,0,0
"Nifty100 Alpha 30",17951.9,18125.7,17904.05,18114.15,17930.6,0,0,2025-08-04,0,0,0
"Nifty100 Enh ESG",4868.35,4909.7,4856.85,4907.4,4865.35,0,0,2025-08-04,0,0,0
"Nifty200 Value 30",12600.3,12773.3,12581.45,12761.35,12585.05,0,0,2025-08-04,0,0,0
"Nifty500 EW",14063.85,14187.9,14015,14177.6,14040.1,0,0,2025-08-04,0,0,0
"Nifty Multi MQ 50",40787.55,41272.35,40680.75,41246.55,40725.5,0,0,2025-08-04,0,0,0
"Nifty500 Value 50",13648.65,13822.15,13619.65,13807.5,13626.95,0,0,2025-08-04,0,0,0
"Nifty Top 20 EW",8898.1,8952.1,8886.45,8948.25,8887.65,0,0,2025-08-04,0,0,0
"Nifty CoreHousing",15946.25,16152.8,15910.15,16132.25,15906.95,0,0,2025-08-04,0,17961.7,13680.9
"Nifty FinSerExBnk",28801.45,29304.5,28801.35,29276.7,28766.2,0,0,2025-08-04,0,31050.5,21702.4
"Nifty Housing",11309.5,11432.8,11290.5,11425.95,11290.2,0,0,2025-08-04,0,12386.3,9839.7
"Nifty IPO",2063.4,2083.05,2049.7,2081.45,2059.65,0,0,2025-08-04,0,2387.55,1617.15
"Nifty MS Fin Serv",17591.05,17996,17571.25,17983.25,17613.95,0,0,2025-08-04,0,19281.05,12407.95
"Nifty MS Ind Cons",19461.8,19643.65,19356.05,19628.4,19424.75,0,0,2025-08-04,0,21008.1,14493.4
"Nifty MS IT Telcm",9433.05,9574.8,9388.2,9562.45,9453.9,0,0,2025-08-04,0,11723.2,7836
"Nifty NonCyc Cons",16169.6,16229.45,16116.05,16216.3,16138.1,0,0,2025-08-04,0,18289.65,13081.55
"Nifty Rural",14732.5,14855.2,14723.15,14848.05,14702.8,0,0,2025-08-04,0,16370.1,12304.35
"Nifty Shariah 25",8011,8085.45,7987.15,8080.55,7999.85,0,0,2025-08-04,0,9449.55,7121.55
"Nifty Trans Logis",23174.4,23486.6,23113.6,23466.5,23147.65,0,0,2025-08-04,0,26170.5,16828.35
"Nifty50 Shariah",4546,4588.45,4528.3,4586.2,4543.15,0,0,2025-08-04,0,5677.9,4235.9
"Nifty500 LMS Eql",17488.65,17640.15,17434.75,17630.35,17464.95,0,0,2025-08-04,0,18838.1,14014.4
"Nifty500 Shariah",6962.6,7018.2,6938,7015.25,6956.3,0,0,2025-08-04,0,8238.85,6004.55
"Nifty500 Qlty50",18947.05,19125,18873.2,19112.25,18937.35,0,0,2025-08-04,0,0,0
"Nifty500 LowVol50",21118.55,21304.55,21100.9,21292.6,21128.5,0,0,2025-08-04,0,0,0
"Nifty500 MQVLv50",30259.8,30427.3,30156.9,30396.5,30246.8,0,0,2025-08-04,0,0,0
"Nifty 50",24720.25,24733.1,24590.3,24649.55,24722.75,2904520686,886554072405.17,2025-08-05,30174641,26277.35,21743.65
"NIFTY50 EQL Wgt",31042.75,31062.95,30881.3,30997.5,30998.8,0,0,2025-08-05,0,0,0
"NIFTY100 EQL Wgt",32322.65,32332.25,32111.3,32236.45,32284.2,0,0,2025-08-05,0,0,0
"NIFTY100 LowVol30",19980.2,19983.45,19852.3,19919.25,19969.85,0,0,2025-08-05,0,0,0
"NIFTY Alpha 50",51911.2,52028.95,51572.6,51728.45,51916.55,0,0,2025-08-05,0,0,0
"NIFTY MIDCAP 150",21346.4,21387.65,21207.1,21288.85,21329.4,0,0,2025-08-05,0,22515.4,17269.5
"NIFTY SMLCAP 50",8652.85,8677.8,8582.6,8619,8645.5,0,0,2025-08-05,0,9505.5,6776.05
"NIFTY SMLCAP 250",17056.4,17123.35,16937.1,16974.45,17028.65,0,0,2025-08-05,0,18688.3,13314.7
"NIFTY MIDSML 400",19816.05,19866.3,19684.25,19747.8,19794.45,0,0,2025-08-05,0,21177.6,15832.85
"NIFTY200 QUALTY30",20343.15,20347.3,20145.3,20261.35,20318.4,0,0,2025-08-05,0,0,0
"Nifty FinSrv25 50",28432.1,28456.35,28289.1,28392.4,28459.8,0,0,2025-08-05,0,0,0
"NIFTY AlphaLowVol",26285.85,26291.55,26117.95,26186,26261.85,0,0,2025-08-05,0,0,0
"Nifty200Momentm30",30236.6,30252.05,30039.35,30179.85,30233.2,0,0,2025-08-05,0,0,0
"Nifty100ESGSecLdr",4149.55,4151.05,4123.2,4133.9,4149.85,0,0,2025-08-05,0,0,0
"NIFTY100 ESG",4872,4872.5,4843.35,4860.45,4870.45,0,0,2025-08-05,0,0,0
"NIFTY M150 QLTY50",24359.5,24375.65,24164.85,24276.5,24313.15,0,0,2025-08-05,0,0,0
"NIFTY INDIA MFG",14219.5,14242,14139.7,14218.8,14207.85,0,0,2025-08-05,0,0,0
"Nifty200 Alpha 30",24859,24874.7,24644.55,24764.9,24850.9,0,0,2025-08-05,0,0,0
"NiftyM150Momntm50",61151.25,61255.35,60808.7,61111,61124.15,0,0,2025-08-05,0,0,0
"Nifty IT",35196.75,35196.75,34854.3,35034.5,35203.35,0,0,2025-08-05,0,46088.9,30918.95
"Nifty Next 50",66995.75,66996.25,66423.1,66762.05,66917.5,0,0,2025-08-05,0,77918,56192.45
"Nifty Bank",55545.05,55648.15,55202.85,55360.25,55619.35,0,0,2025-08-05,0,57628.4,47702.9
"NIFTY MIDCAP 100",57445.25,57526.35,56962.05,57206.85,57432.35,0,0,2025-08-05,0,60925.95,46865.7
"Nifty 500",22869.5,22878.1,22736.05,22798.5,22860.4,0,0,2025-08-05,0,24573.4,19519.85
"Nifty 100",25333.1,25335.2,25189,25257.95,25330.2,0,0,2025-08-05,0,27335.65,22177.35
"Nifty Midcap 50",16180.35,16186.75,16020.8,16084.5,16177.75,0,0,2025-08-05,0,17066.75,13269.65
"Nifty Realty",913.75,915.75,898.35,907.85,912.05,0,0,2025-08-05,0,1140.4,765.8
"Nifty Infra",9067.6,9068.45,9004.65,9042.9,9058.5,0,0,2025-08-05,0,9704.2,7589.95
"Nifty Energy",34957.3,35062.3,34739.8,34914.4,34923.45,0,0,2025-08-05,0,44721.1,29313.2
"Nifty FMCG",56202.45,56231.4,55584.85,55733.7,56139.65,0,0,2025-08-05,0,66438.7,50199.35
"Nifty MNC",28790,28790.85,28584.15,28718.4,28744.95,0,0,2025-08-05,0,32841.15,23981.05
"Nifty Pharma",22142.65,22237.6,21879.65,21970.15,22153.8,0,0,2025-08-05,0,23907.9,19121.1
"Nifty PSE",9632.5,9659.65,9553.6,9623.25,9628.25,0,0,2025-08-05,0,11564.9,7956.45
"Nifty PSU Bank",6863.55,6896.05,6819.15,6848.65,6858.9,0,0,2025-08-05,0,7304.8,5530.35
"Nifty Serv Sector",32493.65,32521.7,32321.4,32410.1,32515.05,0,0,2025-08-05,0,33916.45,29070.85
"India VIX",11.9675,12.1775,11.64,11.7125,11.9675,0,0,2025-08-05,0,23.1875,9.47
"Nifty Auto",23806.3,23903.9,23669.7,23876.3,23787.5,0,0,2025-08-05,0,27696.1,19316.65
"Nifty Metal",9347.15,9374.3,9290.15,9336.05,9327.85,0,0,2025-08-05,0,10322.05,7690.2
"Nifty Media",1641.95,1649.95,1635.15,1640.05,1641.15,0,0,2025-08-05,0,2182.35,1344.4
"NIFTY SMLCAP 100",17921.4,17992.95,17808.6,17864.55,17893.4,0,0,2025-08-05,0,19716.2,14084.3
"Nifty 200",13794.45,13795.9,13711.15,13750.75,13792.6,0,0,2025-08-05,0,14833.75,11941.45
"Nifty Div Opps 50",5869.7,5874.4,5828.65,5852.3,5866.6,0,0,2025-08-05,0,7012.65,5288.6
"Nifty Commodities",8765.2,8774.8,8710.35,8748.25,8747.55,0,0,2025-08-05,0,9896.35,7502.95
"Nifty Consumption",11794.05,11800.9,11718.55,11790,11782.35,0,0,2025-08-05,0,13057.6,10090.65
"Nifty Fin Service",26434.7,26474.7,26288.85,26373.5,26476.6,0,0,2025-08-05,0,27369.8,22320.85
"Nifty50 Div Point",170.49,170.49,170.49,170.49,170.49,0,0,2025-08-05,0,0,0
"Nifty100 Liq 15",6897.75,6903.3,6869.3,6890.15,6877.45,0,0,2025-08-05,0,7223.7,5985.3
"Nifty CPSE",6357.2,6376.3,6315.2,6353.55,6350.7,0,0,2025-08-05,0,7477.4,5284.25
"Nifty GrowSect 15",11427.45,11427.7,11342.05,11398.8,11435.65,0,0,2025-08-05,0,13065.05,9722.65
"Nifty50 PR 2x Lev",13479.95,13480.15,13340.5,13402.9,13484.65,0,0,2025-08-05,0,16297.55,10678.25
"Nifty50 PR 1x Inv",207.4,208.5,207.4,208,207.35,0,0,2025-08-05,0,232.4,188.15
"Nifty50 TR 2x Lev",20045.15,20045.4,19837.75,19930.55,20052.15,0,0,2025-08-05,0,23715.35,15663.75
"Nifty50 TR 1x Inv",170.25,171.15,170.25,170.75,170.2,0,0,2025-08-05,0,192.05,156.1
"Nifty50 Value 20",12461.15,12484,12386.15,12420.05,12460.15,0,0,2025-08-05,0,14731.65,11375.5
"Nifty Mid Liq 15",15055.8,15058.3,14806.05,14864.65,15039.35,0,0,2025-08-05,0,15919.5,11541.7
"Nifty Pvt Bank",26940.25,26998.65,26785.75,26873.75,26955.45,0,0,2025-08-05,0,28577.65,23508.05
"NIFTY100 Qualty30",5521.65,5522.3,5480.5,5503.75,5517.35,0,0,2025-08-05,0,0,0
"Nifty GS 8 13Yr",2949.44,2949.44,2947.37,2947.41,2948.91,0,0,2025-08-05,0,0,0
"Nifty GS 10Yr",2611.02,2611.02,2609.33,2609.49,2610.57,0,0,2025-08-05,0,0,0
"Nifty GS 10Yr Cln",914.62,914.62,914.02,914.08,914.62,0,0,2025-08-05,0,0,0
"Nifty GS 4 8Yr",3186.43,3186.43,3185.05,3185.88,3185.85,0,0,2025-08-05,0,0,0
"Nifty GS 11 15Yr",3239.84,3241.1,3239.26,3239.26,3239.23,0,0,2025-08-05,0,0,0
"Nifty GS 15YrPlus",3509.78,3510.78,3509.73,3509.73,3509.1,0,0,2025-08-05,0,0,0
"Nifty GS Compsite",3038.26,3038.26,3036.83,3036.95,3037.7,0,0,2025-08-05,0,0,0
"NIFTY HEALTHCARE",14540,14587.1,14424.95,14481.55,14551.75,0,0,2025-08-05,0,15108.8,6482.8
"NIFTY CONSR DURBL",38413.4,38574,38164.45,38461.9,38414.15,0,0,2025-08-05,0,44426.55,14089.55
"NIFTY OIL AND GAS",11152.5,11155.2,11001.25,11044.7,11151.45,0,0,2025-08-05,0,13607.2,4632.7
"NIFTY500 MULTICAP",15971.8,15989.35,15875.15,15918.15,15961.2,0,0,2025-08-05,0,17112.15,5531.55
"NIFTY LARGEMID250",16074.65,16086.3,15978.2,16029.1,16067.3,0,0,2025-08-05,0,17095.2,5635.2
"NIFTY MID SELECT",12865.05,12871.75,12716.85,12761.05,12861.1,0,0,2025-08-05,0,13537.8,5520.25
"NIFTY TOTAL MKT",12876.65,12883.6,12801.3,12835.7,12871,0,0,2025-08-05,0,13842.6,6252.1
"NIFTY MICROCAP250",23719.4,23843.4,23558.25,23598.6,23684.65,0,0,2025-08-05,0,26476.9,5802.95
"NIFTY IND DIGITAL",8838.4,8839.3,8751.45,8774.9,8835.5,0,0,2025-08-05,0,10152.15,4755.25
"Nifty Tata 25 Cap",14615.75,14653.95,14529.25,14637.2,14606.9,0,0,2025-08-05,0,18764.95,9887.45
"Nifty MidSml Hlth",44505.15,44703.4,44120.55,44426.6,44502.35,0,0,2025-08-05,0,46103.35,20019.15
"Nifty Multi Mfg",15021.8,15045.95,14914.6,14974.6,15012.95,0,0,2025-08-05,0,16253.65,8394.35
"Nifty Multi Infra",13945.4,13963.2,13855.5,13931.1,13937.8,0,0,2025-08-05,0,15154.1,8010.1
"BHARATBOND-APR30",1541.46,1541.46,1541.1,1541.27,1541.15,0,0,2025-08-05,0,0,0
"BHARATBOND-APR31",1405.77,1406.07,1405.35,1406.07,1405.51,0,0,2025-08-05,0,0,0
"BHARATBOND-APR32",1281.25,1281.84,1281.24,1281.84,1281.01,0,0,2025-08-05,0,0,0
"BHARATBOND-APR33",1245.12,1245.74,1245.11,1245.74,1244.89,0,0,2025-08-05,0,0,0
"Nifty Ind Defence",7829.35,7883.85,7754.9,7874.75,7808.15,0,0,2025-08-05,0,9195.15,3374.95
"Nifty Ind Tourism",9117.7,9121.8,9032.6,9103.25,9112.85,0,0,2025-08-05,0,9497.2,6058.05
"Nifty Capital Mkt",4428,4428,4337.85,4364.6,4415.35,0,0,2025-08-05,0,4768,2009.6
"Nifty500Momentm50",51813.85,51843.55,51520.25,51799.7,51773.55,0,0,2025-08-05,0,0,0
"NiftyMS400 MQ 100",48650.3,48727.2,48299.95,48480.2,48544.35,0,0,2025-08-05,0,0,0
"NiftySml250MQ 100",45610.5,45799.4,45311.6,45472.8,45467.75,0,0,2025-08-05,0,0,0
"Nifty Top 10 EW",9455.15,9457.7,9399.4,9422.35,9458.7,0,0,2025-08-05,0,0,0
"Nifty AQL 30",22129.25,22133,21927.05,21988.25,22101.6,0,0,2025-08-05,0,0,0
"Nifty AQLV 30",20347.2,20355.3,20185.15,20255.6,20342.7,0,0,2025-08-05,0,0,0
"Nifty EV",2907.6,2917.95,2896.35,2909.45,2905.75,0,0,2025-08-05,0,0,0
"Nifty HighBeta 50",3669.1,3678.95,3639.95,3654.45,3663.8,0,0,2025-08-05,0,0,0
"Nifty New Consump",11631,11637.15,11550.7,11624.65,11619.95,0,0,2025-08-05,0,0,0
"Nifty Corp MAATR",35955.7,35962.2,35695.05,35812.1,35912.5,0,0,2025-08-05,0,0,0
"Nifty Low Vol 50",24719.5,24725.35,24558.05,24621.45,24694.35,0,0,2025-08-05,0,0,0
"Nifty Mobility",20930.5,20948.4,20767.75,20891.45,20915.1,0,0,2025-08-05,0,0,0
"Nifty Qlty LV 30",16947.9,16950.7,16809.95,16859.6,16929.85,0,0,2025-08-05,0,0,0
"Nifty Sml250 Q50",26981,27089.05,26771.55,26840.25,26973.8,0,0,2025-08-05,0,0,0
"Nifty Top 15 EW",10098.4,10101,10058.4,10090.15,10097.25,0,0,2025-08-05,0,0,0
"Nifty100 Alpha 30",18135.35,18137.45,18014.85,18090.05,18114.15,0,0,2025-08-05,0,0,0
"Nifty100 Enh ESG",4908.9,4909.35,4880.15,4897.2,4907.4,0,0,2025-08-05,0,0,0
"Nifty200 Value 30",12781.25,12815.95,12690.25,12757.65,12761.35,0,0,2025-08-05,0,0,0
"Nifty500 EW",14195.65,14242.55,14107.2,14145.6,14177.6,0,0,2025-08-05,0,0,0
"Nifty Multi MQ 50",41348.35,41350.65,41010,41194.65,41246.55,0,0,2025-08-05,0,0,0
"Nifty500 Value 50",13824.45,13871.4,13741.9,13807.95,13807.5,0,0,2025-08-05,0,0,0
"Nifty Top 20 EW",8954.35,8958.7,8913.95,8949,8948.25,0,0,2025-08-05,0,0,0
"Nifty CoreHousing",16180.65,16190.3,16030.25,16081.5,16132.25,0,0,2025-08-05,0,17961.7,13680.9
"Nifty FinSerExBnk",29311.85,29313.3,29032.65,29173.6,29276.7,0,0,2025-08-05,0,31050.5,21702.4
"Nifty Housing",11436.3,11445.2,11368.2,11403.75,11425.95,0,0,2025-08-05,0,12386.3,9839.7
"Nifty IPO",2082.6,2094.05,2067.2,2071.8,2081.45,0,0,2025-08-05,0,2387.55,1617.15
"Nifty MS Fin Serv",17981.6,17989.5,17718.2,17799.7,17983.25,0,0,2025-08-05,0,19281.05,12407.95
"Nifty MS Ind Cons",19633.35,19660.05,19474.1,19604.7,19628.4,0,0,2025-08-05,0,21008.1,14493.4
"Nifty MS IT Telcm",9578.75,9582.2,9457.1,9497.7,9562.45,0,0,2025-08-05,0,11723.2,7836
"Nifty NonCyc Cons",16239.15,16240.05,16100.8,16171.2,16216.3,0,0,2025-08-05,0,18289.65,13081.55
"Nifty Rural",14870.4,14884.5,14802.15,14870,14848.05,0,0,2025-08-05,0,16370.1,12304.35
"Nifty Shariah 25",8090.25,8092.45,8030.5,8062.55,8080.55,0,0,2025-08-05,0,9449.55,7121.55
"Nifty Trans Logis",23487.6,23543.3,23333.05,23483.45,23466.5,0,0,2025-08-05,0,26170.5,16828.35
"Nifty50 Shariah",4588.65,4588.75,4552.6,4571.2,4586.2,0,0,2025-08-05,0,5677.9,4235.9
"Nifty500 LMS Eql",17645.25,17674.35,17534.75,17583.7,17630.35,0,0,2025-08-05,0,18838.1,14014.4
"Nifty500 Shariah",7021.75,7029.35,6970.55,6997.6,7015.25,0,0,2025-08-05,0,8238.85,6004.55
"Nifty500 Qlty50",19136.7,19157.05,18981.2,19078.25,19112.25,0,0,2025-08-05,0,0,0
"Nifty500 LowVol50",21309.9,21325.55,21198.85,21287.55,21292.6,0,0,2025-08-05,0,0,0
"Nifty500 MQVLv50",30438,30513.05,30214.35,30346.2,30396.5,0,0,2025-08-05,0,0,0
"Nifty 50",24641.35,24671.4,24539.2,24574.2,24649.55,2792529015,891229652829.86,2025-08-06,31895095,26277.35,21743.65
"NIFTY50 EQL Wgt",31022.05,31034.1,30801.85,30837.25,30997.5,0,0,2025-08-06,0,0,0
"NIFTY100 EQL Wgt",32267.1,32272.4,31946.75,32008.7,32236.45,0,0,2025-08-06,0,0,0
"NIFTY100 LowVol30",19917.8,19924.6,19708.15,19729.9,19919.25,0,0,2025-08-06,0,0,0
"NIFTY Alpha 50",51703.8,51743.6,50601.5,50946.95,51728.45,0,0,2025-08-06,0,0,0
"NIFTY MIDCAP 150",21338.05,21340.75,21010.75,21096.65,21288.85,0,0,2025-08-06,0,22515.4,17269.5
"NIFTY SMLCAP 50",8610.15,8620.55,8474.65,8512.55,8619,0,0,2025-08-06,0,9505.5,6776.05
"NIFTY SMLCAP 250",16974.5,17013.3,16689.75,16770.1,16974.45,0,0,2025-08-06,0,18688.3,13314.7
"NIFTY MIDSML 400",19777.4,19782.4,19464.3,19548.55,19747.8,0,0,2025-08-06,0,21177.6,15832.85
"NIFTY200 QUALTY30",20289.65,20294.65,20109.3,20144,20261.35,0,0,2025-08-06,0,0,0
"Nifty FinSrv25 50",28371.9,28446.45,28257.6,28354.05,28392.4,0,0,2025-08-06,0,0,0
"NIFTY AlphaLowVol",26180.25,26194.8,25893.15,25929.35,26186,0,0,2025-08-06,0,0,0
"Nifty200Momentm30",30220.15,30273.5,29923,30048.45,30179.85,0,0,2025-08-06,0,0,0
"Nifty100ESGSecLdr",4132.75,4136.95,4109.45,4115.25,4133.9,0,0,2025-08-06,0,0,0
"NIFTY100 ESG",4860.2,4863.65,4821.8,4831.2,4860.45,0,0,2025-08-06,0,0,0
"NIFTY M150 QLTY50",24338.15,24350.2,23962.2,24031.95,24276.5,0,0,2025-08-06,0,0,0
"NIFTY INDIA MFG",14257.05,14257.05,14086.35,14110.05,14218.8,0,0,2025-08-06,0,0,0
"Nifty200 Alpha 30",24809.45,24817.85,24433.2,24524.85,24764.9,0,0,2025-08-06,0,0,0
"NiftyM150Momntm50",61275.7,61295.6,60186.25,60448.9,61111,0,0,2025-08-06,0,0,0
"Nifty IT",34957.95,34990.35,34347.45,34426.25,35034.5,0,0,2025-08-06,0,46088.9,30918.95
"Nifty Next 50",66850.2,66853.3,66015.25,66181.35,66762.05,0,0,2025-08-06,0,77918,56192.45
"Nifty Bank",55329.8,55559.4,55227.7,55411.15,55360.25,0,0,2025-08-06,0,57628.4,47702.9
"NIFTY MIDCAP 100",57326.95,57331.2,56483.75,56749.75,57206.85,0,0,2025-08-06,0,60925.95,46865.7
"Nifty 500",22807.55,22818.2,22622.35,22666.85,22798.5,0,0,2025-08-06,0,24573.4,19519.85
"Nifty 100",25256.7,25275.2,25122.1,25156.35,25257.95,0,0,2025-08-06,0,27335.65,22177.35
"Nifty Midcap 50",16126.95,16126.95,15868.55,15955.65,16084.5,0,0,2025-08-06,0,17066.75,13269.65
"Nifty Realty",908.75,909.8,883.8,894.15,907.85,0,0,2025-08-06,0,1140.4,765.8
"Nifty Infra",9055.45,9084.8,9003.7,9018.8,9042.9,0,0,2025-08-06,0,9704.2,7589.95
"Nifty Energy",34932.95,34947.2,34617.7,34683.35,34914.4,0,0,2025-08-06,0,44721.1,29313.2
"Nifty FMCG",55728.55,55778.6,55097.35,55230.8,55733.7,0,0,2025-08-06,0,66438.7,50199.35
"Nifty MNC",28788,28789.15,28341.95,28392.9,28718.4,0,0,2025-08-06,0,32841.15,23981.05
"Nifty Pharma",21966.5,21966.6,21487.3,21523.75,21970.15,0,0,2025-08-06,0,23907.9,19121.1
"Nifty PSE",9652.95,9663.3,9557.35,9584.25,9623.25,0,0,2025-08-06,0,11564.9,7956.45
"Nifty PSU Bank",6857.1,6935.2,6814.45,6889.05,6848.65,0,0,2025-08-06,0,7304.8,5530.35
"Nifty Serv Sector",32381.2,32454.65,32264.25,32312.25,32410.1,0,0,2025-08-06,0,33916.45,29070.85
"India VIX",11.7125,12.0475,10.6575,11.96,11.7125,0,0,2025-08-06,0,23.1875,9.47
"Nifty Auto",23902.4,23927.85,23662.5,23748.85,23876.3,0,0,2025-08-06,0,27696.1,19316.65
"Nifty Metal",9368.65,9368.65,9256.6,9298.75,9336.05,0,0,2025-08-06,0,10322.05,7690.2
"Nifty Media",1645.2,1654.1,1611.45,1620.7,1640.05,0,0,2025-08-06,0,2182.35,1344.4
"NIFTY SMLCAP 100",17870.65,17902.2,17587.65,17662.6,17864.55,0,0,2025-08-06,0,19716.2,14084.3
"Nifty 200",13755.1,13762.05,13662,13686.15,13750.75,0,0,2025-08-06,0,14833.75,11941.45
"Nifty Div Opps 50",5852.7,5854.45,5804.7,5817.75,5852.3,0,0,2025-08-06,0,7012.65,5288.6
"Nifty Commodities",8756.1,8761.9,8699.55,8707.1,8748.25,0,0,2025-08-06,0,9896.35,7502.95
"Nifty Consumption",11802.95,11814.15,11714.15,11747.75,11790,0,0,2025-08-06,0,13057.6,10090.65
"Nifty Fin Service",26338.1,26433.25,26288.25,26371.15,26373.5,0,0,2025-08-06,0,27369.8,22320.85
"Nifty50 Div Point",173.24,173.24,173.24,173.24,170.49,0,0,2025-08-06,0,0,0
"Nifty100 Liq 15",6890.75,6914.3,6854.35,6870.65,6890.15,0,0,2025-08-06,0,7223.7,5985.3
"Nifty CPSE",6366.4,6378.55,6323.3,6334.55,6353.55,0,0,2025-08-06,0,7477.4,5284.25
"Nifty GrowSect 15",11388.05,11395.8,11246.4,11260.2,11398.8,0,0,2025-08-06,0,13065.05,9722.65
"Nifty50 PR 2x Lev",13392.05,13424.6,13281.6,13319,13402.9,0,0,2025-08-06,0,16297.55,10678.25
"Nifty50 PR 1x Inv",208.1,208.95,207.85,208.65,208,0,0,2025-08-06,0,232.4,188.15
"Nifty50 TR 2x Lev",19918.85,19967.3,19754.7,19810.25,19930.55,0,0,2025-08-06,0,23715.35,15663.75
"Nifty50 TR 1x Inv",170.8,171.5,170.6,171.25,170.75,0,0,2025-08-06,0,192.05,156.1
"Nifty50 Value 20",12411.7,12418.3,12326.5,12337,12420.05,0,0,2025-08-06,0,14731.65,11375.5
"Nifty Mid Liq 15",14901.6,14909.35,14639.6,14715.25,14864.65,0,0,2025-08-06,0,15919.5,11541.7
"Nifty Pvt Bank",26870.05,26947.8,26803.5,26850.65,26873.75,0,0,2025-08-06,0,28577.65,23508.05
"NIFTY100 Qualty30",5503.95,5505.6,5439.45,5447.5,5503.75,0,0,2025-08-06,0,0,0
"Nifty GS 8 13Yr",2947.36,2947.36,2934.83,2934.83,2946.83,0,0,2025-08-06,0,0,0
"Nifty GS 10Yr",2609.88,2609.88,2597.87,2597.87,2609.43,0,0,2025-08-06,0,0,0
"Nifty GS 10Yr Cln",914.06,914.06,909.78,909.78,914.06,0,0,2025-08-06,0,0,0
"Nifty GS 4 8Yr",3186.4,3186.4,3180.12,3180.12,3185.82,0,0,2025-08-06,0,0,0
"Nifty GS 11 15Yr",3236.99,3236.99,3232.17,3232.17,3236.38,0,0,2025-08-06,0,0,0
"Nifty GS 15YrPlus",3500.01,3500.01,3491.28,3491.28,3499.33,0,0,2025-08-06,0,0,0
"Nifty GS Compsite",3035.14,3035.14,3024.74,3024.74,3034.59,0,0,2025-08-06,0,0,0
"NIFTY HEALTHCARE",14492.15,14492.15,14197.4,14223.35,14481.55,0,0,2025-08-06,0,15108.8,6482.8
"NIFTY CONSR DURBL",38488.05,38488.05,37964.25,38134.8,38461.9,0,0,2025-08-06,0,44426.55,14089.55
"NIFTY OIL AND GAS",11062.5,11085,10996.8,11018.15,11044.7,0,0,2025-08-06,0,13607.2,4632.7
"NIFTY500 MULTICAP",15927.05,15933.95,15759.9,15802.4,15918.15,0,0,2025-08-06,0,17112.15,5531.55
"NIFTY LARGEMID250",16047.3,16052.45,15883.6,15924.45,16029.1,0,0,2025-08-06,0,17095.2,5635.2
"NIFTY MID SELECT",12798.95,12798.95,12575.5,12636.4,12761.05,0,0,2025-08-06,0,13537.8,5520.25
"NIFTY TOTAL MKT",12840.9,12846.95,12732.25,12759.1,12835.7,0,0,2025-08-06,0,13842.6,6252.1
"NIFTY MICROCAP250",23612.35,23677.25,23203.85,23343.45,23598.6,0,0,2025-08-06,0,26476.9,5802.95
"NIFTY IND DIGITAL",8772.5,8780.5,8662.3,8676.45,8774.9,0,0,2025-08-06,0,10152.15,4755.25
"Nifty Tata 25 Cap",14656.5,14669.15,14539.65,14572.1,14637.2,0,0,2025-08-06,0,18764.95,9887.45
"Nifty MidSml Hlth",44531.65,44535,43675.25,43853.15,44426.6,0,0,2025-08-06,0,46103.35,20019.15
"Nifty Multi Mfg",15002.3,15002.3,14813.2,14848.55,14974.6,0,0,2025-08-06,0,16253.65,8394.35
"Nifty Multi Infra",13950.55,13985.65,13826.35,13855.15,13931.1,0,0,2025-08-06,0,15154.1,8010.1
"BHARATBOND-APR30",1542.3,1542.3,1540.75,1540.75,1542,0,0,2025-08-06,0,0,0
"BHARATBOND-APR31",1406.76,1406.76,1405.26,1405.26,1406.49,0,0,2025-08-06,0,0,0
"BHARATBOND-APR32",1282.18,1282.18,1282.1,1282.1,1281.94,0,0,2025-08-06,0,0,0
"BHARATBOND-APR33",1246.66,1246.66,1246.65,1246.65,1246.42,0,0,2025-08-06,0,0,0
"Nifty Ind Defence",7954.05,7966.05,7807.15,7836.2,7874.75,0,0,2025-08-06,0,9195.15,3374.95
"Nifty Ind Tourism",9135.95,9153.4,9034.6,9074.5,9103.25,0,0,2025-08-06,0,9497.2,6058.05
"Nifty Capital Mkt",4371.5,4385.15,4296.25,4355.7,4364.6,0,0,2025-08-06,0,4768,2009.6
"Nifty500Momentm50",51839.45,51859.3,51051.8,51323,51799.7,0,0,2025-08-06,0,0,0
"NiftyMS400 MQ 100",48589.15,48594.6,47762.1,47967.9,48480.2,0,0,2025-08-06,0,0,0
"NiftySml250MQ 100",45486.7,45621.15,44778.35,44981.15,45472.8,0,0,2025-08-06,0,0,0
"Nifty Top 10 EW",9413.45,9447.65,9376.3,9390,9422.35,0,0,2025-08-06,0,0,0
"Nifty AQL 30",22001.6,22009.75,21716.45,21758.4,21988.25,0,0,2025-08-06,0,0,0
"Nifty AQLV 30",20244.65,20251.2,20031.45,20063.4,20255.6,0,0,2025-08-06,0,0,0
"Nifty EV",2913.6,2915.45,2881.8,2885.55,2909.45,0,0,2025-08-06,0,0,0
"Nifty HighBeta 50",3662.65,3663.75,3600.7,3617.5,3654.45,0,0,2025-08-06,0,0,0
"Nifty New Consump",11639.25,11646.8,11523.35,11570.15,11624.65,0,0,2025-08-06,0,0,0
"Nifty Corp MAATR",35862.7,35879.6,35538.8,35636.4,35812.1,0,0,2025-08-06,0,0,0
"Nifty Low Vol 50",24647.05,24652,24423.25,24457.9,24621.45,0,0,2025-08-06,0,0,0
"Nifty Mobility",20941.05,20955.1,20744,20793.75,20891.45,0,0,2025-08-06,0,0,0
"Nifty Qlty LV 30",16857.9,16861.8,16686.35,16716.85,16859.6,0,0,2025-08-06,0,0,0
"Nifty Sml250 Q50",26845.35,26902.35,26456.55,26542.25,26840.25,0,0,2025-08-06,0,0,0
"Nifty Top 15 EW",10084.35,10113.3,10045.15,10062.95,10090.15,0,0,2025-08-06,0,0,0
"Nifty100 Alpha 30",18099.15,18133.6,17941.55,17974.05,18090.05,0,0,2025-08-06,0,0,0
"Nifty100 Enh ESG",4896.75,4900.35,4857.4,4867.2,4897.2,0,0,2025-08-06,0,0,0
"Nifty200 Value 30",12777.95,12798.25,12678.2,12734.95,12757.65,0,0,2025-08-06,0,0,0
"Nifty500 EW",14159,14174.95,13953.85,14001.75,14145.6,0,0,2025-08-06,0,0,0
"Nifty Multi MQ 50",41275.4,41286.25,40634.9,40704.75,41194.65,0,0,2025-08-06,0,0,0
"Nifty500 Value 50",13821.3,13841.65,13707.3,13756.5,13807.95,0,0,2025-08-06,0,0,0
"Nifty Top 20 EW",8947.25,8960.7,8915.05,8925.15,8949,0,0,2025-08-06,0,0,0
"Nifty CoreHousing",16099.85,16108.1,15931.2,15999.95,16081.5,0,0,2025-08-06,0,17961.7,13680.9
"Nifty FinSerExBnk",29162.25,29230.85,28796.8,29011.45,29173.6,0,0,2025-08-06,0,31050.5,21702.4
"Nifty Housing",11406.95,11418.05,11332.3,11357.15,11403.75,0,0,2025-08-06,0,12386.3,9839.7
"Nifty IPO",2072.2,2080.05,2053.75,2062.15,2071.8,0,0,2025-08-06,0,2387.55,1617.15
"Nifty MS Fin Serv",17815.25,17820.5,17556.6,17728.75,17799.7,0,0,2025-08-06,0,19281.05,12407.95
"Nifty MS Ind Cons",19637.8,19645.9,19333.55,19425.15,19604.7,0,0,2025-08-06,0,21008.1,14493.4
"Nifty MS IT Telcm",9489.5,9503.65,9304.8,9317.05,9497.7,0,0,2025-08-06,0,11723.2,7836
"Nifty NonCyc Cons",16187.65,16199.6,16068.1,16102.25,16171.2,0,0,2025-08-06,0,18289.65,13081.55
"Nifty Rural",14875.1,14913.05,14774.3,14807.15,14870,0,0,2025-08-06,0,16370.1,12304.35
"Nifty Shariah 25",8065.2,8067.55,7990.7,7998.9,8062.55,0,0,2025-08-06,0,9449.55,7121.55
"Nifty Trans Logis",23529.55,23542.2,23280.75,23377.85,23483.45,0,0,2025-08-06,0,26170.5,16828.35
"Nifty50 Shariah",4564.25,4566.9,4522.5,4529.75,4571.2,0,0,2025-08-06,0,5677.9,4235.9
"Nifty500 LMS Eql",17597.1,17603.95,17380.2,17436.8,17583.7,0,0,2025-08-06,0,18838.1,14014.4
"Nifty500 Shariah",6999.5,7001.05,6915.5,6924.05,6997.6,0,0,2025-08-06,0,8238.85,6004.55
"Nifty500 Qlty50",19106.25,19115.35,18858.3,18899.95,19078.25,0,0,2025-08-06,0,0,0
"Nifty500 LowVol50",21282.1,21288.1,21052.75,21095.95,21287.55,0,0,2025-08-06,0,0,0
"Nifty500 MQVLv50",30376.7,30394.25,29990.8,30087.35,30346.2,0,0,2025-08-06,0,0,0
"Nifty 50",24464.2,24634.2,24344.15,24596.15,24574.2,3207598064,980414879827.82,2025-08-07,32660166,26277.35,21743.65
"NIFTY50 EQL Wgt",30670.35,30931.55,30518.7,30882.75,30837.25,0,0,2025-08-07,0,0,0
"NIFTY100 EQL Wgt",31856.4,32126.7,31666.75,32072.1,32008.7,0,0,2025-08-07,0,0,0
"NIFTY100 LowVol30",19647.1,19842.85,19631.4,19816.3,19729.9,0,0,2025-08-07,0,0,0
"NIFTY Alpha 50",50681.65,51289.75,50400.95,51175.2,50946.95,0,0,2025-08-07,0,0,0
"NIFTY MIDCAP 150",20997.65,21183.2,20829.5,21152.1,21096.65,0,0,2025-08-07,0,22515.4,17269.5
"NIFTY SMLCAP 50",8460.55,8552.45,8416.2,8538.95,8512.55,0,0,2025-08-07,0,9505.5,6776.05
"NIFTY SMLCAP 250",16675.35,16777.7,16523.65,16753.2,16770.1,0,0,2025-08-07,0,18688.3,13314.7
"NIFTY MIDSML 400",19450.2,19601.7,19287.25,19574.85,19548.55,0,0,2025-08-07,0,21177.6,15832.85
"NIFTY200 QUALTY30",20054.8,20252.65,19998.75,20226.7,20144,0,0,2025-08-07,0,0,0
"Nifty FinSrv25 50",28224.25,28427.45,28096.2,28374.2,28354.05,0,0,2025-08-07,0,0,0
"NIFTY AlphaLowVol",25812.5,26071.2,25802.35,26037.4,25929.35,0,0,2025-08-07,0,0,0
"Nifty200Momentm30",29910.25,30193.75,29789.95,30144.95,30048.45,0,0,2025-08-07,0,0,0
"Nifty100ESGSecLdr",4095.35,4126.8,4072.75,4119.85,4115.25,0,0,2025-08-07,0,0,0
"NIFTY100 ESG",4806,4849.5,4783.65,4841.2,4831.2,0,0,2025-08-07,0,0,0
"NIFTY M150 QLTY50",23911.1,24102.9,23720.95,24061.55,24031.95,0,0,2025-08-07,0,0,0
"NIFTY INDIA MFG",14025.8,14151.1,13922.2,14129.3,14110.05,0,0,2025-08-07,0,0,0
"Nifty200 Alpha 30",24396.2,24779.5,24353.3,24726.2,24524.85,0,0,2025-08-07,0,0,0
"NiftyM150Momntm50",60237.4,60757.8,59845.8,60680.4,60448.9,0,0,2025-08-07,0,0,0
"Nifty IT",34284.95,34808.05,34224.55,34726.8,34426.25,0,0,2025-08-07,0,46088.9,30918.95
"Nifty Next 50",65924.3,66468.2,65471.25,66338.1,66181.35,0,0,2025-08-07,0,77918,56192.45
"Nifty Bank",55215.65,55614.8,54973.55,55521.15,55411.15,0,0,2025-08-07,0,57628.4,47702.9
"NIFTY MIDCAP 100",56444.9,57034.75,55950.25,56938.3,56749.75,0,0,2025-08-07,0,60925.95,46865.7
"Nifty 500",22563.4,22726.9,22425.85,22694.1,22666.85,0,0,2025-08-07,0,24573.4,19519.85
"Nifty 100",25046.3,25225.3,24916.25,25185.15,25156.35,0,0,2025-08-07,0,27335.65,22177.35
"Nifty Midcap 50",15866.3,16063.2,15768.8,16034.05,15955.65,0,0,2025-08-07,0,17066.75,13269.65
"Nifty Realty",887,896.45,879.2,893,894.15,0,0,2025-08-07,0,1140.4,765.8
"Nifty Infra",8985.35,9013.1,8891,8996,9018.8,0,0,2025-08-07,0,9704.2,7589.95
"Nifty Energy",34504.5,34660.65,34114.35,34613.8,34683.35,0,0,2025-08-07,0,44721.1,29313.2
"Nifty FMCG",55156.35,55430.25,54950.9,55298.5,55230.8,0,0,2025-08-07,0,66438.7,50199.35
"Nifty MNC",28298.35,28463.45,28095.4,28419.1,28392.9,0,0,2025-08-07,0,32841.15,23981.05
"Nifty Pharma",21380.9,21712.35,21325.2,21684.8,21523.75,0,0,2025-08-07,0,23907.9,19121.1
"Nifty PSE",9535.35,9559.05,9430.5,9540.9,9584.25,0,0,2025-08-07,0,11564.9,7956.45
"Nifty PSU Bank",6854.95,6918.8,6787.95,6909.3,6889.05,0,0,2025-08-07,0,7304.8,5530.35
"Nifty Serv Sector",32172.35,32415.25,32045.3,32352.45,32312.25,0,0,2025-08-07,0,33916.45,29070.85
"India VIX",11.96,12.3075,11.555,11.6875,11.96,0,0,2025-08-07,0,23.1875,9.47
"Nifty Auto",23620,23839.55,23453.55,23808.1,23748.85,0,0,2025-08-07,0,27696.1,19316.65
"Nifty Metal",9253.4,9328.75,9144.1,9310.65,9298.75,0,0,2025-08-07,0,10322.05,7690.2
"Nifty Media",1620,1645.85,1616.15,1636.8,1620.7,0,0,2025-08-07,0,2182.35,1344.4
"NIFTY SMLCAP 100",17556.55,17718.55,17428.2,17692.65,17662.6,0,0,2025-08-07,0,19716.2,14084.3
"Nifty 200",13623.95,13728.35,13545.25,13706.85,13686.15,0,0,2025-08-07,0,14833.75,11941.45
"Nifty Div Opps 50",5797.9,5835.9,5762,5828.05,5817.75,0,0,2025-08-07,0,7012.65,5288.6
"Nifty Commodities",8670.7,8725.45,8586.75,8707.85,8707.1,0,0,2025-08-07,0,9896.35,7502.95
"Nifty Consumption",11683.4,11789.3,11647.25,11772.95,11747.75,0,0,2025-08-07,0,13057.6,10090.65
"Nifty Fin Service",26265.5,26451.05,26180.3,26403.9,26371.15,0,0,2025-08-07,0,27369.8,22320.85
"Nifty50 Div Point",173.24,173.24,173.24,173.24,173.24,0,0,2025-08-07,0,0,0
"Nifty100 Liq 15",6827.4,6878.5,6784.15,6865.2,6870.65,0,0,2025-08-07,0,7223.7,5985.3
"Nifty CPSE",6309.4,6333.65,6267.85,6326,6334.55,0,0,2025-08-07,0,7477.4,5284.25
"Nifty GrowSect 15",11203.85,11318.1,11150.5,11304.1,11260.2,0,0,2025-08-07,0,13065.05,9722.65
"Nifty50 PR 2x Lev",13197.8,13381.65,13068.05,13340.85,13319,0,0,2025-08-07,0,16297.55,10678.25
"Nifty50 PR 1x Inv",209.65,210.65,208.2,208.5,208.65,0,0,2025-08-07,0,232.4,188.15
"Nifty50 TR 2x Lev",19630.05,19903.45,19437,19842.8,19810.25,0,0,2025-08-07,0,23715.35,15663.75
"Nifty50 TR 1x Inv",172.05,172.9,170.9,171.15,171.25,0,0,2025-08-07,0,192.05,156.1
"Nifty50 Value 20",12294.6,12376.95,12232.6,12360.35,12337,0,0,2025-08-07,0,14731.65,11375.5
"Nifty Mid Liq 15",14636.65,14959.6,14627.05,14919.8,14715.25,0,0,2025-08-07,0,15919.5,11541.7
"Nifty Pvt Bank",26728.05,26951.4,26658.5,26901.1,26850.65,0,0,2025-08-07,0,28577.65,23508.05
"NIFTY100 Qualty30",5426.75,5482.95,5418.95,5475.65,5447.5,0,0,2025-08-07,0,0,0
"Nifty GS 8 13Yr",2930.89,2932.62,2930.88,2932.62,2930.37,0,0,2025-08-07,0,0,0
"Nifty GS 10Yr",2595.17,2597.01,2595.17,2597.01,2594.72,0,0,2025-08-07,0,0,0
"Nifty GS 10Yr Cln",908.66,909.32,908.66,909.32,908.66,0,0,2025-08-07,0,0,0
"Nifty GS 4 8Yr",3175.26,3175.26,3174.72,3174.96,3174.68,0,0,2025-08-07,0,0,0
"Nifty GS 11 15Yr",3216.44,3217.06,3215.51,3216.13,3215.83,0,0,2025-08-07,0,0,0
"Nifty GS 15YrPlus",3473.18,3476.6,3473.18,3475.17,3472.5,0,0,2025-08-07,0,0,0
"Nifty GS Compsite",3017.95,3019.61,3017.94,3019.61,3017.39,0,0,2025-08-07,0,0,0
"NIFTY HEALTHCARE",14157.6,14330.95,14082.15,14309.7,14223.35,0,0,2025-08-07,0,15108.8,6482.8
"NIFTY CONSR DURBL",37721.75,38363.45,37721.75,38282.7,38134.8,0,0,2025-08-07,0,44426.55,14089.55
"NIFTY OIL AND GAS",10969.3,11021.8,10837.1,10997.3,11018.15,0,0,2025-08-07,0,13607.2,4632.7
"NIFTY500 MULTICAP",15727,15839.5,15619.3,15817.95,15802.4,0,0,2025-08-07,0,17112.15,5531.55
"NIFTY LARGEMID250",15852.2,15977.45,15747.95,15954.45,15924.45,0,0,2025-08-07,0,17095.2,5635.2
"NIFTY MID SELECT",12559.9,12750.85,12504,12724.7,12636.4,0,0,2025-08-07,0,13537.8,5520.25
"NIFTY TOTAL MKT",12700.35,12790.4,12620.05,12772.3,12759.1,0,0,2025-08-07,0,13842.6,6252.1
"NIFTY MICROCAP250",23212.9,23311.7,22933.35,23270.5,23343.45,0,0,2025-08-07,0,26476.9,5802.95
"NIFTY IND DIGITAL",8626.75,8782.7,8623.4,8757.75,8676.45,0,0,2025-08-07,0,10152.15,4755.25
"Nifty Tata 25 Cap",14462.4,14589.6,14376.55,14559.1,14572.1,0,0,2025-08-07,0,18764.95,9887.45
"Nifty MidSml Hlth",43718.35,44247.05,43610.4,44184.7,43853.15,0,0,2025-08-07,0,46103.35,20019.15
"Nifty Multi Mfg",14752.8,14885.05,14649.25,14863.35,14848.55,0,0,2025-08-07,0,16253.65,8394.35
"Nifty Multi Infra",13788.8,13846.45,13642.1,13822.2,13855.15,0,0,2025-08-07,0,15154.1,8010.1
"BHARATBOND-APR30",1539.22,1539.5,1539.19,1539.5,1538.91,0,0,2025-08-07,0,0,0
"BHARATBOND-APR31",1403.79,1404.37,1403.77,1404.37,1403.52,0,0,2025-08-07,0,0,0
"BHARATBOND-APR32",1280.6,1280.6,1280.59,1280.59,1280.36,0,0,2025-08-07,0,0,0
"BHARATBOND-APR33",1245.62,1245.62,1245.48,1245.48,1245.39,0,0,2025-08-07,0,0,0
"Nifty Ind Defence",7792.1,7837.3,7685.6,7800.05,7836.2,0,0,2025-08-07,0,9195.15,3374.95
"Nifty Ind Tourism",9030.05,9082.4,8934.35,9052.3,9074.5,0,0,2025-08-07,0,9497.2,6058.05
"Nifty Capital Mkt",4328.7,4393.35,4302.7,4387,4355.7,0,0,2025-08-07,0,4768,2009.6
"Nifty500Momentm50",51125.8,51472.7,50787.95,51393.8,51323,0,0,2025-08-07,0,0,0
"NiftyMS400 MQ 100",47709.8,48177.45,47342.3,48105.3,47967.9,0,0,2025-08-07,0,0,0
"NiftySml250MQ 100",44753.3,44954.9,44212.75,44883.35,44981.15,0,0,2025-08-07,0,0,0
"Nifty Top 10 EW",9355.5,9412.05,9321.05,9398.25,9390,0,0,2025-08-07,0,0,0
"Nifty AQL 30",21665.85,21873.2,21634.45,21846.15,21758.4,0,0,2025-08-07,0,0,0
"Nifty AQLV 30",19976.7,20183.9,19939.2,20158.35,20063.4,0,0,2025-08-07,0,0,0
"Nifty EV",2869.35,2893.15,2850.45,2888,2885.55,0,0,2025-08-07,0,0,0
"Nifty HighBeta 50",3595.45,3619,3535.4,3610.45,3617.5,0,0,2025-08-07,0,0,0
"Nifty New Consump",11483.3,11619.15,11442.75,11597.65,11570.15,0,0,2025-08-07,0,0,0
"Nifty Corp MAATR",35428.55,35625.95,35018.05,35563.95,35636.4,0,0,2025-08-07,0,0,0
"Nifty Low Vol 50",24354,24571.55,24307.85,24538.1,24457.9,0,0,2025-08-07,0,0,0
"Nifty Mobility",20646.45,20861.2,20492.65,20816.4,20793.75,0,0,2025-08-07,0,0,0
"Nifty Qlty LV 30",16650.7,16794.3,16615.9,16772.2,16716.85,0,0,2025-08-07,0,0,0
"Nifty Sml250 Q50",26385.75,26634.3,26250.9,26610.25,26542.25,0,0,2025-08-07,0,0,0
"Nifty Top 15 EW",10024.85,10078.15,9971.4,10067.35,10062.95,0,0,2025-08-07,0,0,0
"Nifty100 Alpha 30",17884.5,18065.95,17826.8,18023.65,17974.05,0,0,2025-08-07,0,0,0
"Nifty100 Enh ESG",4841.2,4885.9,4819.15,4877.6,4867.2,0,0,2025-08-07,0,0,0
"Nifty200 Value 30",12683.35,12739.2,12537.15,12718.4,12734.95,0,0,2025-08-07,0,0,0
"Nifty500 EW",13930.1,14011.5,13801.3,13992.4,14001.75,0,0,2025-08-07,0,0,0
"Nifty Multi MQ 50",40511.1,40843.05,40209.1,40789.95,40704.75,0,0,2025-08-07,0,0,0
"Nifty500 Value 50",13693.9,13769.2,13546.15,13745.95,13756.5,0,0,2025-08-07,0,0,0
"Nifty Top 20 EW",8886.3,8942.05,8843.85,8930.8,8925.15,0,0,2025-08-07,0,0,0
"Nifty CoreHousing",15912.65,16048.9,15860.65,16022.1,15999.95,0,0,2025-08-07,0,17961.7,13680.9
"Nifty FinSerExBnk",28849.2,29197,28690.4,29117.95,29011.45,0,0,2025-08-07,0,31050.5,21702.4
"Nifty Housing",11304.55,11403.9,11255.15,11387.05,11357.15,0,0,2025-08-07,0,12386.3,9839.7
"Nifty IPO",2050.3,2066.05,2039.15,2064.1,2062.15,0,0,2025-08-07,0,2387.55,1617.15
"Nifty MS Fin Serv",17651.45,17963.15,17578.45,17920.4,17728.75,0,0,2025-08-07,0,19281.05,12407.95
"Nifty MS Ind Cons",19320.4,19520.4,19250.85,19496.4,19425.15,0,0,2025-08-07,0,21008.1,14493.4
"Nifty MS IT Telcm",9274.3,9411.7,9257.4,9386.7,9317.05,0,0,2025-08-07,0,11723.2,7836
"Nifty NonCyc Cons",16008.45,16152.05,15974,16122.4,16102.25,0,0,2025-08-07,0,18289.65,13081.55
"Nifty Rural",14749.75,14846.15,14669,14826.05,14807.15,0,0,2025-08-07,0,16370.1,12304.35
"Nifty Shariah 25",7972.6,8066.75,7964.4,8055.1,7998.9,0,0,2025-08-07,0,9449.55,7121.55
"Nifty Trans Logis",23192.55,23441.65,23045,23398.3,23377.85,0,0,2025-08-07,0,26170.5,16828.35
"Nifty50 Shariah",4508.7,4547.3,4486.1,4538.9,4529.75,0,0,2025-08-07,0,5677.9,4235.9
"Nifty500 LMS Eql",17351.3,17476.6,17222.7,17453,17436.8,0,0,2025-08-07,0,18838.1,14014.4
"Nifty500 Shariah",6890.3,6946.1,6849.4,6936.1,6924.05,0,0,2025-08-07,0,8238.85,6004.55
"Nifty500 Qlty50",18780.05,18951.55,18646.15,18922.55,18899.95,0,0,2025-08-07,0,0,0
"Nifty500 LowVol50",20978.75,21209.1,20937.65,21178.4,21095.95,0,0,2025-08-07,0,0,0
"Nifty500 MQVLv50",29925.4,30100.7,29694.2,30058.35,30087.35,0,0,2025-08-07,0,0,0
"Nifty 50",24544.25,24585.5,24337.5,24363.3,24596.15,2838915935,1004446818141.72,2025-08-08,30596780,26277.35,21743.65
"NIFTY50 EQL Wgt",30845.65,30923.3,30583.3,30613.45,30882.75,0,0,2025-08-08,0,0,0
"NIFTY100 EQL Wgt",32079.7,32134.25,31706.7,31741.1,32072.1,0,0,2025-08-08,0,0,0
"NIFTY100 LowVol30",19803.4,19840.15,19644.25,19660.8,19816.3,0,0,2025-08-08,0,0,0
"NIFTY Alpha 50",51315.65,51340.45,49474,49661.7,51175.2,0,0,2025-08-08,0,0,0
"NIFTY MIDCAP 150",21202.7,21203.2,20813.05,20848.25,21152.1,0,0,2025-08-08,0,22515.4,17269.5
"NIFTY SMLCAP 50",8539.9,8543.7,8394.85,8416.2,8538.95,0,0,2025-08-08,0,9505.5,6776.05
"NIFTY SMLCAP 250",16770.7,16785.85,16500,16541.9,16753.2,0,0,2025-08-08,0,18688.3,13314.7
"NIFTY MIDSML 400",19612.4,19614.1,19268.15,19305.75,19574.85,0,0,2025-08-08,0,21177.6,15832.85
"NIFTY200 QUALTY30",20234.1,20251.1,20050.65,20075.65,20226.7,0,0,2025-08-08,0,0,0
"Nifty FinSrv25 50",28357.65,28405.85,28066.5,28106.45,28374.2,0,0,2025-08-08,0,0,0
"NIFTY AlphaLowVol",25996.85,26049.75,25793.05,25823.8,26037.4,0,0,2025-08-08,0,0,0
"Nifty200Momentm30",30140.45,30163.95,29668.2,29703.3,30144.95,0,0,2025-08-08,0,0,0
"Nifty100ESGSecLdr",4110.9,4117.4,4072.5,4076.45,4119.85,0,0,2025-08-08,0,0,0
"NIFTY100 ESG",4834.65,4841.1,4789.5,4794.5,4841.2,0,0,2025-08-08,0,0,0
"NIFTY M150 QLTY50",24073.85,24078.55,23643.3,23691.2,24061.55,0,0,2025-08-08,0,0,0
"NIFTY INDIA MFG",14124.05,14136.35,13931.05,13947.25,14129.3,0,0,2025-08-08,0,0,0
"Nifty200 Alpha 30",24792.55,24793.85,24160.15,24195.05,24726.2,0,0,2025-08-08,0,0,0
"NiftyM150Momntm50",60905.2,60906.1,59661.6,59780,60680.4,0,0,2025-08-08,0,0,0
"Nifty IT",34603,34643.75,34350.85,34398.5,34726.8,0,0,2025-08-08,0,46088.9,30918.95
"Nifty Next 50",66400.4,66487.15,65429.5,65514.7,66338.1,0,0,2025-08-08,0,77918,56192.45
"Nifty Bank",55609.35,55652.6,54905.6,55004.9,55521.15,0,0,2025-08-08,0,57628.4,47702.9
"NIFTY MIDCAP 100",57094.95,57096.2,55918.7,56002.2,56938.3,0,0,2025-08-08,0,60925.95,46865.7
"Nifty 500",22680.9,22690.35,22419.7,22443.15,22694.1,0,0,2025-08-08,0,24573.4,19519.85
"Nifty 100",25145.1,25182.4,24908.05,24934.05,25185.15,0,0,2025-08-08,0,27335.65,22177.35
"Nifty Midcap 50",16085.9,16086.35,15763.55,15785.6,16034.05,0,0,2025-08-08,0,17066.75,13269.65
"Nifty Realty",892.25,896.6,871.4,874.15,893,0,0,2025-08-08,0,1140.4,765.8
"Nifty Infra",8970.9,8992.7,8869.4,8879.1,8996,0,0,2025-08-08,0,9704.2,7589.95
"Nifty Energy",34635.55,34714.85,34340.05,34391.95,34613.8,0,0,2025-08-08,0,44721.1,29313.2
"Nifty FMCG",55343.95,55517.9,54844.65,54900.95,55298.5,0,0,2025-08-08,0,66438.7,50199.35
"Nifty MNC",28507.7,28525.8,28110.5,28134.05,28419.1,0,0,2025-08-08,0,32841.15,23981.05
"Nifty Pharma",21633.05,21676.15,21375.95,21402.15,21684.8,0,0,2025-08-08,0,23907.9,19121.1
"Nifty PSE",9537.9,9588.3,9510.7,9529.4,9540.9,0,0,2025-08-08,0,11564.9,7956.45
"Nifty PSU Bank",6904.45,6930.2,6840.95,6881.25,6909.3,0,0,2025-08-08,0,7304.8,5530.35
"Nifty Serv Sector",32253.2,32295.6,31995.75,32033.2,32352.45,0,0,2025-08-08,0,33916.45,29070.85
"India VIX",11.6875,12.1975,10.8975,12.0325,11.6875,0,0,2025-08-08,0,23.1875,9.47
"Nifty Auto",23810.3,23890.8,23439.05,23474.65,23808.1,0,0,2025-08-08,0,27696.1,19316.65
"Nifty Metal",9309.65,9327.3,9127.25,9147.1,9310.65,0,0,2025-08-08,0,10322.05,7690.2
"Nifty Media",1643.65,1656.25,1630.6,1635.1,1636.8,0,0,2025-08-08,0,2182.35,1344.4
"NIFTY SMLCAP 100",17711.75,17724.05,17380.05,17428.2,17692.65,0,0,2025-08-08,0,19716.2,14084.3
"Nifty 200",13695.15,13703.9,13541.4,13555.15,13706.85,0,0,2025-08-08,0,14833.75,11941.45
"Nifty Div Opps 50",5825.7,5832.5,5800.3,5806.85,5828.05,0,0,2025-08-08,0,7012.65,5288.6
"Nifty Commodities",8709.5,8744.65,8626.9,8638.9,8707.85,0,0,2025-08-08,0,9896.35,7502.95
"Nifty Consumption",11754.3,11769.1,11637.05,11647.1,11772.95,0,0,2025-08-08,0,13057.6,10090.65
"Nifty Fin Service",26379.85,26425.7,26129.8,26167.35,26403.9,0,0,2025-08-08,0,27369.8,22320.85
"Nifty50 Div Point",174.84,174.84,174.84,174.84,173.24,0,0,2025-08-08,0,0,0
"Nifty100 Liq 15",6838.2,6856.1,6764.15,6772.25,6865.2,0,0,2025-08-08,0,7223.7,5985.3
"Nifty CPSE",6313.25,6348.85,6303.45,6317.2,6326,0,0,2025-08-08,0,7477.4,5284.25
"Nifty GrowSect 15",11272.7,11311.55,11139.1,11148.7,11304.1,0,0,2025-08-08,0,13065.05,9722.65
"Nifty50 PR 2x Lev",13282.55,13327.05,13058.75,13086.25,13340.85,0,0,2025-08-08,0,31050.5,1617.15
"Nifty50 PR 1x Inv",209,210.75,208.65,210.5,208.5,0,0,2025-08-08,0,31050.5,188.15
"Nifty50 TR 2x Lev",19758.6,19824.85,19425.75,19466.65,19842.8,0,0,2025-08-08,0,31050.5,1617.15
"Nifty50 TR 1x Inv",171.5,172.95,171.25,172.75,171.15,0,0,2025-08-08,0,31050.5,156.1
"Nifty50 Value 20",12351.25,12372.8,12290.75,12307.45,12360.35,0,0,2025-08-08,0,14731.65,11375.5
"Nifty Mid Liq 15",14979.1,14979.1,14626.7,14644.7,14919.8,0,0,2025-08-08,0,15919.5,11541.7
"Nifty Pvt Bank",26889.8,26934.45,26518.9,26564.7,26901.1,0,0,2025-08-08,0,28577.65,23508.05
"NIFTY100 Qualty30",5473.1,5483.3,5426.05,5431.05,5475.65,0,0,2025-08-08,0,0,0
"Nifty GS 8 13Yr",2934.14,2936.48,2933.15,2936.48,2933.61,0,0,2025-08-08,0,0,0
"Nifty GS 10Yr",2599.08,2601.98,2598.36,2601.98,2598.62,0,0,2025-08-08,0,0,0
"Nifty GS 10Yr Cln",909.89,910.92,909.64,910.92,909.89,0,0,2025-08-08,0,0,0
"Nifty GS 4 8Yr",3176.6,3176.6,3175.84,3175.84,3176.02,0,0,2025-08-08,0,0,0
"Nifty GS 11 15Yr",3217.42,3219.33,3216.43,3219.33,3216.81,0,0,2025-08-08,0,0,0
"Nifty GS 15YrPlus",3474.77,3478.35,3474.57,3478.35,3474.09,0,0,2025-08-08,0,0,0
"Nifty GS Compsite",3020.61,3022.83,3019.82,3022.83,3020.06,0,0,2025-08-08,0,0,0
"NIFTY HEALTHCARE",14279.3,14308.05,14116.35,14135.55,14309.7,0,0,2025-08-08,0,15108.8,7249.7
"NIFTY CONSR DURBL",38532.1,38552.6,37458.7,37549.6,38282.7,0,0,2025-08-08,0,44426.55,21967.45
"NIFTY OIL AND GAS",11003.05,11090.85,10972.3,10989.15,10997.3,0,0,2025-08-08,0,13607.2,6645.9
"NIFTY500 MULTICAP",15818.9,15822.85,15611.55,15632.45,15817.95,0,0,2025-08-08,0,17112.15,8254.5
"NIFTY LARGEMID250",15960.9,15963.7,15741.95,15760.3,15954.45,0,0,2025-08-08,0,17095.2,8318.55
"NIFTY MID SELECT",12762.4,12762.4,12493.3,12506.3,12724.7,0,0,2025-08-08,0,13537.8,6054.2
"NIFTY TOTAL MKT",12766.45,12771.5,12618.35,12632.35,12772.3,0,0,2025-08-08,0,13842.6,7145.35
"NIFTY MICROCAP250",23332.3,23373.45,23007.6,23072.85,23270.5,0,0,2025-08-08,0,26476.9,8567.2
"NIFTY IND DIGITAL",8728.85,8737.85,8630.55,8641.35,8757.75,0,0,2025-08-08,0,10152.15,4924.4
"Nifty Tata 25 Cap",14590.8,14626.85,14453.5,14486.15,14559.1,0,0,2025-08-08,0,18764.95,13221.9
"Nifty MidSml Hlth",44181.8,44196.55,43506,43592.4,44184.7,0,0,2025-08-08,0,46103.35,31279.6
"Nifty Multi Mfg",14856.15,14875.35,14640.6,14659.65,14863.35,0,0,2025-08-08,0,16253.65,12294.45
"Nifty Multi Infra",13806.7,13815.35,13625.5,13640.45,13822.2,0,0,2025-08-08,0,15154.1,11537.35
"BHARATBOND-APR30",1539.74,1539.79,1539.65,1539.77,1539.44,0,0,2025-08-08,0,0,0
"BHARATBOND-APR31",1404.5,1404.91,1404.49,1404.91,1404.23,0,0,2025-08-08,0,0,0
"BHARATBOND-APR32",1280.99,1280.99,1280.98,1280.98,1280.74,0,0,2025-08-08,0,0,0
"BHARATBOND-APR33",1244.76,1244.76,1244.75,1244.75,1244.52,0,0,2025-08-08,0,0,0
"Nifty Ind Defence",7776.55,7783.65,7594.55,7607.9,7800.05,0,0,2025-08-08,0,9195.15,3374.95
"Nifty Ind Tourism",9055.85,9066.3,8916.3,8939.2,9052.3,0,0,2025-08-08,0,9497.2,6058.05
"Nifty Capital Mkt",4408.65,4409.65,4310.1,4318.5,4387,0,0,2025-08-08,0,4768,2009.6
"Nifty500Momentm50",51471.15,51520.35,50502.8,50603.1,51393.8,0,0,2025-08-08,0,0,0
"NiftyMS400 MQ 100",48185.25,48186.4,47165.85,47270,48105.3,0,0,2025-08-08,0,0,0
"NiftySml250MQ 100",44901.9,44940.75,44064.25,44249.05,44883.35,0,0,2025-08-08,0,0,0
"Nifty Top 10 EW",9368.75,9381.35,9273.55,9286.65,9398.25,0,0,2025-08-08,0,0,0
"Nifty AQL 30",21848.9,21884.7,21640.4,21662.05,21846.15,0,0,2025-08-08,0,0,0
"Nifty AQLV 30",20147.8,20176.9,19995.7,20014.55,20158.35,0,0,2025-08-08,0,0,0
"Nifty EV",2886.35,2893.5,2848,2853.1,2888,0,0,2025-08-08,0,0,0
"Nifty HighBeta 50",3612.85,3619.9,3526.95,3533.85,3610.45,0,0,2025-08-08,0,0,0
"Nifty New Consump",11591.85,11596.3,11402.8,11420.25,11597.65,0,0,2025-08-08,0,0,0
"Nifty Corp MAATR",35552,35665.3,35048.75,35087.35,35563.95,0,0,2025-08-08,0,0,0
"Nifty Low Vol 50",24514.75,24567.9,24275.9,24298.4,24538.1,0,0,2025-08-08,0,0,0
"Nifty Mobility",20809.8,20871.75,20557.95,20582.7,20816.4,0,0,2025-08-08,0,0,0
"Nifty Qlty LV 30",16773.2,16797.05,16630.85,16645.75,16772.2,0,0,2025-08-08,0,0,0
"Nifty Sml250 Q50",26615.1,26679.85,26412.4,26469.75,26610.25,0,0,2025-08-08,0,0,0
"Nifty Top 15 EW",10043.55,10063.8,9953.35,9964.7,10067.35,0,0,2025-08-08,0,0,0
"Nifty100 Alpha 30",17978.45,18002.25,17796.45,17815.6,18023.65,0,0,2025-08-08,0,0,0
"Nifty100 Enh ESG",4870.6,4877.15,4824.7,4829.65,4877.6,0,0,2025-08-08,0,0,0
"Nifty200 Value 30",12720.75,12770,12631.15,12652.1,12718.4,0,0,2025-08-08,0,0,0
"Nifty500 EW",14009,14018,13803.8,13829.8,13992.4,0,0,2025-08-08,0,0,0
"Nifty Multi MQ 50",40818.3,40820.15,40068.3,40116.75,40789.95,0,0,2025-08-08,0,0,0
"Nifty500 Value 50",13751.7,13796.2,13642.95,13663.65,13745.95,0,0,2025-08-08,0,0,0
"Nifty Top 20 EW",8917.75,8935,8841,8849.85,8930.8,0,0,2025-08-08,0,0,0
"Nifty CoreHousing",16014.8,16035.5,15765.5,15794.85,16022.1,0,0,2025-08-08,0,17961.7,13680.9
"Nifty FinSerExBnk",29176.2,29261.2,28825.45,28868.75,29117.95,0,0,2025-08-08,0,31050.5,21702.4
"Nifty Housing",11385.8,11396.4,11239.8,11253.6,11387.05,0,0,2025-08-08,0,12386.3,9839.7
"Nifty IPO",2071.55,2072.55,2041.85,2044.9,2064.1,0,0,2025-08-08,0,2387.55,1617.15
"Nifty MS Fin Serv",18057.3,18057.3,17695.6,17735.95,17920.4,0,0,2025-08-08,0,19281.05,12407.95
"Nifty MS Ind Cons",19509.15,19522.8,19083.2,19121.7,19496.4,0,0,2025-08-08,0,21008.1,14493.4
"Nifty MS IT Telcm",9376.75,9376.75,9202.8,9215.4,9386.7,0,0,2025-08-08,0,11723.2,7836
"Nifty NonCyc Cons",16097.45,16112.55,15924.85,15938.4,16122.4,0,0,2025-08-08,0,18289.65,13081.55
"Nifty Rural",14803.8,14823.1,14645.5,14660.8,14826.05,0,0,2025-08-08,0,16370.1,12304.35
"Nifty Shariah 25",8056,8064.6,7986.7,7994.2,8055.1,0,0,2025-08-08,0,9449.55,7121.55
"Nifty Trans Logis",23377.5,23435.9,23072.2,23106,23398.3,0,0,2025-08-08,0,26170.5,16828.35
"Nifty50 Shariah",4530.05,4544.95,4503.1,4508.8,4538.9,0,0,2025-08-08,0,5677.9,4235.9
"Nifty500 LMS Eql",17463.7,17467,17211.3,17238.05,17453,0,0,2025-08-08,0,18838.1,14014.4
"Nifty500 Shariah",6933.05,6938.25,6856.25,6865.95,6936.1,0,0,2025-08-08,0,8238.85,6004.55
"Nifty500 Qlty50",18912.85,18914,18650.85,18678.9,18922.55,0,0,2025-08-08,0,0,0
"Nifty500 LowVol50",21167.4,21230.75,20993.5,21014.65,21178.4,0,0,2025-08-08,0,0,0
"Nifty500 MQVLv50",30095.9,30124.9,29825.85,29868.85,30058.35,0,0,2025-08-08,0,0,0
"Nifty 50",24371.5,24600.85,24347.45,24585.05,24363.3,2612835491,811937884015.46,2025-08-11,31323937,26277.35,21743.65
"NIFTY50 EQL Wgt",30637.95,30931.6,30592.5,30906.85,30613.45,0,0,2025-08-11,0,0,0
"NIFTY100 EQL Wgt",31770.8,32104.15,31695.2,32084.45,31741.1,0,0,2025-08-11,0,0,0
"NIFTY100 LowVol30",19667.9,19830.15,19601.75,19808.4,19660.8,0,0,2025-08-11,0,0,0
"NIFTY Alpha 50",49523.7,49950.85,49087.6,49891.35,49661.7,0,0,2025-08-11,0,0,0
"NIFTY MIDCAP 150",20840.45,21015.35,20768.25,20983.8,20848.25,0,0,2025-08-11,0,22515.4,17269.5
"NIFTY SMLCAP 50",8411.35,8471,8363.3,8457.4,8416.2,0,0,2025-08-11,0,9505.5,6776.05
"NIFTY SMLCAP 250",16535.25,16639.9,16443.75,16617,16541.9,0,0,2025-08-11,0,18688.3,13314.7
"NIFTY MIDSML 400",19298.3,19440.9,19219.1,19417.9,19305.75,0,0,2025-08-11,0,21177.6,15832.85
"NIFTY200 QUALTY30",20068.3,20151.65,19959.45,20126.45,20075.65,0,0,2025-08-11,0,0,0
"Nifty FinSrv25 50",28105,28385.4,28080.85,28361.6,28106.45,0,0,2025-08-11,0,0,0
"NIFTY AlphaLowVol",25850.15,26053.05,25777.8,26030.95,25823.8,0,0,2025-08-11,0,0,0
"Nifty200Momentm30",29695.1,30010.25,29655.15,29975.5,29703.3,0,0,2025-08-11,0,0,0
"Nifty100ESGSecLdr",4076.95,4116.45,4070.55,4113.25,4076.45,0,0,2025-08-11,0,0,0
"NIFTY100 ESG",4795.8,4844.5,4787.5,4841.05,4794.5,0,0,2025-08-11,0,0,0
"NIFTY M150 QLTY50",23683.15,23821.4,23561.15,23785.1,23691.2,0,0,2025-08-11,0,0,0
"NIFTY INDIA MFG",13948.85,14073.4,13904.6,14043.5,13947.25,0,0,2025-08-11,0,0,0
"Nifty200 Alpha 30",24176.35,24586.95,24129.3,24563.15,24195.05,0,0,2025-08-11,0,0,0
"NiftyM150Momntm50",59758.95,60467.05,59631.35,60333.95,59780,0,0,2025-08-11,0,0,0
"Nifty IT",34367.25,34624.4,34228,34544.65,34398.5,0,0,2025-08-11,0,46088.9,30918.95
"Nifty Next 50",65571.95,66336.35,65378.6,66283.95,65514.7,0,0,2025-08-11,0,77918,56192.45
"Nifty Bank",54999.35,55582.15,54927.55,55510.75,55004.9,0,0,2025-08-11,0,57628.4,47702.9
"NIFTY MIDCAP 100",55981.3,56562.7,55792.85,56479,56002.2,0,0,2025-08-11,0,60925.95,46865.7
"Nifty 500",22447.55,22650.1,22406,22633.45,22443.15,0,0,2025-08-11,0,24573.4,19519.85
"Nifty 100",24944.75,25187.95,24916.6,25172.2,24934.05,0,0,2025-08-11,0,27335.65,22177.35
"Nifty Midcap 50",15775.1,15945.25,15717.05,15922.25,15785.6,0,0,2025-08-11,0,17066.75,13269.65
"Nifty Realty",875.25,892,871.5,890.4,874.15,0,0,2025-08-11,0,1140.4,765.8
"Nifty Infra",8894.75,8983.2,8879.25,8977.3,8879.1,0,0,2025-08-11,0,9704.2,7589.95
"Nifty Energy",34426.2,34640.2,34329.85,34610.35,34391.95,0,0,2025-08-11,0,44721.1,29313.2
"Nifty FMCG",54855.3,55352.6,54630.9,55309.9,54900.95,0,0,2025-08-11,0,66438.7,50199.35
"Nifty MNC",28125.7,28311.6,27976.15,28288.2,28134.05,0,0,2025-08-11,0,32841.15,23981.05
"Nifty Pharma",21391.75,21783.6,21324.05,21604.65,21402.15,0,0,2025-08-11,0,23907.9,19121.1
"Nifty PSE",9546.4,9594.35,9513.1,9574.6,9529.4,0,0,2025-08-11,0,11564.9,7956.45
"Nifty PSU Bank",6893.5,7042.9,6893.5,7032.7,6881.25,0,0,2025-08-11,0,7304.8,5530.35
"Nifty Serv Sector",32024.2,32309.35,31993.45,32289.1,32033.2,0,0,2025-08-11,0,33916.45,29070.85
"India VIX",12.0325,12.73,12.0325,12.2175,12.0325,0,0,2025-08-11,0,23.1875,9.47
"Nifty Auto",23526.6,23792.75,23440.2,23723.75,23474.65,0,0,2025-08-11,0,27696.1,19316.65
"Nifty Metal",9153.35,9227.2,9134.45,9194.8,9147.1,0,0,2025-08-11,0,10322.05,7690.2
"Nifty Media",1636.6,1645.9,1625.9,1637.7,1635.1,0,0,2025-08-11,0,2182.35,1344.4
"NIFTY SMLCAP 100",17424.15,17517.75,17331.55,17491.7,17428.2,0,0,2025-08-11,0,19716.2,14084.3
"Nifty 200",13559.1,13691.75,13540.95,13682.25,13555.15,0,0,2025-08-11,0,14833.75,11941.45
"Nifty Div Opps 50",5809.8,5850.3,5804.75,5846.7,5806.85,0,0,2025-08-11,0,7012.65,5288.6
"Nifty Commodities",8654.25,8721.2,8639.85,8713.5,8638.9,0,0,2025-08-11,0,9896.35,7502.95
"Nifty Consumption",11646.65,11766.4,11619.7,11756.65,11647.1,0,0,2025-08-11,0,13057.6,10090.65
"Nifty Fin Service",26165.55,26426.4,26138,26405.8,26167.35,0,0,2025-08-11,0,27369.8,22320.85
"Nifty50 Div Point",175.2,175.2,175.2,175.2,174.84,0,0,2025-08-11,0,0,0
"Nifty100 Liq 15",6786.15,6861.85,6773.45,6854.3,6772.25,0,0,2025-08-11,0,7223.7,5985.3
"Nifty CPSE",6314.95,6348.1,6297.65,6333.75,6317.2,0,0,2025-08-11,0,7477.4,5284.25
"Nifty GrowSect 15",11144.8,11278.3,11104.2,11250.3,11148.7,0,0,2025-08-11,0,13065.05,9722.65
"Nifty50 PR 2x Lev",13089.1,13335.4,13065.15,13318.5,13086.25,0,0,2025-08-11,0,16297.55,10678.25
"Nifty50 PR 1x Inv",210.55,210.75,208.55,208.7,210.5,0,0,2025-08-11,0,232.4,188.15
"Nifty50 TR 2x Lev",19471.5,19837.85,19435.85,19812.75,19466.65,0,0,2025-08-11,0,23715.35,15663.75
"Nifty50 TR 1x Inv",172.8,172.95,171.15,171.25,172.75,0,0,2025-08-11,0,192.05,156.1
"Nifty50 Value 20",12304.55,12404.6,12296.9,12389.15,12307.45,0,0,2025-08-11,0,14731.65,11375.5
"Nifty Mid Liq 15",14660.8,14844.05,14615.65,14820,14644.7,0,0,2025-08-11,0,15919.5,11541.7
"Nifty Pvt Bank",26568.9,26885.4,26513.3,26779,26564.7,0,0,2025-08-11,0,28577.65,23508.05
"NIFTY100 Qualty30",5430.35,5468.25,5408.1,5462,5431.05,0,0,2025-08-11,0,0,0
"Nifty GS 8 13Yr",2932.61,2932.98,2923.64,2927.23,2932.08,0,0,2025-08-11,0,0,0
"Nifty GS 10Yr",2599.62,2599.62,2591.91,2594.61,2599.17,0,0,2025-08-11,0,0,0
"Nifty GS 10Yr Cln",909.6,909.6,906.86,907.82,909.6,0,0,2025-08-11,0,0,0
"Nifty GS 4 8Yr",3175.83,3175.83,3169.59,3169.59,3175.25,0,0,2025-08-11,0,0,0
"Nifty GS 11 15Yr",3211.57,3211.57,3201.12,3201.12,3210.96,0,0,2025-08-11,0,0,0
"Nifty GS 15YrPlus",3469.69,3469.69,3445.88,3451.41,3469.01,0,0,2025-08-11,0,0,0
"Nifty GS Compsite",3018.98,3019.22,3007.86,3010.68,3018.43,0,0,2025-08-11,0,0,0
"NIFTY HEALTHCARE",14134.05,14394.95,14096.85,14301.2,14135.55,0,0,2025-08-11,0,15108.8,6482.8
"NIFTY CONSR DURBL",37244.05,37367.25,36686.95,37277.5,37549.6,0,0,2025-08-11,0,44426.55,14089.55
"NIFTY OIL AND GAS",11023.3,11073.4,10929.8,11059.95,10989.15,0,0,2025-08-11,0,13607.2,4632.7
"NIFTY500 MULTICAP",15632.8,15764.45,15591.05,15750.5,15632.45,0,0,2025-08-11,0,17112.15,5531.55
"NIFTY LARGEMID250",15760.75,15900.95,15727.05,15886.85,15760.3,0,0,2025-08-11,0,17095.2,5635.2
"NIFTY MID SELECT",12493.5,12631.3,12452.5,12610.5,12506.3,0,0,2025-08-11,0,13537.8,5520.25
"NIFTY TOTAL MKT",12635.15,12745.75,12608.75,12736.3,12632.35,0,0,2025-08-11,0,13842.6,6252.1
"NIFTY MICROCAP250",23093.3,23154.5,22899.15,23119.05,23072.85,0,0,2025-08-11,0,26476.9,5802.95
"NIFTY IND DIGITAL",8635.8,8760.05,8609.35,8749.55,8641.35,0,0,2025-08-11,0,10152.15,4755.25
"Nifty Tata 25 Cap",14471.85,14637.35,14431.55,14613.8,14486.15,0,0,2025-08-11,0,18764.95,9887.45
"Nifty MidSml Hlth",43559,44018.75,43354.5,43979.3,43592.4,0,0,2025-08-11,0,46103.35,20019.15
"Nifty Multi Mfg",14649.95,14781.05,14596.35,14755.3,14659.65,0,0,2025-08-11,0,16253.65,8394.35
"Nifty Multi Infra",13661.1,13787.15,13638.5,13775.55,13640.45,0,0,2025-08-11,0,15154.1,8010.1
"BHARATBOND-APR30",1540.9,1540.9,1539.68,1539.68,1540.6,0,0,2025-08-11,0,0,0
"BHARATBOND-APR31",1406.11,1406.11,1404.18,1404.18,1405.85,0,0,2025-08-11,0,0,0
"BHARATBOND-APR32",1281.7,1281.7,1281.69,1281.69,1281.46,0,0,2025-08-11,0,0,0
"BHARATBOND-APR33",1245.13,1245.13,1245.12,1245.12,1244.89,0,0,2025-08-11,0,0,0
"Nifty Ind Defence",7606.9,7842.65,7584.75,7700.75,7607.9,0,0,2025-08-11,0,9195.15,3374.95
"Nifty Ind Tourism",8923.3,9037.55,8914.55,9021.4,8939.2,0,0,2025-08-11,0,9497.2,6058.05
"Nifty Capital Mkt",4327.1,4352.75,4301.15,4343.65,4318.5,0,0,2025-08-11,0,4768,2009.6
"Nifty500Momentm50",50555.55,51154.4,50432.85,51080.75,50603.1,0,0,2025-08-11,0,0,0
"NiftyMS400 MQ 100",47251.35,47590.55,47040.3,47499.8,47270,0,0,2025-08-11,0,0,0
"NiftySml250MQ 100",44213.75,44459.9,43893.75,44389.5,44249.05,0,0,2025-08-11,0,0,0
"Nifty Top 10 EW",9289.6,9375.55,9272.8,9359.15,9286.65,0,0,2025-08-11,0,0,0
"Nifty AQL 30",21661.4,21809.55,21564.95,21780.85,21662.05,0,0,2025-08-11,0,0,0
"Nifty AQLV 30",20012.9,20148,19931.45,20114.05,20014.55,0,0,2025-08-11,0,0,0
"Nifty EV",2855.6,2871.45,2839.1,2868.6,2853.1,0,0,2025-08-11,0,0,0
"Nifty HighBeta 50",3536.55,3570.75,3523.4,3566.75,3533.85,0,0,2025-08-11,0,0,0
"Nifty New Consump",11408.75,11541.25,11375.6,11532.3,11420.25,0,0,2025-08-11,0,0,0
"Nifty Corp MAATR",35141,35616.9,35062.5,35543.6,35087.35,0,0,2025-08-11,0,0,0
"Nifty Low Vol 50",24300.95,24487.6,24193.8,24464.35,24298.4,0,0,2025-08-11,0,0,0
"Nifty Mobility",20611.65,20845.75,20557.75,20822.15,20582.7,0,0,2025-08-11,0,0,0
"Nifty Qlty LV 30",16640.3,16748.9,16554.55,16722.75,16645.75,0,0,2025-08-11,0,0,0
"Nifty Sml250 Q50",26460.3,26611.15,26317.65,26570.5,26469.75,0,0,2025-08-11,0,0,0
"Nifty Top 15 EW",9968.5,10054.25,9959.8,10047.85,9964.7,0,0,2025-08-11,0,0,0
"Nifty100 Alpha 30",17817.15,18020.05,17785.7,18000.2,17815.6,0,0,2025-08-11,0,0,0
"Nifty100 Enh ESG",4830.8,4880,4822.35,4876.45,4829.65,0,0,2025-08-11,0,0,0
"Nifty200 Value 30",12688.05,12793.45,12660.15,12780.25,12652.1,0,0,2025-08-11,0,0,0
"Nifty500 EW",13829.9,13924.95,13765.35,13909,13829.8,0,0,2025-08-11,0,0,0
"Nifty Multi MQ 50",40105.35,40395.6,39959.95,40304.8,40116.75,0,0,2025-08-11,0,0,0
"Nifty500 Value 50",13698.5,13802.65,13672.55,13788.05,13663.65,0,0,2025-08-11,0,0,0
"Nifty Top 20 EW",8853.15,8941,8839.6,8931.95,8849.85,0,0,2025-08-11,0,0,0
"Nifty CoreHousing",15767.45,15956.65,15754.55,15930.55,15794.85,0,0,2025-08-11,0,17961.7,13680.9
"Nifty FinSerExBnk",28898.15,29230.05,28816,29175.85,28868.75,0,0,2025-08-11,0,31050.5,21702.4
"Nifty Housing",11247.05,11375.25,11243.15,11369.75,11253.6,0,0,2025-08-11,0,12386.3,9839.7
"Nifty IPO",2046.4,2062,2034.85,2059.85,2044.9,0,0,2025-08-11,0,2387.55,1617.15
"Nifty MS Fin Serv",17755,17968.1,17702.05,17931.3,17735.95,0,0,2025-08-11,0,19281.05,12407.95
"Nifty MS Ind Cons",19060.15,19265.55,19010.95,19250.7,19121.7,0,0,2025-08-11,0,21008.1,14493.4
"Nifty MS IT Telcm",9217.75,9268.4,9145.4,9249.2,9215.4,0,0,2025-08-11,0,11723.2,7836
"Nifty NonCyc Cons",15906.75,16091.2,15876.75,16075.85,15938.4,0,0,2025-08-11,0,18289.65,13081.55
"Nifty Rural",14668.4,14796.35,14660.2,14784.8,14660.8,0,0,2025-08-11,0,16370.1,12304.35
"Nifty Shariah 25",7988,8074.7,7959.4,8058.6,7994.2,0,0,2025-08-11,0,9449.55,7121.55
"Nifty Trans Logis",23130.45,23425,23071.55,23388.1,23106,0,0,2025-08-11,0,26170.5,16828.35
"Nifty50 Shariah",4505.65,4555.7,4498.15,4548.95,4508.8,0,0,2025-08-11,0,5677.9,4235.9
"Nifty500 LMS Eql",17236.1,17373.95,17180.05,17356.65,17238.05,0,0,2025-08-11,0,18838.1,14014.4
"Nifty500 Shariah",6859.85,6914.75,6834.25,6906.85,6865.95,0,0,2025-08-11,0,8238.85,6004.55
"Nifty500 Qlty50",18657.65,18767,18556.7,18739.6,18678.9,0,0,2025-08-11,0,0,0
"Nifty500 LowVol50",21027.05,21161.55,20932.9,21136.35,21014.65,0,0,2025-08-11,0,0,0
"Nifty500 MQVLv50",29874.45,30045.05,29708.4,30015.45,29868.85,0,0,2025-08-11,0,0,0
"Nifty 50",24563.35,24702.6,24465.65,24487.4,24585.05,2678525303,791085577371.19,2025-08-12,29755013,26277.35,21743.65
"NIFTY50 EQL Wgt",30893.55,31061.15,30843.75,30863.1,30906.85,0,0,2025-08-12,0,0,0
"NIFTY100 EQL Wgt",32094.75,32243,32025.65,32046.05,32084.45,0,0,2025-08-12,0,0,0
"NIFTY100 LowVol30",19819,19918,19758.2,19774.15,19808.4,0,0,2025-08-12,0,0,0
"NIFTY Alpha 50",50023.05,50075.65,49700.85,49756.75,49891.35,0,0,2025-08-12,0,0,0
"NIFTY MIDCAP 150",21013.85,21052.6,20917.9,20935.2,20983.8,0,0,2025-08-12,0,22515.4,17269.5
"NIFTY SMLCAP 50",8474.5,8512.55,8431.85,8473.45,8457.4,0,0,2025-08-12,0,9505.5,6776.05
"NIFTY SMLCAP 250",16646,16685.75,16598.5,16621.2,16617,0,0,2025-08-12,0,18688.3,13314.7
"NIFTY MIDSML 400",19447.85,19485.75,19371.4,19390.5,19417.9,0,0,2025-08-12,0,21177.6,15832.85
"NIFTY200 QUALTY30",20150.9,20260.25,20073.3,20091.95,20126.45,0,0,2025-08-12,0,0,0
"Nifty FinSrv25 50",28335.05,28393.25,28083.8,28106.2,28361.6,0,0,2025-08-12,0,0,0
"NIFTY AlphaLowVol",26032.15,26090.5,25914.95,25934,26030.95,0,0,2025-08-12,0,0,0
"Nifty200Momentm30",29977.9,30020.5,29756.85,29783.6,29975.5,0,0,2025-08-12,0,0,0
"Nifty100ESGSecLdr",4109.65,4133.45,4094.3,4098.2,4113.25,0,0,2025-08-12,0,0,0
"NIFTY100 ESG",4840.45,4865.3,4823.35,4827.6,4841.05,0,0,2025-08-12,0,0,0
"NIFTY M150 QLTY50",23806.95,23849.7,23648.8,23681.35,23785.1,0,0,2025-08-12,0,0,0
"NIFTY INDIA MFG",14039.6,14108.1,14025.6,14049,14043.5,0,0,2025-08-12,0,0,0
"Nifty200 Alpha 30",24583.25,24597,24402.95,24425.6,24563.15,0,0,2025-08-12,0,0,0
"NiftyM150Momntm50",60482.7,60540.15,59995.7,60061.05,60333.95,0,0,2025-08-12,0,0,0
"Nifty IT",34589.85,35072.5,34561.3,34674.3,34544.65,0,0,2025-08-12,0,46088.9,30918.95
"Nifty Next 50",66332.75,66602.25,66185.25,66223.9,66283.95,0,0,2025-08-12,0,77918,56192.45
"Nifty Bank",55441.1,55566.7,55001.5,55043.7,55510.75,0,0,2025-08-12,0,57628.4,47702.9
"NIFTY MIDCAP 100",56542.85,56675.25,56286.3,56324.85,56479,0,0,2025-08-12,0,60925.95,46865.7
"Nifty 500",22633.65,22730.25,22554.3,22568.6,22633.45,0,0,2025-08-12,0,24573.4,19519.85
"Nifty 100",25156.95,25292.35,25064.75,25085.4,25172.2,0,0,2025-08-12,0,27335.65,22177.35
"Nifty Midcap 50",15933.85,15962.65,15844.15,15856.05,15922.25,0,0,2025-08-12,0,17066.75,13269.65
"Nifty Realty",891.4,891.5,880.8,883.9,890.4,0,0,2025-08-12,0,1140.4,765.8
"Nifty Infra",8977.35,9039.8,8964.7,8972.3,8977.3,0,0,2025-08-12,0,9704.2,7589.95
"Nifty Energy",34661.05,34881.6,34635.7,34741.45,34610.35,0,0,2025-08-12,0,44721.1,29313.2
"Nifty FMCG",55336.5,55596.65,54973.4,55034.45,55309.9,0,0,2025-08-12,0,66438.7,50199.35
"Nifty MNC",28341.15,28522.5,28224.85,28259.45,28288.2,0,0,2025-08-12,0,32841.15,23981.05
"Nifty Pharma",21604.65,21900,21554.7,21753.5,21604.65,0,0,2025-08-12,0,23907.9,19121.1
"Nifty PSE",9581.2,9625.25,9557.95,9581.4,9574.6,0,0,2025-08-12,0,11564.9,7956.45
"Nifty PSU Bank",7045.25,7064.5,7017.6,7026.9,7032.7,0,0,2025-08-12,0,7304.8,5530.35
"Nifty Serv Sector",32257.65,32399.15,32059.9,32089.45,32289.1,0,0,2025-08-12,0,33916.45,29070.85
"India VIX",12.2175,12.4225,11.595,12.2325,12.2175,0,0,2025-08-12,0,23.1875,9.47
"Nifty Auto",23741.1,24011.7,23732.45,23856.6,23723.75,0,0,2025-08-12,0,27696.1,19316.65
"Nifty Metal",9163.15,9280.7,9160.5,9229.7,9194.8,0,0,2025-08-12,0,10322.05,7690.2
"Nifty Media",1640.15,1662.4,1639.5,1647.55,1637.7,0,0,2025-08-12,0,2182.35,1344.4
"NIFTY SMLCAP 100",17534.6,17579.75,17462.15,17498.1,17491.7,0,0,2025-08-12,0,19716.2,14084.3
"Nifty 200",13677.95,13743.55,13626.05,13636.7,13682.25,0,0,2025-08-12,0,14833.75,11941.45
"Nifty Div Opps 50",5850.55,5894.1,5841.75,5847.65,5846.7,0,0,2025-08-12,0,7012.65,5288.6
"Nifty Commodities",8705.6,8761.95,8703,8726.1,8713.5,0,0,2025-08-12,0,9896.35,7502.95
"Nifty Consumption",11763.45,11831.9,11736.8,11747.15,11756.65,0,0,2025-08-12,0,13057.6,10090.65
"Nifty Fin Service",26367.5,26415.05,26112.7,26135.3,26405.8,0,0,2025-08-12,0,27369.8,22320.85
"Nifty50 Div Point",193.35,193.35,193.35,193.35,175.2,0,0,2025-08-12,0,0,0
"Nifty100 Liq 15",6849.65,6879.3,6817.85,6822.7,6854.3,0,0,2025-08-12,0,7223.7,5985.3
"Nifty CPSE",6333.1,6377.75,6325.75,6355.95,6333.75,0,0,2025-08-12,0,7477.4,5284.25
"Nifty GrowSect 15",11263.35,11347.95,11260,11277.8,11250.3,0,0,2025-08-12,0,13065.05,9722.65
"Nifty50 PR 2x Lev",13293,13443.75,13187.95,13210.75,13318.5,0,0,2025-08-12,0,16297.55,10678.25
"Nifty50 PR 1x Inv",208.9,209.75,207.75,209.55,208.7,0,0,2025-08-12,0,232.4,188.15
"Nifty50 TR 2x Lev",19804.1,20028.35,19647.75,19681.7,19812.75,0,0,2025-08-12,0,23715.35,15663.75
"Nifty50 TR 1x Inv",171.3,172,170.35,171.85,171.25,0,0,2025-08-12,0,192.05,156.1
"Nifty50 Value 20",12375.45,12458.4,12366.25,12381.75,12389.15,0,0,2025-08-12,0,14731.65,11375.5
"Nifty Mid Liq 15",14845.65,14869.7,14720.2,14736.4,14820,0,0,2025-08-12,0,15919.5,11541.7
"Nifty Pvt Bank",26741.4,26817.25,26540.3,26560.95,26779,0,0,2025-08-12,0,28577.65,23508.05
"NIFTY100 Qualty30",5467.2,5489.55,5448.7,5453.75,5462,0,0,2025-08-12,0,0,0
"Nifty GS 8 13Yr",2924.9,2925.94,2917.55,2919.06,2924.37,0,0,2025-08-12,0,0,0
"Nifty GS 10Yr",2593.19,2594.16,2586.33,2587.1,2592.74,0,0,2025-08-12,0,0,0
"Nifty GS 10Yr Cln",907.15,907.5,904.71,904.98,907.15,0,0,2025-08-12,0,0,0
"Nifty GS 4 8Yr",3168.01,3168.03,3160.29,3160.29,3167.43,0,0,2025-08-12,0,0,0
"Nifty GS 11 15Yr",3200.51,3206.21,3192.4,3193.36,3199.9,0,0,2025-08-12,0,0,0
"Nifty GS 15YrPlus",3445.74,3447.64,3430.21,3433.87,3445.07,0,0,2025-08-12,0,0,0
"Nifty GS Compsite",3008.32,3009.08,3000.57,3001.55,3007.76,0,0,2025-08-12,0,0,0
"NIFTY HEALTHCARE",14307.55,14486.05,14275.1,14385,14301.2,0,0,2025-08-12,0,15108.8,6482.8
"NIFTY CONSR DURBL",37276,37353.55,36980.2,37034.7,37277.5,0,0,2025-08-12,0,44426.55,14089.55
"NIFTY OIL AND GAS",11059.55,11158.35,11044.25,11103.85,11059.95,0,0,2025-08-12,0,13607.2,4632.7
"NIFTY500 MULTICAP",15758.1,15811.8,15704.15,15714.95,15750.5,0,0,2025-08-12,0,17112.15,5531.55
"NIFTY LARGEMID250",15893.35,15949.85,15831.15,15841,15886.85,0,0,2025-08-12,0,17095.2,5635.2
"NIFTY MID SELECT",12630,12663.5,12549.8,12561.6,12610.5,0,0,2025-08-12,0,13537.8,5520.25
"NIFTY TOTAL MKT",12738.35,12791.75,12693.8,12701.2,12736.3,0,0,2025-08-12,0,13842.6,6252.1
"NIFTY MICROCAP250",23212.25,23311,23101.6,23120,23119.05,0,0,2025-08-12,0,26476.9,5802.95
"NIFTY IND DIGITAL",8765.95,8816.05,8726.9,8736.7,8749.55,0,0,2025-08-12,0,10152.15,4755.25
"Nifty Tata 25 Cap",14603.2,14767.15,14581.75,14601.25,14613.8,0,0,2025-08-12,0,18764.95,9887.45
"Nifty MidSml Hlth",44045.4,44623.4,43899.85,44275.4,43979.3,0,0,2025-08-12,0,46103.35,20019.15
"Nifty Multi Mfg",14743.45,14823.35,14729.2,14749.9,14755.3,0,0,2025-08-12,0,16253.65,8394.35
"Nifty Multi Infra",13784.6,13853.95,13755.1,13765.95,13775.55,0,0,2025-08-12,0,15154.1,8010.1
"BHARATBOND-APR30",1538.55,1538.55,1538.08,1538.29,1538.25,0,0,2025-08-12,0,0,0
"BHARATBOND-APR31",1403.79,1403.79,1403.66,1403.66,1403.53,0,0,2025-08-12,0,0,0
"BHARATBOND-APR32",1281.93,1281.93,1281.59,1281.59,1281.69,0,0,2025-08-12,0,0,0
"BHARATBOND-APR33",1245.34,1245.34,1244.93,1244.93,1245.1,0,0,2025-08-12,0,0,0
"Nifty Ind Defence",7717.65,7725.15,7578.45,7626.25,7700.75,0,0,2025-08-12,0,9195.15,3374.95
"Nifty Ind Tourism",9015.7,9089.65,9011.4,9043.5,9021.4,0,0,2025-08-12,0,9497.2,6058.05
"Nifty Capital Mkt",4355.05,4366.65,4322.25,4325.9,4343.65,0,0,2025-08-12,0,4768,2009.6
"Nifty500Momentm50",51114.95,51199.85,50781.4,50837.2,51080.75,0,0,2025-08-12,0,0,0
"NiftyMS400 MQ 100",47600.35,47646.3,47196.25,47248.45,47499.8,0,0,2025-08-12,0,0,0
"NiftySml250MQ 100",44435.6,44576.8,44294.7,44353.7,44389.5,0,0,2025-08-12,0,0,0
"Nifty Top 10 EW",9351.9,9420.15,9307.3,9318,9359.15,0,0,2025-08-12,0,0,0
"Nifty AQL 30",21792.35,21858.6,21678.75,21695.3,21780.85,0,0,2025-08-12,0,0,0
"Nifty AQLV 30",20127.25,20250.65,20107.6,20138.9,20114.05,0,0,2025-08-12,0,0,0
"Nifty EV",2871.7,2891.45,2869.85,2872,2868.6,0,0,2025-08-12,0,0,0
"Nifty HighBeta 50",3570.75,3581.5,3553.45,3556.05,3566.75,0,0,2025-08-12,0,0,0
"Nifty New Consump",11541.3,11581.45,11499,11508.5,11532.3,0,0,2025-08-12,0,0,0
"Nifty Corp MAATR",35505.5,35831.25,35501.6,35582.7,35543.6,0,0,2025-08-12,0,0,0
"Nifty Low Vol 50",24466.15,24572.4,24386.75,24402.9,24464.35,0,0,2025-08-12,0,0,0
"Nifty Mobility",20821.8,20977.8,20810.25,20836.95,20822.15,0,0,2025-08-12,0,0,0
"Nifty Qlty LV 30",16730.5,16798.2,16665.25,16679.7,16722.75,0,0,2025-08-12,0,0,0
"Nifty Sml250 Q50",26563.9,26686.65,26498.45,26544.9,26570.5,0,0,2025-08-12,0,0,0
"Nifty Top 15 EW",10044.75,10113.85,10002.8,10011.65,10047.85,0,0,2025-08-12,0,0,0
"Nifty100 Alpha 30",17996.55,18050.25,17915.7,17928.7,18000.2,0,0,2025-08-12,0,0,0
"Nifty100 Enh ESG",4876.15,4900.85,4858.1,4862.45,4876.45,0,0,2025-08-12,0,0,0
"Nifty200 Value 30",12773.55,12858,12770.65,12799.2,12780.25,0,0,2025-08-12,0,0,0
"Nifty500 EW",13925.45,13966.25,13885.75,13900.6,13909,0,0,2025-08-12,0,0,0
"Nifty Multi MQ 50",40389.7,40420.8,39980.05,40004.3,40304.8,0,0,2025-08-12,0,0,0
"Nifty500 Value 50",13779.95,13884.65,13778.65,13819.95,13788.05,0,0,2025-08-12,0,0,0
"Nifty Top 20 EW",8929.5,8996.35,8905.7,8915,8931.95,0,0,2025-08-12,0,0,0
"Nifty CoreHousing",15947.05,15955.95,15819,15857.25,15930.55,0,0,2025-08-12,0,17961.7,13680.9
"Nifty FinSerExBnk",29192.5,29248.9,28888.45,28914.85,29175.85,0,0,2025-08-12,0,31050.5,21702.4
"Nifty Housing",11372.1,11408.65,11339.15,11350.85,11369.75,0,0,2025-08-12,0,12386.3,9839.7
"Nifty IPO",2069.5,2081,2064.4,2067.4,2059.85,0,0,2025-08-12,0,2387.55,1617.15
"Nifty MS Fin Serv",17965.45,17985.7,17824.9,17841.75,17931.3,0,0,2025-08-12,0,19281.05,12407.95
"Nifty MS Ind Cons",19260.45,19331.9,19177.6,19207.85,19250.7,0,0,2025-08-12,0,21008.1,14493.4
"Nifty MS IT Telcm",9267.3,9387.55,9263.05,9304.85,9249.2,0,0,2025-08-12,0,11723.2,7836
"Nifty NonCyc Cons",16076.2,16141.2,15983.85,15997.85,16075.85,0,0,2025-08-12,0,18289.65,13081.55
"Nifty Rural",14788.4,14839.85,14731.95,14741.8,14784.8,0,0,2025-08-12,0,16370.1,12304.35
"Nifty Shariah 25",8061.85,8118.2,8054.6,8063.75,8058.6,0,0,2025-08-12,0,9449.55,7121.55
"Nifty Trans Logis",23399.15,23577.45,23386.7,23438.2,23388.1,0,0,2025-08-12,0,26170.5,16828.35
"Nifty50 Shariah",4549.1,4582.55,4540.75,4547.35,4548.95,0,0,2025-08-12,0,5677.9,4235.9
"Nifty500 LMS Eql",17371.35,17419.15,17310.65,17324.45,17356.65,0,0,2025-08-12,0,18838.1,14014.4
"Nifty500 Shariah",6911.95,6948.55,6903.5,6908.9,6906.85,0,0,2025-08-12,0,8238.85,6004.55
"Nifty500 Qlty50",18746.2,18807.9,18658,18667.55,18739.6,0,0,2025-08-12,0,0,0
"Nifty500 LowVol50",21138.3,21204.85,21077.05,21088.2,21136.35,0,0,2025-08-12,0,0,0
"Nifty500 MQVLv50",30032.2,30077.6,29892.6,29924.8,30015.45,0,0,2025-08-12,0,0,0
