Date,Open,High,Low,Close,Volume
2021-08-26,72.5546,72.5546,72.5546,72.5546,0
2021-08-27,72.5546,72.5546,72.5546,72.5546,0
2021-08-30,75.447,75.496,72.8488,72.8488,13200
2021-08-31,72.8488,72.8488,72.8488,72.8488,0
2021-09-01,69.9073,69.9073,69.8583,69.8583,2400
2021-09-02,69.8583,69.8583,69.8583,69.8583,0
2021-09-03,69.8583,73.1429,69.8583,70.5937,4800
2021-09-06,70.5937,75.2019,70.5937,74.6626,7200
2021-09-07,74.4665,74.4665,74.4665,74.4665,1200
2021-09-08,71.7212,71.7212,71.7212,71.7212,1200
2021-09-09,77.9472,77.9472,77.9472,77.9472,1200
2021-09-13,77.9472,77.9472,77.9472,77.9472,0
2021-09-14,79.4179,79.4179,77.8982,77.8982,3600
2021-09-15,73.5841,77.1138,72.5546,77.1138,15600
2021-09-16,77.1138,77.1138,77.1138,77.1138,0
2021-09-17,73.0939,73.0939,69.6132,70.6427,30000
2021-09-20,70.5937,70.5937,68.6327,70.5447,4800
2021-09-21,70.5447,70.5447,70.5447,70.5447,0
2021-09-22,70.5937,71.6232,67.6523,67.6523,8400
2021-09-23,67.9972,68.0957,67.9972,68.0957,3600
2021-09-24,68.4899,72.9245,68.4899,72.9245,4800
2021-09-27,68.9827,72.7767,67.1103,72.7767,4800
2021-09-28,72.7274,72.7767,69.1305,72.7767,12000
2021-09-29,75.8809,80.0199,75.8809,80.0199,43200
2021-09-30,87.7065,88.0022,82.8777,83.8632,97200
2021-10-01,87.608,87.608,77.6055,83.8632,38419
2021-10-04,79.8721,86.721,78.8866,83.5676,16413
2021-10-05,85.7356,85.7356,77.4577,81.4981,13186
2021-10-06,81.7937,83.2719,77.5562,79.675,12837
2021-10-07,79.8228,80.7097,73.5158,74.6984,26687
2021-10-08,80.6112,80.6112,73.7129,76.9157,24130
2021-10-11,77.1128,77.8519,74.0085,74.6984,15145
2021-10-12,76.3737,77.7533,73.91,76.3244,9263
2021-10-13,77.8519,77.8519,74.2549,76.7678,8509
2021-10-14,79.133,79.133,74.1564,75.0925,7358
2021-10-18,75.0925,77.3591,73.4665,76.078,6216
2021-10-19,76.7186,76.7186,71.1507,73.2202,7122
2021-10-20,75.7824,75.7824,69.1305,70.313,5927
2021-10-21,71.0029,71.8405,68.9826,69.9188,5216
2021-10-22,73.91,73.91,67.8986,69.229,14648
2021-10-25,68.7856,68.9334,65.1393,67.2088,4039
2021-10-26,66.2726,71.3478,66.2234,70.5594,5386
2021-10-27,63.7597,71.742,63.7597,68.9827,4550
2021-10-28,68.9334,70.9043,67.5537,69.0812,753
2021-10-29,73.8607,73.8607,57.1571,62.3308,23444
2021-11-01,68.9827,68.9827,60.8033,63.9075,10234
2021-11-02,61.3946,67.9972,61.3946,65.6321,3146
2021-11-03,70.9536,71.0521,62.2322,66.9132,2598
2021-11-04,68.8841,68.8841,67.7508,68.145,2038
2021-11-08,70.8058,70.8058,65.3364,68.4899,5405
2021-11-09,69.9188,71.9391,68.4899,69.9681,6476
2021-11-10,71.2,71.8405,67.5045,70.3623,13355
2021-11-11,70.313,72.826,69.9681,72.5796,4936
2021-11-12,72.9245,72.9245,70.0667,72.3825,3121
2021-11-15,72.9245,86.6225,72.9245,83.0256,78529
2021-11-16,88.4949,88.4949,81.3995,83.5183,19486
2021-11-17,86.0312,86.0312,79.8228,84.3067,22774
2021-11-18,85.0458,85.0458,78.8866,79.8721,17725
2021-11-22,78.246,81.2517,73.91,76.2751,6883
2021-11-23,78.1475,78.8373,75.2897,77.162,4191
2021-11-24,76.7186,81.4981,75.9302,78.4924,4987
2021-11-25,76.1273,81.301,75.9795,77.5069,2968
2021-11-26,78.6402,81.2517,73.9593,79.5271,13364
2021-11-29,74.8462,78.7388,74.7476,76.7678,6669
2021-11-30,80.1184,81.2517,75.9795,77.0142,2159
2021-12-01,78.9851,82.2372,73.9593,79.4779,7831
2021-12-02,74.1564,79.9706,70.9536,78.0982,2832
2021-12-03,81.7937,81.7937,75.9795,77.162,2424
2021-12-06,73.9593,78.6895,73.91,76.2751,2020
2021-12-07,78.3939,78.788,75.8809,77.8026,5460
2021-12-08,77.8519,79.6257,76.8664,77.1128,14024
2021-12-09,83.3705,83.3705,72.5303,76.3736,2001
2021-12-10,82.2865,82.2865,72.5303,74.452,8866
2021-12-13,77.9011,78.246,74.5998,76.8664,2731
2021-12-14,74.0085,76.5707,72.7767,73.91,25631
2021-12-15,75.8809,78.8373,72.4318,77.2113,79683
2021-12-16,75.1418,80.1184,73.91,75.0433,6749
2021-12-17,80.0692,81.5966,72.9245,73.8607,30889
2021-12-20,76.7678,76.7678,70.9536,72.5303,2347
2021-12-21,74.9447,74.9447,71.742,72.826,3533
2021-12-22,74.5998,74.5998,71.4463,72.7274,1774
2021-12-23,71.7912,74.3042,71.742,72.1854,3978
2021-12-24,74.6491,74.6491,72.2347,72.8753,2912
2021-12-27,70.5101,73.7622,70.4609,72.5303,1553
2021-12-28,71.1014,73.91,71.1014,71.9883,3133
2021-12-29,69.9681,74.2549,69.9681,71.6434,5311
2021-12-30,74.452,74.5013,70.9536,72.0376,7081
2021-12-31,72.3825,73.4172,70.5594,71.397,5108
2022-01-03,72.9738,74.5013,72.4811,73.8114,11210
2022-01-04,74.8955,77.7533,72.9738,76.62,120822
2022-01-05,76.7186,83.3212,76.6693,81.3995,225084
2022-01-06,79.8228,93.6193,77.9997,91.0078,167369
2022-01-07,96.3786,101.1581,90.2195,92.8309,146365
2022-01-10,90.8107,98.5467,89.2833,93.6193,131944
2022-01-11,91.7469,109.3868,91.7469,102.4392,280168
2022-01-12,109.5346,113.3286,103.474,105.8884,138585
2022-01-13,106.4304,108.4013,102.5378,103.8682,88567
2022-01-14,97.2163,103.5233,88.692,101.306,54109
2022-01-17,105.9869,106.2333,99.5321,102.8334,23177
2022-01-18,107.9086,108.1057,97.4134,99.9263,24551
2022-01-19,98.5959,100.5176,90.6629,97.7583,18043
2022-01-20,98.3988,101.5031,96.625,99.335,12738
2022-01-21,100.0248,113.2301,95.5903,110.6186,396568
2022-01-24,110.1752,112.0475,100.0249,102.6856,45258
2022-01-25,100.6161,107.4158,98.5466,104.0653,40488
2022-01-27,108.2042,108.4013,102.4885,105.2478,68827
2022-01-28,112.3432,112.3432,100.9118,102.7349,32421
2022-01-31,103.474,106.4304,95.1961,98.7437,30613
2022-02-01,98.4481,101.5031,94.1121,95.8859,89588
2022-02-02,94.6048,100.5176,94.6048,99.4828,15117
2022-02-03,100.5176,103.4247,98.5466,101.7001,13987
2022-02-04,104.7551,112.3432,99.7292,109.2882,121695
2022-02-07,109.3868,123.0848,109.3375,122.5427,232323
2022-02-08,122.6906,131.067,114.5605,122.4935,130709
2022-02-09,128.1107,128.1107,114.8069,117.0242,60333
2022-02-10,122.0008,122.0008,113.3286,114.8068,36215
2022-02-11,114.7576,123.1833,108.4013,117.0734,88609
2022-02-14,110.6186,121.1631,107.5637,109.2882,32112
2022-02-15,103.8189,107.2188,90.7122,103.4247,124045
2022-02-16,106.4304,107.1202,99.6799,101.1089,21171
2022-02-17,104.8044,106.8246,102.4885,104.0653,15445
2022-02-18,107.2188,107.2188,100.5669,101.8972,13010
2022-02-21,103.3262,103.3262,97.8075,98.5466,10612
2022-02-22,94.6048,98.5466,93.1266,96.1815,19019
2022-02-23,95.6395,100.4683,95.6395,98.793,8154
2022-02-24,103.474,103.474,83.7646,85.3414,49239
2022-02-25,95.274,96.8059,89.9865,93.0997,12733
2022-02-28,92.4573,100.8086,89.097,95.8176,25238
2022-03-02,98.7331,109.6541,93.0009,101.0557,50968
2022-03-03,106.1949,106.1949,101.5498,104.0206,20065
2022-03-04,103.5759,103.6747,97.9919,99.2767,44983
2022-03-07,79.6091,97.4977,79.6091,92.2102,91179
2022-03-08,90.9254,98.4861,90.9254,95.0763,8003
2022-03-09,99.8203,100.7592,93.9398,96.5588,5650
2022-03-10,98.832,102.7852,95.867,96.5094,70778
2022-03-11,94.1374,98.0907,93.1491,95.9164,8264
2022-03-14,100.265,100.265,94.9281,96.0647,3183
2022-03-15,99.3261,99.3261,92.9515,95.6693,39571
2022-03-16,101.5993,101.7969,95.274,96.4106,14157
2022-03-17,99.3261,99.3261,93.5939,95.8176,62098
2022-03-21,95.5211,97.1024,94.0386,96.2129,9824
2022-03-22,94.9281,96.2623,92.902,93.495,19035
2022-03-23,94.8293,108.7152,94.3845,105.849,134633
2022-03-24,105.849,110.0,99.5238,100.3639,72645
2022-03-25,101.451,104.2677,97.8436,98.9802,15626
2022-03-28,102.7358,103.7736,96.3612,98.7331,10571
2022-03-29,96.46,99.8203,93.3962,94.0386,31901
2022-03-30,96.7071,96.7071,94.1869,95.1258,7811
2022-03-31,96.0647,100.3144,91.9137,98.4366,22392
2022-04-01,100.4133,100.4133,96.8553,97.8931,6377
2022-04-04,94.8787,100.3144,94.8787,95.8176,15054
2022-04-05,96.2623,98.7331,94.681,95.2246,25436
2022-04-06,95.4717,96.8553,94.9775,95.5705,14172
2022-04-07,95.5705,96.9047,93.8904,96.0153,18398
2022-04-08,97.9425,97.9425,95.4223,96.6577,9632
2022-04-11,97.8436,97.8436,93.8904,95.3234,14964
2022-04-12,94.3845,97.1024,93.8904,94.9281,8099
2022-04-13,95.1258,103.2794,95.0763,100.7592,108714
2022-04-18,103.1806,103.1806,94.9775,99.2767,41110
2022-04-19,97.3989,101.7969,95.9658,97.5471,22119
2022-04-20,95.9164,99.4744,95.9164,98.6343,8902
2022-04-21,95.5211,102.7852,95.5211,101.6487,39117
2022-04-22,99.3261,101.451,97.3495,97.8931,6250
2022-04-25,95.4223,98.6837,95.3728,96.0153,8407
2022-04-26,101.2533,101.3028,96.5094,97.7448,7411
2022-04-27,95.7188,98.832,95.7188,96.8059,13720
2022-04-28,96.2623,98.5355,96.1141,96.4106,8237
2022-04-29,98.7331,98.7331,95.867,96.6082,6134
2022-05-02,96.0153,98.832,93.7915,95.7682,20321
2022-05-04,101.8463,101.8463,92.902,94.7799,7590
2022-05-05,93.9398,98.832,93.9398,98.832,81872
2022-05-06,95.867,98.832,92.1114,96.9047,34798
2022-05-09,101.6981,101.6981,94.088,94.9281,8624
2022-05-10,97.4483,97.8436,92.0125,94.2363,5033
2022-05-11,95.3728,95.3728,83.9083,87.911,29652
2022-05-12,86.5274,88.4546,83.3153,85.0449,7859
2022-05-13,88.504,90.7772,85.1931,89.5418,6990
2022-05-16,96.8553,98.7331,86.9721,96.3117,22034
2022-05-17,96.3118,98.7331,91.9137,93.9398,41630
2022-05-18,96.8553,97.8436,94.088,94.3351,4447
2022-05-19,92.5561,93.8904,92.5067,93.1985,4477
2022-05-20,93.9892,96.1635,92.902,93.5444,2775
2022-05-23,97.646,97.646,93.6433,93.6433,2452
2022-05-24,93.9398,95.6199,92.3585,93.1491,10527
2022-05-25,93.9398,93.9398,90.4312,90.7772,5214
2022-05-26,89.8382,93.8904,85.292,92.902,36463
2022-05-27,96.46,96.46,89.1464,92.4573,1789
2022-05-30,93.3468,94.3845,87.5157,88.4546,30102
2022-05-31,84.0566,88.9488,83.0189,88.8499,39677
2022-06-01,89.7394,93.8409,88.1581,91.3701,206381
2022-06-02,91.3701,92.655,88.6029,89.9371,20868
2022-06-03,89.3935,92.0125,88.0099,88.8005,26930
2022-06-06,87.1698,90.4807,85.1437,85.9838,9245
2022-06-07,87.2686,88.8005,85.2426,87.0216,8294
2022-06-08,84.7978,89.1958,84.7978,85.9344,14434
2022-06-09,85.9344,87.911,85.9344,86.1815,1587
2022-06-10,86.2803,87.318,82.1294,83.7601,6218
2022-06-13,83.9083,84.5507,78.2749,79.7574,9364
2022-06-14,82.6729,83.0188,79.708,81.4375,2770
2022-06-15,81.8823,83.9083,81.734,83.0188,14854
2022-06-16,84.7978,84.9955,81.0422,81.8823,5873
2022-06-17,84.2542,84.7978,79.115,80.301,5477
2022-06-20,80.0045,81.2399,75.6065,77.8302,6856
2022-06-21,79.0656,82.0305,77.0889,79.0162,3136
2022-06-22,76.2983,80.0539,76.2983,77.8302,2070
2022-06-23,78.8185,80.0045,77.0889,77.7807,1793
2022-06-24,78.5714,80.0539,77.1878,78.6702,23354
2022-06-27,83.5624,83.6118,77.929,78.2255,8564
2022-06-28,84.6002,84.6002,76.1994,79.2138,7055
2022-06-29,80.1527,80.1527,78.6702,78.7691,3008
2022-06-30,79.0656,80.2021,77.6325,79.0162,4627
2022-07-01,78.522,78.9173,77.0889,78.6702,1922
2022-07-04,80.4986,80.4986,77.2866,79.708,8946
2022-07-05,79.8562,80.9928,77.0889,78.3737,950
2022-07-06,79.0656,79.5597,77.0889,77.4843,3886
2022-07-07,79.3621,79.3621,77.929,78.6208,452
2022-07-08,80.6963,80.6963,72.1968,77.7313,8891
2022-07-11,78.9173,80.5481,77.2866,77.8796,2725
2022-07-12,80.0539,80.0539,77.7808,78.1267,585
2022-07-13,82.5247,82.5247,77.4348,79.0162,2769
2022-07-14,77.7808,79.7574,76.0512,77.3854,4275
2022-07-15,76.4959,78.0772,75.9524,77.5337,2330
2022-07-18,79.5103,79.5103,75.1617,76.5948,3949
2022-07-19,77.8302,78.1267,77.7808,78.0773,4318
2022-07-20,78.0773,79.3621,77.1878,78.1267,11895
2022-07-21,78.9173,79.0161,75.1617,75.9524,4694
2022-07-22,74.5193,77.5831,74.4699,75.2111,6863
2022-07-25,74.2228,81.4375,74.2228,77.0889,9655
2022-07-26,79.3621,80.0045,76.1006,76.15,6109
2022-07-27,77.0889,78.4232,76.1006,77.1384,467
2022-07-28,78.4726,78.4726,76.1994,76.2983,423
2022-07-29,78.0772,78.0772,76.1006,76.3477,1041
2022-08-01,78.2255,79.0161,75.557,76.6936,1622
2022-08-02,77.6819,77.6819,75.6559,75.8041,2072
2022-08-03,74.6676,77.929,74.6676,75.8041,2167
2022-08-04,75.0135,77.0889,74.964,75.9524,2745
2022-08-05,77.1384,77.336,74.4205,75.6065,3894
2022-08-08,78.0278,78.0278,75.1123,75.6065,4763
2022-08-10,74.1734,77.4843,74.124,76.6936,8414
2022-08-11,76.6936,76.6936,74.6181,74.6181,6326
2022-08-12,74.9146,77.0889,74.4699,76.9407,25173
2022-08-16,76.8913,76.8913,73.8769,74.2228,4675
2022-08-17,74.1734,74.371,61.6217,71.8014,26132
2022-08-18,70.5166,71.6532,69.1824,69.5777,5732
2022-08-19,70.1707,71.4061,69.38,69.8248,3291
2022-08-22,72.345,72.5427,70.3189,70.9119,2424
2022-08-23,71.0108,71.9991,70.2695,70.9119,818
2022-08-24,72.2956,72.2956,70.3189,70.8625,1332
2022-08-25,70.4672,72.0979,70.4672,70.7637,1649
2022-08-26,71.752,71.752,66.0197,68.3917,26761
2022-08-29,68.3917,69.6765,67.2057,67.9964,2729
2022-08-30,70.566,70.566,66.3162,67.5022,10844
2022-09-01,65.3279,69.973,65.2785,68.0458,3014
2022-09-02,68.0458,69.4295,67.7987,68.9353,3997
2022-09-05,68.9847,70.9119,66.2174,67.4034,12332
2022-09-06,68.9353,69.1824,66.3162,68.54,30520
2022-09-07,68.8365,69.0835,68.1941,68.4411,2172
2022-09-08,69.1329,70.0719,68.4905,69.0835,10009
2022-09-09,69.0835,79.0656,68.9353,74.2228,182461
2022-09-12,76.9901,78.0773,73.7286,74.4205,11001
2022-09-13,74.3216,76.0512,71.2084,71.9991,6056
2022-09-14,71.3567,73.1357,70.2695,72.0979,3809
2022-09-15,72.938,73.6298,60.2381,71.0108,10508
2022-09-16,69.6271,71.9497,58.8544,66.3162,43413
2022-09-19,71.0108,71.159,65.2291,67.4528,11598
2022-09-20,67.7493,69.1824,65.4762,66.2668,3674
2022-09-21,70.5166,70.566,66.2668,66.7116,1666
2022-09-22,68.0458,69.0835,66.5633,67.9964,5617
2022-09-23,66.5633,69.0835,64.2408,66.3162,10390
2022-09-26,64.982,69.133,64.982,66.9092,17881
2022-09-27,64.9326,67.9964,64.7349,66.2668,4194
2022-09-28,66.2668,67.2057,64.4384,65.3773,7320
2022-09-29,67.0575,68.0952,64.2408,65.0808,7529
2022-09-30,67.0575,67.4034,65.1797,66.9092,1637
2022-10-03,69.8742,69.8742,66.0692,66.9092,1258
2022-10-04,68.194,68.194,66.0692,66.3162,2347
2022-10-06,67.6505,68.4411,65.4268,67.0575,7052
2022-10-07,69.0341,69.1824,65.3773,66.2174,4423
2022-10-10,67.3046,68.1941,61.8194,63.3513,18754
2022-10-11,61.5229,63.6478,61.5229,62.2641,4329
2022-10-12,62.2641,66.0198,61.6711,63.2525,1806
2022-10-13,64.2408,64.2408,61.7206,62.9065,1831
2022-10-14,64.8338,64.8338,60.2875,60.9299,4083
2022-10-17,63.6972,63.6972,59.2992,60.6334,11905
2022-10-18,62.0171,63.2525,60.4357,60.7817,9019
2022-10-19,62.0171,62.0171,59.8922,60.0898,6332
2022-10-20,62.61,62.61,58.9039,59.8922,4389
2022-10-21,60.3863,61.5723,58.7062,59.6945,6362
2022-10-24,60.5346,63.203,55.9883,58.0144,3646
2022-10-25,60.3369,60.3369,55.3953,57.6684,4524
2022-10-27,57.0755,59.1015,57.0755,58.6073,5132
2022-10-28,59.8428,59.8428,52.5786,56.9272,14070
2022-10-31,58.3109,60.1887,56.3342,57.619,11277
2022-11-01,57.8661,58.805,57.4214,58.7556,1608
2022-11-02,58.3603,59.2003,57.4214,58.7556,4766
2022-11-03,58.3109,59.4474,56.5319,57.4708,10123
2022-11-04,58.6568,59.2992,58.1132,58.2614,5906
2022-11-07,58.1132,59.2992,57.372,58.2614,9215
2022-11-09,58.9533,69.8742,57.7179,60.3369,16917
2022-11-10,60.3863,63.0548,59.0027,59.2992,5050
2022-11-11,59.3486,59.3486,57.9155,59.2992,12200
2022-11-14,59.2992,59.2992,57.9155,58.4097,14551
2022-11-15,59.2003,59.2992,55.6918,56.1366,16844
2022-11-16,54.9012,56.3342,51.442,51.9856,15453
2022-11-17,51.4915,52.9739,48.5265,52.1339,20014
2022-11-18,52.2821,53.8634,50.1572,51.3926,4969
2022-11-21,49.1689,52.2821,46.6487,47.9829,9161
2022-11-22,49.9101,50.7996,48.4277,49.8607,6723
2022-11-23,50.4537,51.0467,48.9218,49.9596,3766
2022-11-24,48.823,50.2066,48.4277,48.5759,8826
2022-11-25,50.9479,51.0467,46.7969,48.1806,4594
2022-11-28,50.7996,50.849,47.4393,47.5876,5226
2022-11-29,49.0207,49.3172,43.4861,47.044,21944
2022-11-30,46.0063,55.0988,45.5121,51.1455,77717
2022-12-01,52.1833,53.814,50.8985,52.7763,34730
2022-12-02,51.5409,53.9622,50.4537,51.0961,25473
2022-12-05,52.2821,52.3809,50.8985,51.6891,4761
2022-12-06,52.7268,54.3082,50.4043,51.4914,3621
2022-12-07,51.3926,51.3926,50.4043,51.195,1775
2022-12-08,52.7763,52.7763,50.4043,51.788,2853
2022-12-09,51.8868,52.1339,49.416,50.2066,6188
2022-12-12,51.7385,51.7385,48.7736,50.1078,3265
2022-12-13,50.7008,50.8985,48.4771,49.8607,11036
2022-12-14,49.0207,51.3432,49.0207,51.2938,4668
2022-12-15,50.4043,50.9479,49.0207,49.3666,4592
2022-12-16,48.9712,52.2821,46.0557,48.9712,6189
2022-12-19,54.2093,54.2093,48.23,49.9596,2318
2022-12-20,51.3432,53.2704,49.2677,50.602,6197
2022-12-21,50.7502,52.2327,48.7242,49.416,4731
2022-12-22,50.4537,50.4537,47.5382,47.8347,7903
2022-12-23,47.6864,49.3171,46.1051,46.5004,3599
2022-12-26,47.2417,49.2183,46.9452,48.4277,3664
2022-12-27,48.2794,50.4043,48.2794,48.8724,1851
2022-12-28,49.416,49.416,48.23,48.7736,3422
2022-12-29,47.2911,49.3171,47.2417,48.4771,1056
2022-12-30,49.1689,50.4043,48.5759,49.7125,30074
2023-01-02,51.195,51.195,47.8347,50.7008,7715
2023-01-03,49.8607,49.9101,45.265,47.9335,25373
2023-01-04,47.9335,47.9335,44.672,46.9452,26598
2023-01-05,46.0063,47.9829,44.3756,45.4627,27348
2023-01-06,46.2534,46.451,43.9802,44.5238,23902
2023-01-09,45.4133,46.0063,43.5849,44.7215,5796
2023-01-10,45.4133,45.4627,41.46,42.2507,15922
2023-01-11,43.1402,43.1402,38.5939,39.3845,23353
2023-01-12,40.5705,41.2623,38.9892,39.434,7036
2023-01-13,43.3872,44.1285,34.7888,36.8149,60157
2023-01-16,39.0386,39.0386,37.7044,38.0009,8335
2023-01-17,38.0009,38.9398,36.3207,38.495,16746
2023-01-18,38.841,39.3351,37.9515,38.8904,3845
2023-01-19,39.681,40.3729,38.0997,38.4456,8136
2023-01-20,38.9892,39.5328,38.6927,39.5328,3955
2023-01-23,39.3351,41.3118,38.3468,38.7915,11617
2023-01-24,41.2129,41.2129,36.2219,39.088,29216
2023-01-25,40.4223,40.4223,37.2102,37.5561,7921
2023-01-27,38.4951,38.4951,35.8266,36.7655,5749
2023-01-30,37.7538,38.3468,35.5795,38.0009,8211
2023-01-31,39.4834,39.4834,34.2453,35.8266,56704
2023-02-01,38.0009,38.0009,34.6406,35.8266,4836
2023-02-02,34.6406,38.1491,34.6406,35.7278,8625
2023-02-03,35.6289,36.5678,32.5651,36.3702,30262
2023-02-06,37.1114,43.6343,35.7772,40.5705,33629
2023-02-07,40.5211,41.5588,39.4834,39.8293,10069
2023-02-08,40.5705,40.6199,39.5328,40.3234,1716
2023-02-09,41.1635,43.9308,38.1491,41.5588,8110
2023-02-10,42.3989,42.3989,40.7682,41.5094,2619
2023-02-13,40.7188,43.8814,40.5211,42.3495,16681
2023-02-14,43.4861,43.4861,41.3118,41.46,6537
2023-02-15,41.0153,42.8437,40.274,40.7682,1829
2023-02-16,41.5094,43.4861,40.274,41.5588,7564
2023-02-17,43.6343,44.0296,41.5094,41.9542,5808
2023-02-20,42.0036,42.0036,39.2857,39.5328,30896
2023-02-21,40.1258,40.274,39.0386,39.1869,326
2023-02-22,39.088,39.681,38.5445,38.5445,4575
2023-02-23,38.5939,39.3351,38.5445,39.2363,810
2023-02-24,39.5328,39.7799,38.5445,38.6927,14268
2023-02-27,38.5445,39.7304,38.5445,38.5445,7173
2023-02-28,39.3351,39.434,38.5445,38.5445,7357
2023-03-01,38.5939,39.7799,38.5445,38.6433,5586
2023-03-02,38.5445,41.0153,38.5445,39.8787,15770
2023-03-03,39.0386,42.0036,38.8904,40.5013,7536
2023-03-06,40.274,41.6577,39.0386,40.274,1857
2023-03-08,41.2623,47.4393,41.2623,46.5993,59353
2023-03-09,48.1312,48.1312,44.9685,45.8185,15889
2023-03-10,45.8185,45.9569,43.4861,43.8419,7385
2023-03-13,44.9587,44.9587,35.0853,38.4456,25464
2023-03-14,39.4735,40.4223,37.062,38.248,11212
2023-03-15,39.5229,39.5229,35.5795,36.3405,19897
2023-03-16,37.5463,38.9892,36.38,38.4753,6330
2023-03-17,38.0997,39.5328,38.0503,39.0287,1648
2023-03-20,39.5229,41.0251,36.6765,40.0269,19117
2023-03-21,39.5328,40.5211,39.1375,40.5013,3819
2023-03-22,39.5822,40.5013,38.1491,39.2066,10119
2023-03-23,39.4834,40.5211,38.3171,39.7008,5618
2023-03-24,40.7583,40.7583,38.5445,39.2956,53001
2023-03-27,40.274,40.5211,37.5561,38.0503,12870
2023-03-28,39.7107,39.7107,34.7493,35.4708,10335
2023-03-29,36.0737,37.7143,34.6999,34.9668,35667
2023-03-31,36.5184,36.5184,35.0359,35.283,7037
2023-04-03,36.8841,39.4834,36.7161,38.0602,6917
2023-04-05,38.841,39.1375,36.8643,37.7933,10591
2023-04-06,37.8526,38.2974,37.062,37.5067,6955
2023-04-10,37.5561,37.5561,35.6289,36.637,8184
2023-04-11,36.5678,38.7421,36.0737,36.1033,9119
2023-04-12,35.8958,37.4573,35.5795,36.133,6865
2023-04-13,37.2597,40.274,36.9137,37.1015,29177
2023-04-17,37.1015,39.177,36.5777,38.3962,3200
2023-04-18,38.3962,38.6927,37.4079,38.6927,1955
2023-04-19,38.248,39.3351,37.6352,38.9694,1836
2023-04-20,39.3351,39.3351,37.5561,37.5957,4251
2023-04-21,37.5957,38.4456,37.5957,37.6747,2533
2023-04-24,39.0287,39.0287,37.5561,38.1788,2649
2023-04-25,38.1788,38.1788,37.062,37.1114,2077
2023-04-26,37.0719,38.7915,37.0719,38.7718,2677
2023-04-27,39.0386,39.0386,37.5759,38.9793,1630
2023-04-28,38.9793,39.2857,38.0602,38.7026,2676
2023-05-02,38.841,42.4977,37.0817,41.5786,10817
2023-05-03,41.9048,43.1204,38.5445,38.6532,17682
2023-05-04,39.5328,39.5328,38.0503,38.327,5303
2023-05-05,38.327,39.5328,37.655,39.2462,8354
2023-05-08,39.2363,39.2363,37.9021,37.9218,3845
2023-05-09,39.1375,39.1375,37.6056,38.0305,6766
2023-05-10,38.0503,38.92,37.7637,38.0701,2661
2023-05-11,38.9299,39.0287,37.7044,38.4555,6250
2023-05-12,41.0153,41.0153,36.5678,40.3729,19401
2023-05-15,40.3729,43.8221,40.3729,41.8257,35153
2023-05-16,41.8257,42.7448,41.292,42.2803,5132
2023-05-17,42.9919,43.3675,40.531,42.8832,4580
2023-05-18,41.5193,45.265,40.6397,44.336,9316
2023-05-19,44.4744,48.5265,44.4744,46.1842,54003
2023-05-22,49.4061,53.6658,47.4393,52.46,69450
2023-05-23,53.9622,54.3576,49.2183,49.8706,37334
2023-05-24,50.4043,50.4043,48.4771,48.8823,14411
2023-05-25,48.6352,50.602,46.9847,49.327,15474
2023-05-26,50.2956,50.2956,47.4393,48.0521,4458
2023-05-29,48.9218,49.8904,44.4744,46.4313,16762
2023-05-30,47.4393,48.5759,45.9569,46.0458,5381
2023-05-31,45.9569,47.2911,42.478,43.9506,23562
2023-06-01,43.3378,45.2552,42.4977,44.7313,4436
2023-06-02,44.0395,47.3899,44.0395,45.9766,3902
2023-06-05,45.9569,46.8958,44.7215,46.1348,2204
2023-06-06,45.9569,47.4196,45.5714,46.283,3244
2023-06-07,45.9569,46.9353,45.6604,46.4115,1610
2023-06-08,42.7942,47.637,42.7942,47.38,3606
2023-06-09,47.8149,47.8149,46.0063,46.0952,2838
2023-06-12,46.0656,51.3926,45.4627,48.9416,12146
2023-06-13,49.6532,51.3926,47.4888,48.8032,11511
2023-06-14,52.2327,52.2327,48.823,49.4061,15580
2023-06-15,49.9003,51.5804,49.5148,50.8194,9669
2023-06-16,51.3729,51.3729,49.8212,50.1177,4415
2023-06-19,51.1455,51.1455,47.9434,48.4672,8259
2023-06-20,48.0719,48.4277,47.4393,47.5777,5435
2023-06-21,46.7475,49.4061,46.6388,46.9649,13887
2023-06-22,49.2183,49.2183,45.9569,46.3522,8847
2023-06-23,50.3944,50.3944,45.018,46.4115,2319
2023-06-26,46.4115,47.3207,45.5813,46.0656,1916
2023-06-27,49.3764,50.4043,44.7412,45.265,6278
2023-06-28,45.4627,47.2021,45.1662,45.4034,6538
2023-06-30,46.9452,46.9452,44.8203,45.0871,1652
2023-07-03,46.9452,46.9452,45.1662,46.7574,2886
2023-07-04,47.4196,47.4196,45.1168,46.3621,1528
2023-07-05,46.9452,46.9452,45.3737,45.6604,2213
2023-07-06,47.1824,47.1824,45.9569,46.1644,3581
2023-07-07,50.2066,50.2066,45.1662,45.7197,1766
2023-07-10,44.5732,47.4196,44.5732,46.1743,613
2023-07-11,45.4825,46.451,44.7709,45.1168,2390
2023-07-12,46.3028,46.3028,45.018,45.3738,882
2023-07-13,46.451,46.451,39.7799,44.593,9001
2023-07-14,44.2372,46.2435,44.2372,46.2237,6819
2023-07-17,43.7826,47.3405,43.7826,45.0377,13655
2023-07-18,46.1545,46.1545,43.5948,44.6127,57543
2023-07-19,45.3145,46.3028,44.0099,46.2435,6111
2023-07-20,46.4016,46.4016,44.4744,45.2947,12925
2023-07-21,44.9685,45.2156,44.9685,45.1662,5154
2023-07-24,45.4627,45.9569,44.5238,44.5831,3061
2023-07-25,45.4429,45.4627,43.9802,44.0198,34839
2023-07-26,43.9901,45.4133,43.4861,44.8697,3205
2023-07-27,44.4744,46.451,44.4744,46.1545,11443
2023-07-28,45.9569,46.4411,45.4627,45.9569,1549
2023-07-31,45.9569,45.9569,43.4861,44.593,26676
2023-08-01,44.4744,47.4393,43.4861,45.6208,61502
2023-08-02,45.5615,46.4214,44.4744,44.6029,7224
2023-08-03,46.4411,46.451,44.2866,44.6424,2255
2023-08-04,45.4627,46.9452,43.5355,46.5103,13333
2023-08-07,47.4393,47.4393,45.7098,46.3818,2618
2023-08-08,45.265,46.451,44.9191,45.1267,3994
2023-08-09,45.1662,46.4411,45.1662,46.115,3034
2023-08-10,46.4313,46.451,45.1662,46.0755,7023
2023-08-11,45.2255,45.7098,44.7709,45.4627,1753
2023-08-14,44.4744,45.2947,41.9048,44.0296,10425
2023-08-16,45.9173,45.9173,43.7826,43.832,4774
2023-08-17,44.7215,45.1959,43.3181,43.7035,2922
2023-08-18,45.9569,45.9569,42.5076,42.814,8954
2023-08-21,42.8239,42.8239,41.2623,41.3414,15918
2023-08-22,42.3791,42.982,41.5094,42.0728,10297
2023-08-23,42.4879,42.4879,41.3414,41.6873,1718
2023-08-24,42.4879,46.451,41.5094,42.8239,16563
2023-08-25,43.6837,43.6837,40.8176,41.4897,12499
2023-08-28,41.4205,42.3989,40.7682,40.9164,6735
2023-08-29,42.4977,42.9919,39.5921,40.4816,9163
2023-08-30,42.9919,42.9919,39.5328,40.699,9937
2023-08-31,40.6694,41.4798,38.5445,39.1968,32682
2023-09-01,40.5013,43.4861,39.5328,42.7152,19541
2023-09-04,43.7826,43.7826,41.5193,42.2408,4217
2023-09-05,42.4483,42.646,41.7565,42.4384,5488
2023-09-06,43.2785,43.2785,42.0233,43.0413,10480
2023-09-07,43.4366,43.4366,41.7664,42.1617,3912
2023-09-08,43.1896,43.1896,42.1716,43.15,4682
2023-09-11,43.1599,43.4366,41.2623,41.9739,9148
2023-09-12,41.6181,42.9425,40.9164,40.9461,2028
2023-09-13,40.9461,41.4501,40.274,40.8176,8971
2023-09-14,42.4681,42.4681,40.3729,40.7089,8403
2023-09-15,41.5193,42.5669,40.6397,42.2704,6023
2023-09-18,42.982,42.982,40.0566,40.5112,12328
2023-09-20,41.6972,41.6972,36.7853,40.5211,6041
2023-09-21,39.7107,41.203,39.7107,40.0862,2963
2023-09-22,40.1258,40.9164,39.8886,40.9066,2827
2023-09-25,40.0862,41.0153,39.5921,40.699,2761
2023-09-26,40.3234,40.9164,39.3351,40.1258,2769
2023-09-27,40.2246,40.2641,38.5445,39.5921,2992
2023-09-28,40.4915,42.2507,39.0979,40.2444,6821
2023-09-29,40.5211,40.5211,39.2363,40.5112,3429
2023-10-03,41.5193,41.5193,38.1491,39.2066,13733
2023-10-04,40.1851,40.2246,38.0503,38.6927,2600
2023-10-05,40.0171,40.0171,37.6154,39.4142,13168
2023-10-06,38.3567,40.0171,37.566,38.6235,9407
2023-10-09,39.2363,40.0269,37.6056,37.655,3060
2023-10-10,39.0287,39.5328,37.6154,39.3351,4729
2023-10-11,39.7304,39.7304,37.7538,39.0584,2160
2023-10-12,39.5328,40.4717,38.1491,38.2381,17278
2023-10-13,38.7026,40.956,38.2381,39.5229,9037
2023-10-16,38.5543,39.8293,37.0719,39.5427,5939
2023-10-17,40.3136,41.2623,39.2462,39.345,3763
2023-10-18,41.0054,41.0054,39.3351,39.4438,2306
2023-10-19,38.5939,39.9676,38.0503,39.5624,8092
2023-10-20,40.274,40.274,38.2974,38.4259,1020
2023-10-23,39.513,39.513,36.5678,37.3189,3889
2023-10-25,39.3746,39.5229,37.566,38.9596,4457
2023-10-26,39.5229,42.9919,37.5561,40.3136,5692
2023-10-27,40.5211,40.5211,38.3468,39.513,1986
2023-10-30,39.513,40.5211,39.0584,40.4223,2686
2023-10-31,41.2623,41.4995,38.7915,39.5822,1925
2023-11-01,39.5822,39.5822,38.5445,39.434,1606
2023-11-02,38.5741,40.5112,38.0009,38.2381,7150
2023-11-03,39.5229,40.0269,37.5561,39.009,7395
2023-11-06,38.3073,39.8787,38.3073,38.7718,2839
2023-11-07,40.5013,40.5013,37.7637,38.7322,7444
2023-11-08,38.4061,39.8886,38.4061,38.8508,1762
2023-11-09,40.1653,40.1653,36.0638,38.0207,18484
2023-11-10,38.5445,39.2956,38.0503,38.1986,2032
2023-11-13,39.1375,39.1375,38.0997,38.2084,2750
2023-11-15,38.2084,40.9065,38.2084,39.513,15874
2023-11-16,40.4915,40.4915,38.3172,38.6729,4681
2023-11-17,39.4438,39.8589,38.3468,38.7915,3555
2023-11-20,39.5526,39.9479,38.6729,39.5328,4359
2023-11-21,39.5328,39.9973,38.6927,38.8805,3543
2023-11-22,38.841,39.938,38.6038,39.4142,6152
2023-11-23,39.4834,39.9578,38.2974,39.0189,6171
2023-11-24,39.3549,39.5229,38.3073,38.6235,4129
2023-11-28,39.0386,39.5229,38.0503,38.8212,3685
2023-11-29,40.4124,42.9128,39.345,39.6415,30018
2023-11-30,39.9281,40.3136,38.9892,39.0584,1903
2023-12-01,38.8508,40.4124,38.7915,38.9497,13157
2023-12-04,38.8904,41.4798,38.5543,39.5328,11099
2023-12-05,39.6909,40.7188,38.8508,39.4834,19418
2023-12-06,39.8392,40.0269,39.0485,39.5229,20835
2023-12-07,39.5328,40.2938,38.9497,39.513,11243
2023-12-08,39.2363,40.3037,39.0386,39.4537,5640
2023-12-11,40.2246,40.4124,39.3845,39.602,10084
2023-12-12,39.3055,40.1357,39.009,39.434,5931
2023-12-13,39.5328,40.5013,39.0386,39.4636,5224
2023-12-14,39.1078,39.5427,38.5445,38.7026,6843
2023-12-15,38.7026,39.0287,38.5445,38.7421,29508
2023-12-18,40.2641,40.2641,38.3172,38.7915,11169
2023-12-19,40.2246,40.2246,38.2974,38.327,12455
2023-12-20,37.6451,40.3037,34.5714,36.2318,56878
2023-12-21,37.5561,38.4456,36.0341,37.5166,21642
2023-12-22,39.1869,39.1869,37.3091,37.5364,13070
2023-12-26,38.0503,38.5346,37.0224,37.2695,10643
2023-12-27,38.3171,38.3765,36.8149,38.0602,7834
2023-12-28,37.9416,40.5013,37.5364,38.0305,10887
2023-12-29,38.5346,38.5346,37.1608,37.4277,18500
2024-01-01,38.4061,38.7915,37.5166,38.0997,13638
2024-01-02,38.5346,38.5445,37.062,37.7143,12721
2024-01-03,39.345,39.513,38.5445,38.6532,7394
2024-01-04,39.3252,46.3818,38.0602,46.3818,195822
2024-01-05,52.3809,52.7664,46.451,47.2911,215934
2024-01-08,48.23,51.3926,48.23,50.4241,62308
2024-01-09,50.7996,51.6891,47.9335,48.6154,33620
2024-01-10,49.416,50.3252,48.9218,49.5346,15430
2024-01-11,49.4061,49.9101,45.4627,46.7772,25001
2024-01-12,49.0207,49.0207,45.947,47.2911,21346
2024-01-15,45.2749,48.0224,43.8517,44.9191,17278
2024-01-16,47.4492,47.6963,40.6199,45.8679,18890
2024-01-17,44.4744,46.3522,44.4744,45.9272,13521
2024-01-18,46.8464,46.8464,44.6622,45.7394,15875
2024-01-19,46.4411,46.451,44.8005,46.3324,18053
2024-01-23,45.5615,45.8481,41.5588,41.8949,27004
2024-01-24,42.1024,43.4861,40.7287,43.0809,10914
2024-01-25,43.9506,50.3055,42.31,49.5543,77635
2024-01-29,50.5921,50.7304,45.5121,46.6685,21062
2024-01-30,47.044,47.2219,45.4726,45.8481,9808
2024-01-31,46.8562,50.4043,45.5022,48.6945,26683
2024-02-01,49.6828,50.6909,45.1563,48.062,78782
2024-02-02,48.6352,49.2974,47.0045,47.4888,10538
2024-02-05,48.5364,48.5364,46.7475,47.0243,8765
2024-02-06,46.4807,47.4986,45.4627,46.876,8801
2024-02-07,47.3899,48.7736,46.451,47.6172,19460
2024-02-08,49.8113,57.1348,49.8113,56.186,405177
2024-02-09,59.1015,59.1015,50.0584,50.5921,135422
2024-02-12,51.9856,56.2354,49.4259,52.0449,79198
2024-02-13,53.221,53.221,50.2462,51.2839,19385
2024-02-14,51.195,52.2821,49.416,49.4259,24893
2024-02-15,51.2444,54.0611,49.6828,51.8868,46350
2024-02-16,53.3594,53.3594,50.4142,50.5328,24148
2024-02-19,52.3809,54.3477,50.4043,52.6873,42885
2024-02-20,52.3711,52.3711,50.9479,51.2246,20381
2024-02-21,52.3414,52.8751,50.177,50.3944,27734
2024-02-22,50.3944,52.0647,49.4654,50.7304,30240
2024-02-23,51.3432,52.0746,49.9101,50.4043,41913
2024-02-26,50.5031,51.8868,49.7125,50.8985,8980
2024-02-27,49.6729,53.8634,49.5939,51.5508,60143
2024-02-28,53.221,55.5436,50.7008,51.5508,84548
2024-02-29,52.124,54.1599,50.8985,51.9263,27240
2024-03-01,53.3594,53.3693,50.4339,51.2839,12875
2024-03-04,50.0584,51.3432,49.9101,50.3154,9444
2024-03-05,50.4043,52.3809,49.5346,52.124,7632
2024-03-06,52.8158,52.8158,47.4295,50.3351,18602
2024-03-07,50.3252,51.3827,48.4277,50.2462,10829
2024-03-11,52.1339,52.1339,49.159,49.3369,12761
2024-03-12,49.3369,49.8508,43.1896,46.026,15868
2024-03-13,47.4393,47.4393,43.9802,44.7412,9706
2024-03-14,43.1599,46.451,43.0018,44.1581,20475
2024-03-15,44.9587,45.858,42.4977,43.5552,8956
2024-03-18,43.4861,46.9452,43.4861,45.7197,3565
2024-03-19,47.1923,47.1923,45.4924,45.9865,2959
2024-03-20,47.8347,47.8347,44.6622,46.9452,6118
2024-03-21,47.9137,47.9236,46.4313,47.6765,1772
2024-03-22,47.7457,48.2992,45.5615,45.9371,16899
2024-03-26,45.9766,45.9766,45.0674,45.7394,9171
2024-03-27,44.9784,46.2435,41.1141,42.6163,18261
2024-03-28,42.7547,45.4627,41.4995,43.2192,19003
2024-04-01,45.1761,46.2336,43.9605,46.0853,4822
2024-04-02,46.2435,47.4393,44.1779,47.2318,7587
2024-04-03,47.2318,50.4043,46.6783,49.4061,12911
2024-04-04,49.6235,49.6235,45.7592,47.0243,27043
2024-04-05,47.1824,47.1923,45.9569,46.5301,4590
2024-04-08,47.9137,47.9335,46.4609,47.0539,2569
2024-04-09,46.2138,47.2713,45.3639,45.4331,4478
2024-04-10,45.4429,46.9452,44.7412,46.1545,6430
2024-04-12,46.1545,46.9452,44.9587,45.3243,4770
2024-04-15,46.1545,47.3405,42.4977,46.7969,27620
2024-04-16,46.451,46.7969,44.9685,45.3738,6841
2024-04-18,44.8203,47.3899,44.8203,44.9685,3047
2024-04-19,44.4843,45.7098,42.0036,44.1186,6536
2024-04-22,44.5732,45.018,43.2884,44.3261,7152
2024-04-23,44.336,45.9569,44.0099,44.5534,3145
2024-04-24,45.4528,45.4627,44.1779,44.2767,4867
2024-04-25,44.4744,44.4744,43.4762,44.3558,6249
2024-04-26,43.6442,44.9587,43.6442,44.0296,2447
2024-04-29,44.4843,45.354,42.4977,44.3064,9840
2024-04-30,44.0395,45.2057,43.4959,44.6424,9224
2024-05-02,44.4744,46.2039,43.5651,45.9272,7256
2024-05-03,46.4411,46.451,44.4744,45.3441,4485
2024-05-06,46.4313,46.4313,43.4861,43.7924,6978
2024-05-07,43.7826,44.672,42.982,44.3558,5527
2024-05-08,43.0907,45.265,43.0809,44.1482,3408
2024-05-09,43.6837,44.9685,41.1635,41.8949,4685
2024-05-10,42.7942,43.4762,41.5094,42.6954,1222
2024-05-13,43.5454,43.5454,40.6199,42.814,4214
2024-05-14,42.982,43.1896,41.8059,42.0233,2968
2024-05-15,42.1024,43.0907,39.5229,41.46,9284
2024-05-16,44.2174,44.2174,41.5885,42.7349,2973
2024-05-17,43.3872,44.4744,42.2013,42.7844,4631
2024-05-21,44.168,44.3756,41.0647,41.3908,11122
2024-05-22,41.8949,47.9335,41.1141,46.1941,68030
2024-05-23,47.2417,47.9335,44.1285,45.947,34280
2024-05-24,47.0934,48.9218,44.8697,44.9389,17578
2024-05-27,45.9074,45.947,43.5849,44.1285,5773
2024-05-28,44.7313,45.4528,42.4977,43.3477,11565
2024-05-29,44.0593,44.6523,42.5966,42.7646,4062
2024-05-30,44.8499,45.4627,42.3297,42.7053,34464
2024-05-31,44.9488,44.9488,42.646,43.9605,4534
2024-06-03,44.8401,44.8796,42.4977,42.8634,9570
2024-06-04,43.3971,43.3971,39.0485,41.964,11288
2024-06-05,42.3001,43.9802,41.3019,43.4861,15571
2024-06-06,44.4744,46.451,42.6065,45.858,21362
2024-06-07,44.0,46.6882,44.0,46.5301,10522
2024-06-10,46.9452,46.9452,44.672,44.9092,3232
2024-06-11,44.929,45.947,44.4645,44.929,4758
2024-06-12,45.8086,46.6981,44.5732,46.2138,11228
2024-06-13,46.7969,47.4393,45.5714,46.451,6657
2024-06-14,46.9452,48.4178,45.9766,47.4097,8959
2024-06-18,48.2992,48.2992,44.5732,45.1959,10897
2024-06-19,44.7017,46.3522,44.7017,45.9074,1703
2024-06-20,44.8302,46.4016,44.5732,45.947,5252
2024-06-21,46.4115,46.4115,44.7215,45.2749,2148
2024-06-24,44.5732,45.9667,43.6047,44.336,16372
2024-06-25,45.6604,50.0979,44.4744,47.5678,47161
2024-06-26,51.3926,51.3926,47.4591,49.3962,50556
2024-06-27,50.6909,54.3576,49.416,52.6181,151362
2024-06-28,53.5768,53.5768,51.3926,51.5211,28175
2024-07-01,51.5211,51.5211,49.416,50.3154,16928
2024-07-02,50.3153,50.3252,46.9551,48.5265,18606
2024-07-03,48.3288,50.77,47.9335,49.5642,32489
2024-07-04,50.3648,51.7879,48.7242,49.5939,25290
2024-07-05,50.4043,50.602,47.4492,48.8823,6676
2024-07-08,46.708,50.2956,46.708,47.1132,9770
2024-07-09,47.1132,48.1608,46.1051,47.1231,12193
2024-07-10,47.0835,47.0934,44.7709,46.6981,12033
2024-07-11,45.186,46.7376,45.1267,46.0162,8479
2024-07-12,45.4627,47.133,45.4627,45.9667,11543
2024-07-15,46.6981,47.4295,44.7412,45.779,14479
2024-07-16,45.779,47.2417,44.4744,46.283,12622
2024-07-18,47.133,48.1905,45.265,47.3899,10603
2024-07-19,48.0027,48.0027,45.9667,46.6388,2803
2024-07-22,46.451,47.1132,44.5238,44.9685,3420
2024-07-23,45.8778,46.2534,44.4843,45.9569,2950
2024-07-24,46.283,51.2641,44.8005,47.9928,38761
2024-07-25,48.9021,53.3693,47.4393,52.964,179378
2024-07-26,53.3693,54.15,51.363,52.3019,26709
2024-07-29,51.2543,52.2821,49.92,50.0683,10258
2024-07-30,50.0683,51.8868,48.4277,48.991,15134
2024-07-31,49.9003,49.9101,47.4393,49.3172,15030
2024-08-01,49.4061,49.8014,48.4277,48.8428,13038
2024-08-02,46.9748,48.9021,46.9353,47.1132,12032
2024-08-05,45.097,47.301,44.6325,45.0081,16876
2024-08-06,45.2255,46.8365,45.0081,45.9371,5542
2024-08-07,46.876,49.416,46.8365,48.398,8557
2024-08-08,49.3666,49.3764,46.7475,47.0539,13550
2024-08-09,47.1132,48.3881,45.9569,46.4609,14570
2024-08-12,46.4708,49.416,46.0557,48.2695,6353
2024-08-13,51.3926,55.8401,49.416,54.15,184378
2024-08-14,56.2354,58.3109,51.8868,56.9964,157805
2024-08-16,61.177,61.177,54.3576,54.8715,89341
2024-08-19,57.3028,57.3028,54.1599,54.4465,33125
2024-08-20,53.3693,55.336,51.699,52.2228,34636
2024-08-21,53.7646,62.6595,53.2803,62.6595,273910
2024-08-22,66.5139,71.159,64.2803,65.3971,416393
2024-08-23,67.3614,69.1868,58.3336,61.7165,91784
2024-08-26,63.4824,70.2384,59.6233,65.6253,135448
2024-08-27,67.4606,67.4606,62.6987,64.0479,63184
2024-08-28,64.1471,65.9527,62.5102,63.1947,21211
2024-08-29,64.4745,64.4745,59.1272,60.0895,69574
2024-08-30,60.7245,62.0042,58.78,59.6927,12965
2024-09-02,60.2185,66.7662,58.7403,65.04,108124
2024-09-03,65.4765,65.4765,62.3019,63.1054,47556
2024-09-04,62.9368,62.9368,59.8217,61.6868,19304
2024-09-05,62.0042,63.8892,61.5082,63.2046,27237
2024-09-06,63.7304,64.1868,61.5082,62.7185,18651
2024-09-09,61.6074,63.5915,59.6729,60.7542,24247
2024-09-10,60.5459,62.6987,60.5459,61.1808,24369
2024-09-11,61.2205,62.5995,59.4249,60.8237,23732
2024-09-12,60.8336,61.786,60.1193,60.407,9364
2024-09-13,61.0122,62.7483,60.7939,61.9447,16549
2024-09-16,61.9447,62.9864,60.0201,60.536,27780
2024-09-17,59.534,61.4586,59.534,60.288,20908
2024-09-18,59.6431,64.1868,59.6431,61.032,64498
2024-09-19,61.2304,63.4328,59.9209,60.1689,33329
2024-09-20,60.5757,63.4923,60.0201,61.5181,21002
2024-09-23,63.4923,63.4923,61.4983,61.6372,10927
2024-09-24,61.2602,73.9587,60.7145,73.9587,199443
2024-09-25,88.7504,88.7504,84.4448,88.7504,191689
2024-09-26,97.6195,97.6195,97.6195,97.6195,62560
2024-09-27,107.3814,107.3814,107.3814,107.3814,110927
2024-09-30,112.7485,112.7485,107.3814,112.7485,816100
2024-10-01,107.1433,118.3537,107.1433,118.3537,430530
2024-10-03,124.2565,124.2565,124.2565,124.2565,166099
2024-10-04,130.4569,130.4569,130.4569,130.4569,160088
2024-10-07,136.955,136.955,124.6533,135.9629,718611
2024-10-08,138.6911,138.8895,129.1672,129.1672,158590
2024-10-09,126.5878,126.5878,126.5878,126.5878,74507
2024-10-10,124.0581,124.0581,124.0581,124.0581,15860
2024-10-11,121.5779,121.5779,121.5779,121.5779,9791
2024-10-14,119.1473,119.1473,119.1473,119.1473,942
2024-10-15,116.7664,116.7664,116.7664,116.7664,3426
2024-10-16,114.435,114.435,114.435,114.435,1795
2024-10-17,112.1533,112.1533,112.1533,112.1533,15816
2024-10-18,109.9211,109.9211,109.9211,109.9211,5545
2024-10-21,107.7386,107.7386,107.7386,107.7386,3027
2024-10-22,105.6056,105.6056,105.6056,105.6056,2188
2024-10-23,103.5223,103.5223,103.5223,103.5223,4872
2024-10-24,101.4885,101.4885,101.4885,101.4885,1125
2024-10-25,99.5044,99.5044,99.5044,99.5044,1115
2024-10-28,97.5203,97.5203,97.5203,97.5203,881
2024-10-29,95.5857,95.5857,95.5857,95.5857,8703
2024-10-30,93.7008,93.7008,93.7008,93.7008,4423
2024-10-31,91.8655,91.8655,91.8655,91.8655,17449
2024-11-01,91.8655,91.8655,91.8655,91.8655,0
2024-11-04,90.0302,90.0302,90.0302,90.0302,5611
2024-11-05,88.2345,88.2345,88.2345,88.2345,26010
2024-11-06,86.4785,86.4785,86.4785,86.4785,14883
2024-11-07,84.7523,84.7523,84.7523,84.7523,7603
2024-11-08,83.0658,83.0658,83.0658,83.0658,2427
2024-11-11,81.4091,81.4091,81.4091,81.4091,5066
2024-11-12,79.7821,79.7821,79.7821,79.7821,4170
2024-11-13,78.1948,78.1948,78.1948,78.1948,3160
2024-11-14,76.6372,76.6372,76.6372,76.6372,964
2024-11-18,72.8079,72.8079,72.8079,72.8079,13890
2024-11-19,69.1769,76.4388,69.1769,76.4388,144671
2024-11-21,80.2583,80.2583,80.1492,80.2583,92398
2024-11-22,84.1968,84.2662,84.048,84.2662,15190
2024-11-25,88.4726,88.4726,88.4726,88.4726,19564
2024-11-26,92.8873,92.8873,84.0579,87.5301,123671
2024-11-27,85.3178,85.3178,83.1551,83.423,67995
2024-11-28,81.7563,81.7563,81.7563,81.7563,3297
2024-11-29,80.1293,80.1293,80.1293,80.1293,4831
2024-12-02,78.5321,78.5321,78.5321,78.5321,3351
2024-12-03,76.9646,76.9646,76.9646,76.9646,9313
2024-12-04,75.4269,75.4269,75.4269,75.4269,23607
2024-12-05,73.919,76.9349,73.919,76.9349,52458
2024-12-06,78.4726,78.4726,78.4726,78.4726,9163
2024-12-09,80.04,80.04,80.04,80.04,8611
2024-12-10,81.6373,81.6373,81.6373,81.6373,195302
2024-12-11,83.2643,83.2643,83.2643,83.2643,157782
2024-12-12,81.6075,81.6075,81.6075,81.6075,95748
2024-12-13,81.6075,81.6075,79.9805,79.9805,6756
2024-12-16,78.3833,78.3833,78.3833,78.3833,4698
2024-12-17,76.8158,76.8158,76.8158,76.8158,4126
2024-12-18,75.288,75.288,75.288,75.288,29314
2024-12-19,73.79,73.79,73.79,73.79,13388
2024-12-20,72.3217,72.3217,72.3217,72.3217,8687
2024-12-23,70.8832,70.8832,70.8832,70.8832,18424
2024-12-24,69.4745,69.4745,69.4745,69.4745,28689
2024-12-26,68.0856,70.8634,68.0856,70.8634,32029
2024-12-27,71.9249,72.2721,71.9249,72.2721,16875
2024-12-30,73.7106,73.7106,73.7106,73.7106,12443
2024-12-31,75.1789,75.1789,75.1789,75.1789,15814
2025-01-01,76.6769,76.6769,75.8932,75.8932,86943
2025-01-02,74.3753,74.5737,74.3753,74.5737,38977
2025-01-03,76.0618,76.0618,76.0618,76.0618,16851
2025-01-06,79.7126,79.8615,76.0618,77.798,90138
2025-01-07,73.909,79.3654,73.909,74.4944,32632
2025-01-08,71.1313,76.7861,71.1313,73.1749,22843
2025-01-09,70.9328,75.3376,69.5241,69.9606,30503
2025-01-10,69.4447,70.4368,66.667,68.909,21029
2025-01-13,65.4864,69.8416,65.4666,65.4666,35475
2025-01-14,63.9884,65.5757,62.2026,64.3455,31560
2025-01-15,67.411,67.5598,64.4844,65.6848,17703
2025-01-16,65.03,68.3039,65.03,66.7463,5466
2025-01-17,66.4685,69.4447,65.4963,68.1551,4947
2025-01-20,68.155,71.5578,68.155,70.04,10241
2025-01-21,70.4368,71.5578,66.7662,67.3217,4324
2025-01-22,68.4427,70.4368,64.0876,66.1213,12529
2025-01-23,67.4606,67.8574,64.4844,66.8753,14380
2025-01-24,69.2463,69.2463,65.4765,67.4308,8403
2025-01-27,66.0816,68.9487,64.0677,64.0677,7907
2025-01-28,64.0677,64.4844,60.8733,62.8475,19448
2025-01-29,64.4745,64.4745,60.1193,61.538,6597
2025-01-30,63.3931,63.3931,59.5241,61.1114,16620
2025-01-31,63.4626,63.4626,58.5816,60.7443,14880
2025-02-01,59.534,62.5003,59.534,62.2919,2836
2025-02-03,62.2919,62.8872,60.0201,60.3772,2115
2025-02-04,62.1729,62.1729,57.7383,59.6431,4434
2025-02-05,62.4011,62.4011,56.7463,57.1431,23473
2025-02-06,58.5122,60.0003,58.5122,60.0003,29550
2025-02-07,62.9963,62.9963,60.0201,62.0836,34273
2025-02-10,62.0836,63.4923,58.9884,62.2423,24488
2025-02-11,62.5003,65.3475,60.03,64.3455,62977
2025-02-12,67.4606,67.4606,62.5499,66.042,25220
2025-02-13,67.4606,69.2959,63.5915,64.4943,10398
2025-02-14,63.2046,63.2046,63.2046,63.2046,3778
2025-02-17,61.9447,61.9447,61.9447,61.9447,995
2025-02-18,60.7146,61.9745,60.7146,60.7146,4391
2025-02-19,60.7146,60.7146,59.5042,59.5042,15436
2025-02-20,60.6848,60.6848,60.6749,60.6848,10075
2025-02-21,62.1491,62.1491,61.8403,62.1491,2123
2025-02-24,62.1491,62.1491,60.9637,61.7606,5756
2025-02-25,61.7606,61.7606,60.8641,61.7606,5024
2025-02-27,62.9958,62.9958,61.91,61.91,3769
2025-02-28,61.8602,63.1452,61.7108,63.0058,15666
2025-03-03,64.2609,64.2609,61.7507,62.8564,6034
2025-03-04,64.1115,64.1115,61.7606,61.7606,5390
2025-03-05,62.9958,62.9958,62.9958,62.9958,12488
2025-03-06,63.3544,64.251,63.3544,64.251,6311
2025-03-07,63.0058,63.7529,63.0058,63.7529,24350
2025-03-10,64.749,64.749,64.0019,64.0019,65856
2025-03-11,64.0019,65.267,62.7269,65.267,11768
2025-03-12,64.6494,66.1934,64.0019,64.4502,8105
2025-03-13,65.6456,65.6555,64.0916,64.749,14115
2025-03-17,64.749,64.749,63.4541,63.4541,16037
2025-03-18,62.189,64.7192,62.189,63.7529,14681
2025-03-19,62.7568,63.7529,62.4778,62.4778,17973
2025-03-20,62.4778,62.7568,61.2327,62.4778,24366
2025-03-21,61.2327,61.7606,61.2327,61.7606,24062
2025-03-24,62.7568,64.7391,59.7683,63.4341,47380
2025-03-25,66.5122,66.5122,61.2327,62.0893,19982
2025-03-26,62.7568,63.2449,58.9914,58.9914,31128
2025-03-27,58.5232,59.7683,56.0428,58.0649,116906
2025-03-28,55.1662,60.7545,55.1662,55.9631,92625
2025-04-01,53.7915,58.7523,53.7915,58.6228,7874
2025-04-02,60.2066,60.2664,58.4734,59.7683,10484
2025-04-03,59.5392,61.2625,58.2741,59.7584,9165
2025-04-04,61.2426,61.2426,58.0351,59.9775,4116
2025-04-07,58.7722,59.7683,56.7799,58.055,3670
2025-04-08,62.7568,62.7568,58.6925,59.5492,2720
2025-04-09,57.786,62.7368,57.786,59.7683,15714
2025-04-11,57.7761,61.7606,57.7761,59.8082,10998
2025-04-15,60.0174,61.5116,59.081,60.2565,12257
2025-04-16,59.2703,61.4518,59.2703,60.2565,10632
2025-04-17,63.6533,63.6533,59.2703,61.4219,7721
2025-04-21,64.749,64.749,60.8541,61.7905,6604
2025-04-22,62.0595,63.6931,61.661,62.7667,6813
2025-04-23,62.7568,62.7667,61.5614,62.1392,11421
2025-04-24,61.8403,63.7031,60.7645,61.0334,13164
2025-04-25,62.9958,62.9958,57.7761,59.2703,15625
2025-04-28,58.7224,62.2487,57.8956,59.1109,28657
2025-04-29,59.7683,60.366,57.3676,58.9415,8451
2025-04-30,62.2587,62.2587,58.7822,59.4894,2419
2025-05-02,60.4656,60.7645,59.2503,60.0174,2869
2025-05-05,61.1629,61.1629,57.9056,59.7683,13606
2025-05-06,61.2625,61.2625,58.5331,59.868,5460
2025-05-07,62.7468,62.7468,58.3837,60.0771,18932
2025-05-08,62.7468,62.7468,59.7683,59.8281,7879
2025-05-09,57.7761,62.2388,57.7761,60.3063,18846
2025-05-12,61.7606,61.7606,59.1009,60.0971,16996
2025-05-13,60.0971,62.3583,59.7683,62.0694,5638
2025-05-14,62.2587,62.2587,60.0174,60.8143,4884
2025-05-15,62.5077,62.5077,59.9377,61.9997,5612
2025-05-16,63.0058,63.0058,59.7683,61.0434,12752
2025-05-19,62.7568,63.7429,60.3063,62.7767,13407
2025-05-20,63.4541,63.4541,61.2725,61.9499,8833
2025-05-21,61.9499,62.9859,59.2703,60.4756,25634
2025-05-22,61.1829,61.4518,59.7683,61.3223,5793
2025-05-23,59.8779,64.3506,55.1961,57.0588,104192
2025-05-26,53.7915,60.7545,53.7915,59.848,220971
2025-05-27,58.563,62.6273,58.563,59.4894,19543
2025-05-28,59.2005,60.7645,57.7761,59.3998,32856
2025-05-29,59.7783,59.7783,57.7761,58.563,24134
2025-05-30,59.1707,59.7285,57.7761,58.1646,20057
2025-06-02,57.8358,59.7683,56.3317,58.7124,18332
2025-06-03,56.8895,59.2503,56.8895,58.7622,17469
2025-06-04,59.2703,60.2664,57.5768,58.6825,17988
2025-06-05,59.9875,61.5614,58.822,59.6189,17563
2025-06-06,59.6189,63.7529,59.5691,63.0656,38114
2025-06-09,60.2863,73.7143,60.2863,69.3313,160086
2025-06-10,72.1205,80.9861,70.8255,77.1111,196988
2025-06-11,78.695,84.4527,71.722,74.1526,131812
2025-06-12,73.5151,73.5151,66.8708,69.2018,39620
2025-06-13,67.7375,73.5051,65.7452,71.4132,49458
2025-06-16,71.7619,77.6988,68.7336,74.6606,49844
2025-06-17,77.6988,77.6988,71.0944,74.3917,60454
2025-06-18,73.2063,76.6529,70.7259,72.1105,10909
2025-06-19,71.1144,73.2162,70.7259,71.2239,11048
2025-06-20,69.7198,74.7104,69.7198,72.4691,8918
2025-06-23,74.312,74.312,70.0983,71.4132,10771
2025-06-24,73.1963,73.4752,71.3236,71.9013,12785
2025-06-25,73.1166,73.1166,69.7795,70.7358,13625
2025-06-26,71.7021,74.1127,71.6722,73.0867,31125
2025-06-27,73.4453,74.7104,70.7259,72.6484,10123
2025-06-30,73.007,74.3917,70.7159,71.732,41036
2025-07-01,71.732,72.7082,70.0286,71.5427,16727
2025-07-02,72.4093,72.4093,68.7436,69.6401,18771
2025-07-03,69.7497,74.4614,69.2317,70.6362,24152
2025-07-04,71.722,73.9135,69.9389,71.7021,43221
2025-07-07,72.7181,74.5112,70.7358,73.7243,27304
2025-07-08,72.2101,73.7143,70.0784,70.8554,30029
2025-07-09,72.2002,72.2002,67.8869,69.0424,15608
2025-07-10,70.427,70.4768,66.7413,68.7635,29309
2025-07-11,67.7374,69.5405,67.3888,68.2256,12326
2025-07-14,68.9328,73.6744,68.7436,70.5266,29571
2025-07-15,72.1902,72.1902,69.2815,70.1282,9525
2025-07-16,70.4768,70.8853,69.4309,69.8194,10552
2025-07-17,70.2676,72.9672,69.2317,70.7757,24158
2025-07-18,70.2676,72.1802,69.9788,71.2538,9913
2025-07-21,70.7757,72.0806,70.2278,70.3075,7349
2025-07-22,69.9887,71.5925,68.634,69.3412,7730
2025-07-23,69.3412,71.5626,68.7336,70.5466,15776
2025-07-24,69.2914,71.473,69.2914,69.6998,12434
2025-07-25,71.4829,71.5925,69.2516,69.7696,6973
2025-07-28,71.214,71.214,67.3689,67.857,5335
2025-07-29,67.7574,70.2278,67.7474,69.2317,5322
2025-07-30,66.044,73.6147,66.044,70.2477,31270
2025-07-31,70.2178,71.971,65.8049,69.4907,20678
2025-08-01,69.0225,70.7358,65.795,67.3091,16395
2025-08-04,67.4884,70.2278,65.7452,66.9804,11776
2025-08-05,67.7374,70.7159,66.0938,70.1979,20168
2025-08-06,71.214,71.214,69.1221,70.9351,12626
2025-08-07,71.2239,71.2239,67.339,69.0922,11084
2025-08-08,71.732,71.732,68.7436,69.5405,8941
2025-08-11,69.9788,69.9788,66.3927,68.5842,6611
2025-08-12,68.7336,69.3313,66.2532,68.1558,4078
2025-08-13,69.391,69.391,67.5482,67.6578,1258
2025-08-14,69.4209,69.4209,67.2394,67.2991,2743
2025-08-18,69.1221,70.9251,68.3351,69.4807,12633
2025-08-19,69.7297,72.0209,67.7375,70.5964,27998
2025-08-20,71.971,71.971,69.7297,71.5726,22433
2025-08-21,70.2378,76.2046,69.3114,70.2378,14393
2025-08-22,69.7198,71.4531,68.2355,68.4049,12982
2025-08-25,70.427,70.427,66.7911,67.5283,37411
2025-08-26,67.1896,70.7259,67.1896,69.6998,35848
2025-08-28,68.4746,73.2162,68.2455,69.3512,33571
2025-08-29,70.5964,70.5964,68.7336,69.65,4614
2025-09-01,69.3114,69.8293,65.536,66.821,11879
2025-09-02,66.7712,69.2217,66.7313,67.4386,20792
2025-09-03,68.7137,68.7137,65.9643,66.572,18488
2025-09-04,69.6002,69.6002,66.2532,66.5222,5948
2025-09-05,68.1359,69.7297,65.7452,67.857,18070
2025-09-08,60.0672,69.1819,60.0672,67.7972,11641
2025-09-09,67.3888,69.142,65.9942,68.5742,10909
2025-09-10,69.2317,70.0186,66.8509,69.401,11721
2025-09-11,69.9788,70.7159,68.0861,68.4248,8541
2025-09-12,67.349,71.712,66.8409,67.4087,7236
2025-09-15,67.4884,74.7104,65.9544,67.1198,38536
2025-09-16,68.6838,69.1221,65.8448,67.7374,16338
2025-09-17,67.9367,68.9328,66.7413,67.7474,17793
2025-09-18,68.9129,70.7259,67.2394,68.7635,12012
2025-09-19,70.6661,71.722,69.0225,71.1343,13032
2025-09-22,72.1105,72.1105,68.7635,70.9251,10853
2025-09-23,71.9611,72.1005,68.2355,70.1581,12443
2025-09-24,68.7535,69.7397,66.9903,68.9627,11550
2025-09-25,71.722,71.722,67.9168,69.8493,3157
2025-09-26,70.4171,70.696,68.5842,70.3772,13649
2025-09-29,68.7934,70.1083,66.9903,67.4486,6242
2025-09-30,67.6378,70.7259,65.7452,69.1818,14190
2025-10-01,67.847,69.1022,66.2432,66.7313,13965
2025-10-03,67.07,68.4646,67.07,68.3152,3613
2025-10-06,68.3152,68.7336,66.831,67.5382,3589
2025-10-07,66.7712,69.6301,66.044,68.0263,11279
2025-10-08,69.2317,69.2317,66.7413,67.9267,6980
2025-10-09,67.7375,67.7375,62.7568,63.1552,51576
2025-10-10,63.205,64.7391,60.2664,63.1552,11710
2025-10-13,63.1552,63.1552,59.7584,61.0235,10018
2025-10-14,61.5614,63.1851,59.7683,59.848,8795
2025-10-15,62.4579,62.4579,55.7738,56.8297,39539
2025-10-16,58.5431,58.553,56.8497,57.0389,6262
2025-10-17,56.9991,63.7529,55.8834,62.1093,47343
2025-10-20,63.3544,65.536,61.7606,63.6433,5829
2025-10-21,63.6433,63.6433,63.6433,63.6433,0
2025-10-23,67.7374,67.7374,63.5039,64.2709,8813
2025-10-24,66.7313,66.7313,62.7667,63.4441,14455
2025-10-27,62.7568,65.1973,62.179,63.6134,7345
2025-10-28,62.7667,65.4961,62.7667,64.3506,5625
2025-10-29,64.749,64.749,62.4679,62.8863,13237
2025-10-30,61.6809,63.713,60.8641,62.9161,11685
2025-10-31,63.6732,63.7031,62.2587,62.3782,2694
2025-11-03,62.4081,63.7429,61.2625,63.5836,4631
2025-11-04,63.733,64.2012,62.7667,63.6134,2230
2025-11-06,58.7722,66.4923,58.7722,64.7092,10608
2025-11-07,64.241,64.4203,61.0135,61.8104,6254
2025-11-10,61.92,65.9942,61.7606,63.6134,12397
2025-11-11,64.749,65.4961,63.205,63.8127,19632
2025-11-12,62.4878,66.303,62.4878,65.6256,14138
2025-11-13,66.6417,68.2355,64.241,67.0999,17973
2025-11-14,68.2056,69.6301,67.0402,68.2256,32274
2025-11-17,69.7198,69.7198,66.7313,67.5482,44925
2025-11-18,68.634,68.7336,65.795,67.0601,20868
2025-11-19,68.7336,68.7336,65.8448,67.1398,15970
2025-11-20,67.7375,67.7375,65.7452,67.3589,14085
2025-11-21,67.7374,67.7374,64.8486,66.4325,13533
2025-11-24,67.4884,67.4884,64.251,65.4862,8785
2025-11-25,67.4884,67.4884,62.8066,63.5636,14384
2025-11-26,64.749,64.8486,62.5077,63.8525,12602
2025-11-27,64.749,65.7452,64.0517,64.5,13168
2025-11-28,64.95,65.15,63.67,64.38,5280
2025-12-01,65.6,66.0,60.99,62.11,15460
2025-12-02,64.0,65.5,62.99,64.23,13006
2025-12-03,64.98,65.0,63.75,64.78,22373
2025-12-04,63.16,65.4,63.16,64.85,16023
2025-12-05,64.95,64.95,63.6,64.9,5715
2025-12-08,64.98,65.0,63.62,64.67,11263
2025-12-09,64.51,64.96,62.07,64.78,14983
2025-12-10,62.9,64.93,62.79,64.05,13734
2025-12-11,62.99,64.84,62.21,63.8,16107
2025-12-12,63.05,64.87,63.05,63.2,7477
2025-12-15,62.0,64.5,61.46,63.27,35486
2025-12-16,62.09,64.11,61.8,61.98,10304
2025-12-17,62.0,63.9,62.0,62.48,9808
2025-12-18,64.43,64.62,62.39,62.55,17285
2025-12-19,62.56,63.51,62.02,62.89,3226
2025-12-22,62.52,63.96,62.52,62.76,1415
2025-12-23,63.59,64.4,62.05,63.13,5331
2025-12-24,63.0,63.75,62.61,63.0,3097
2025-12-26,63.0,64.93,61.42,64.68,50164
2025-12-29,67.0,67.1,65.51,65.96,30227
2025-12-30,66.0,66.0,63.05,65.05,7370
2025-12-31,65.39,65.39,62.25,63.86,28870
2026-01-01,63.86,64.84,62.51,62.91,13688
2026-01-02,63.0,64.17,62.0,62.75,36889
2026-01-05,62.02,62.7,60.11,60.93,18906
2026-01-06,60.99,63.0,60.42,62.88,9157
2026-01-07,64.35,64.35,61.29,62.56,6024
2026-01-08,63.0,63.49,61.8,63.24,12985
2026-01-09,61.59,63.98,61.46,63.23,16016
2026-01-12,61.0,63.1,59.75,60.03,16893
2026-01-13,60.04,60.95,59.19,60.25,20235
2026-01-14,60.01,63.0,60.0,61.6,9074
2026-01-15,61.6,61.6,61.6,61.6,0
2026-01-16,61.25,65.0,61.0,63.91,22701
2026-01-19,63.91,66.75,61.5,65.82,28129
2026-01-20,63.91,72.0,63.91,68.7,38211
2026-01-21,70.07,71.85,66.5,67.05,18863
2026-01-22,65.52,69.49,65.52,69.01,26545
2026-01-23,68.31,71.0,68.31,69.27,16783
2026-01-27,70.0,72.0,67.3,71.85,21259
2026-01-28,70.63,86.22,70.63,86.22,164606
2026-01-29,99.4,103.46,93.0,94.19,388583
2026-01-30,94.19,97.4,80.0,81.62,81274
2026-02-02,82.0,82.0,70.0,70.4,41826
2026-02-03,72.0,80.5,72.0,75.86,38348
2026-02-04,77.0,78.0,73.97,74.31,13300
2026-02-05,76.16,76.16,73.09,74.0,12648
2026-02-06,74.0,76.0,73.49,75.9,12974
2026-02-09,77.0,77.0,71.01,74.25,11405
2026-02-10,71.31,75.95,71.31,72.15,10478
2026-02-11,73.84,74.75,71.92,73.01,21655
2026-02-12,73.01,73.15,71.5,72.27,11491
2026-02-13,72.86,73.0,68.99,72.24,22437
2026-02-16,76.5,76.5,70.4,73.03,17553
2026-02-17,73.74,73.95,69.5,69.56,14084
2026-02-18,71.4,72.97,69.5,71.92,11372
2026-02-19,73.0,73.0,69.05,70.05,17262
2026-02-20,71.2,71.2,67.15,69.64,10118
2026-02-23,71.0,72.0,69.0,70.12,9262
2026-02-24,71.92,71.92,68.2,69.39,8987
2026-02-25,69.39,70.4,65.9,66.28,16939
2026-02-26,67.61,69.94,64.05,64.47,20867
2026-02-27,65.75,67.0,62.0,64.32,14943
2026-03-02,31.75,31.75,30.15,31.24,19428
2026-03-04,33.595,33.595,31.0,32.845,67946
2026-03-05,33.485,33.485,32.5,33.05,27470
2026-03-06,35.88,36.25,33.19,35.6,40148
2026-03-09,31.32,33.64,31.02,31.85,22048
2026-03-10,33.35,34.0,32.02,32.6,16900
2026-03-11,32.63,33.7,32.2,32.5,8118
2026-03-12,33.92,33.92,31.4,32.79,26055
2026-03-13,33.6,33.68,31.4,31.82,15165
2026-03-16,31.67,35.0,31.07,34.39,36683
2026-03-17,34.09,36.0,32.7,35.63,48186
2026-03-18,35.0,36.46,33.76,34.87,19660
2026-03-19,33.25,36.9,32.51,36.32,54607
2026-03-20,37.0,42.87,35.18,39.46,90651
2026-03-23,39.39,42.0,37.57,39.54,53166
2026-03-24,40.0,43.5,39.0,40.04,43969
2026-03-25,40.05,41.49,40.0,40.26,48305
2026-03-27,38.12,45.0,38.12,42.1,76535
2026-03-30,44.85,44.85,40.0,41.11,34941
2026-04-01,42.1,43.99,42.0,42.36,15749
2026-04-02,41.89,42.51,41.5,41.89,24538
2026-04-06,41.05,43.7,41.05,42.8,24205
2026-04-07,40.68,44.7,40.68,43.63,35798
2026-04-08,45.0,45.81,43.5,45.81,35961
2026-04-09,45.35,48.1,45.35,48.1,25850
2026-04-10,50.45,50.5,49.93,50.5,52556
2026-04-13,50.0,53.0,48.4,52.29,83282
2026-04-15,52.0,54.9,52.0,54.31,101424
2026-04-16,55.4,57.02,54.3,56.95,106629
2026-04-17,56.51,59.79,56.5,59.68,116289
2026-04-20,60.88,62.4,58.41,61.55,159278
2026-04-21,60.4,63.9,59.8,63.01,195034
2026-04-22,63.85,65.4,63.0,65.03,111559
2026-04-23,67.0,67.0,64.8,66.12,111620
2026-04-24,67.0,68.0,66.25,66.98,77536
2026-04-27,65.7,65.7,65.65,65.65,34428
2026-04-28,64.34,64.34,64.34,64.34,11001
2026-04-29,63.06,63.06,63.06,63.06,7426
2026-04-30,61.8,61.8,61.8,61.8,693
2026-05-04,60.57,60.57,60.57,60.57,3871
2026-05-05,59.75,61.0,59.75,61.0,130789
2026-05-06,60.75,60.75,60.0,60.0,45782
2026-05-07,58.9,59.8,58.9,59.0,25813
2026-05-08,59.0,59.85,59.0,59.2,26022
2026-05-11,59.2,60.38,59.2,60.38,20466
2026-05-12,61.58,61.58,61.58,61.58,8703
2026-05-13,62.5,62.8,62.5,62.79,11154
2026-05-14,64.0,64.0,63.2,63.2,11003
2026-05-15,63.0,63.0,62.75,62.75,29642
2026-05-18,61.75,61.75,61.5,61.5,24942
2026-05-19,60.75,60.75,60.27,60.5,3164
2026-05-20,59.29,59.29,59.29,59.29,4125
2026-05-21,58.11,58.5,58.11,58.11,798
2026-05-22,56.95,59.27,56.95,59.27,10011
2026-05-25,59.27,59.27,58.9,58.9,13543
2026-05-26,58.9,60.0,58.9,59.5,7542
2026-05-27,59.5,59.5,58.5,58.5,5826
2026-05-28,58.5,58.5,58.5,58.5,0
2026-05-29,59.0,59.0,58.05,58.05,9055
2026-06-01,57.0,60.95,55.15,55.15,48759
2026-06-02,52.4,54.81,52.4,52.4,2844
2026-06-03,49.78,49.78,49.78,49.78,4589
2026-06-04,47.3,47.3,47.3,47.3,4405
2026-06-05,44.94,44.94,44.94,44.94,21001
2026-06-08,42.74,42.74,42.7,42.7,1632
2026-06-09,40.57,40.57,40.57,40.57,17119
2026-06-10,38.55,42.59,38.55,42.59,25221
2026-06-11,44.71,44.71,41.5,44.71,21083
2026-06-12,46.85,46.94,46.0,46.94,16465
2026-06-15,49.0,49.28,47.88,49.05,11821
2026-06-16,51.5,51.5,50.24,51.48,17249
2026-06-17,53.9,53.9,49.5,51.2,11226
2026-06-18,51.0,51.0,50.21,50.21,2069
2026-06-19,49.96,49.96,49.96,49.96,813
2026-06-22,49.4,49.4,48.97,48.97,2403
2026-06-23,48.96,48.96,48.0,48.0,3020
2026-06-24,47.04,47.5,47.04,47.5,1023
2026-06-25,46.55,46.55,46.55,46.55,687
2026-06-26,46.55,46.55,46.55,46.55,0
2026-06-29,45.62,45.62,45.62,45.62,1462
2026-06-30,44.71,44.71,44.71,44.71,506
2026-07-01,43.82,43.82,43.82,43.82,1233
2026-07-02,43.0,44.69,43.0,44.5,2102
2026-07-03,45.39,45.39,45.3,45.39,9946
2026-07-06,46.29,46.29,46.29,46.29,7398
2026-07-07,45.99,45.99,45.99,45.99,1525
2026-07-08,46.85,46.85,46.5,46.5,2675
2026-07-09,46.5,47.43,46.5,46.5,4105
2026-07-10,46.99,46.99,46.5,46.99,818
2026-07-13,47.91,47.91,46.06,46.06,2233
2026-07-14,45.9,45.9,45.14,45.14,3045
2026-07-15,45.14,46.0,45.0,45.0,3254
2026-07-16,45.9,45.9,44.1,44.1,1221
2026-07-17,44.1,44.1,43.22,43.22,353
2026-07-20,43.22,44.08,42.36,42.36,2728
2026-07-21,41.52,43.19,41.52,43.19,1719
2026-07-22,42.33,42.33,42.33,42.33,306
2026-07-23,42.0,42.0,41.49,41.49,2504
2026-07-24,41.0,41.0,40.67,40.67,1909
2026-07-27,42.7,42.7,38.64,41.39,7269
2026-07-28,41.28,41.28,39.41,40.7,1544
2026-07-29,42.73,42.73,39.54,40.0,3077
2026-07-30,40.0,40.0,38.4,39.2,3442
2026-07-31,40.97,40.97,37.24,39.55,8379
2026-08-03,40.35,40.35,38.11,39.7,1356
2026-08-04,40.3,40.3,37.8,38.07,6867
2026-08-05,36.23,36.23,36.17,36.18,24826
2026-08-06,37.96,37.96,34.38,35.57,35869
2026-08-07,36.5,36.5,33.8,35.64,22335
2026-08-10,36.49,36.49,33.86,34.0,17855
2026-08-11,35.19,35.19,32.3,33.5,42962
2026-08-12,34.9,35.17,34.02,34.87,10593
2026-08-13,34.89,36.28,34.26,35.35,9018
2026-08-14,36.99,37.0,35.13,36.02,17344
2026-08-17,34.74,36.89,34.6,34.92,10575
2026-08-18,33.57,36.32,33.57,34.99,5666
2026-08-19,35.16,35.97,34.28,35.88,1601
2026-08-20,37.65,37.65,35.0,35.93,23522
2026-08-21,37.64,37.64,34.14,34.2,26381
2026-08-24,35.61,35.74,33.06,34.95,7339
2026-08-25,35.0,36.44,34.09,35.36,8314
2026-08-26,37.05,37.05,34.0,34.09,11224
