date,net_ad,oscillator,summation,signal,advances,declines,adv_volume,dec_volume,trin,trin_5d,trin_signal,trin_5d_signal,divergence,nifty500_close,generated_at
2025-06-10,27,0.0,0.0,NEUTRAL,448,421,2009505458.0,961454522.0,0.51,0.51,BULLISH,INTERNALLY_STRONG,NONE,,2026-08-03T19:30:42
2025-06-11,7,-1.0,-1.0,BEARISH_CROSS,438,431,1474320521.0,1324500503.0,0.91,0.71,NEUTRAL,INTERNALLY_STRONG,NONE,,2026-08-03T19:30:42
2025-06-12,-554,-29.9,-31.0,NEUTRAL,158,712,323895836.0,1965841141.0,1.35,0.92,BEARISH,NEUTRAL,NONE,,2026-08-03T19:30:42
2025-06-13,-338,-43.7,-75.0,NEUTRAL,266,604,655162690.0,1683776159.0,1.13,0.98,NEUTRAL,NEUTRAL,NONE,,2026-08-03T19:30:42
2025-06-16,80,-34.3,-109.0,NEUTRAL,475,395,1423049783.0,630211874.0,0.53,0.89,BULLISH,NEUTRAL,NONE,,2026-08-03T19:30:42
2025-06-17,-356,-47.9,-157.0,NEUTRAL,257,613,508317993.0,1292721856.0,1.07,1.0,NEUTRAL,NEUTRAL,NONE,,2026-08-03T19:30:42
2025-06-18,-250,-54.1,-211.0,NEUTRAL,310,560,670721548.0,1192962865.0,0.98,1.01,NEUTRAL,NEUTRAL,NONE,,2026-08-03T19:30:42
2025-06-19,-622,-77.6,-288.0,OVERSOLD,124,746,505651945.0,1576679269.0,0.52,0.85,BULLISH,NEUTRAL,NONE,,2026-08-03T19:30:42
2025-06-20,353,-48.6,-337.0,NEUTRAL,612,259,2607024375.0,359230525.0,0.33,0.69,VERY_BULLISH,INTERNALLY_STRONG,NONE,,2026-08-03T19:30:42
2025-06-23,-1,-41.3,-378.0,NEUTRAL,435,436,1310427244.0,686311367.0,0.52,0.68,BULLISH,INTERNALLY_STRONG,NONE,,2026-08-03T19:30:42
2025-06-24,341,-17.7,-396.0,NEUTRAL,606,265,1716185718.0,573123496.0,0.76,0.62,BULLISH,INTERNALLY_STRONG,NONE,,2026-08-03T19:30:42
2025-06-25,456,8.3,-388.0,BULLISH_CROSS,664,208,1700599960.0,447517254.0,0.84,0.59,NEUTRAL,INTERNALLY_STRONG,NONE,,2026-08-03T19:30:42
2025-06-26,81,11.7,-376.0,NEUTRAL,477,396,1535444943.0,750845264.0,0.59,0.61,BULLISH,INTERNALLY_STRONG,NONE,,2026-08-03T19:30:42
2025-06-27,141,17.6,-358.0,NEUTRAL,507,366,2000471671.0,961211408.0,0.67,0.68,BULLISH,INTERNALLY_STRONG,NONE,,2026-08-03T19:30:42
2025-06-30,185,24.7,-334.0,NEUTRAL,529,344,1534776979.0,581521234.0,0.58,0.69,BULLISH,INTERNALLY_STRONG,NONE,,2026-08-03T19:30:42
2025-07-01,-81,17.4,-316.0,NEUTRAL,396,477,1288871645.0,786081492.0,0.51,0.64,BULLISH,INTERNALLY_STRONG,NONE,,2026-08-03T19:30:42
2025-07-02,-204,4.9,-311.0,NEUTRAL,335,539,971472910.0,1128888535.0,0.72,0.61,BULLISH,INTERNALLY_STRONG,NONE,,2026-08-03T19:30:42
2025-07-03,-59,1.5,-310.0,NEUTRAL,408,467,971735434.0,1000264966.0,0.9,0.68,NEUTRAL,INTERNALLY_STRONG,NONE,,2026-08-03T19:30:42
2025-07-04,65,4.7,-305.0,NEUTRAL,470,405,1062049811.0,652910264.0,0.71,0.68,BULLISH,INTERNALLY_STRONG,NONE,,2026-08-03T19:30:42
2025-07-07,-267,-9.1,-314.0,BEARISH_CROSS,304,571,639802635.0,835123053.0,0.69,0.71,BULLISH,INTERNALLY_STRONG,NONE,,2026-08-03T19:30:42
2025-07-08,-75,-11.3,-326.0,NEUTRAL,400,475,1503051129.0,605005390.0,0.34,0.67,VERY_BULLISH,INTERNALLY_STRONG,NONE,,2026-08-03T19:30:42
2025-07-09,-3,-9.6,-335.0,NEUTRAL,436,439,967827706.0,903094583.0,0.93,0.71,NEUTRAL,INTERNALLY_STRONG,NONE,,2026-08-03T19:30:42
2025-07-10,-116,-13.7,-349.0,NEUTRAL,380,496,1000305851.0,878537373.0,0.67,0.67,BULLISH,INTERNALLY_STRONG,NONE,,2026-08-03T19:30:42
2025-07-11,-372,-29.9,-379.0,NEUTRAL,252,624,824712670.0,1062093833.0,0.52,0.63,BULLISH,INTERNALLY_STRONG,NONE,,2026-08-03T19:30:42
2025-07-14,14,-24.3,-403.0,NEUTRAL,445,431,1772341794.0,620970315.0,0.36,0.56,VERY_BULLISH,INTERNALLY_STRONG,NONE,,2026-08-03T19:30:42
2025-07-15,322,-4.0,-407.0,NEUTRAL,599,277,1280507288.0,981814233.0,1.66,0.83,BEARISH,NEUTRAL,NONE,,2026-08-03T19:30:42
2025-07-16,82,1.3,-406.0,BULLISH_CROSS,479,397,1168921190.0,891960413.0,0.92,0.83,NEUTRAL,NEUTRAL,NONE,,2026-08-03T19:30:42
2025-07-17,-94,-2.9,-409.0,BEARISH_CROSS,391,485,925086761.0,1148795544.0,1.0,0.89,NEUTRAL,NEUTRAL,NONE,,2026-08-03T19:30:42
2025-07-18,-362,-19.9,-428.0,NEUTRAL,257,619,919879831.0,1071084901.0,0.48,0.88,VERY_BULLISH,NEUTRAL,NONE,,2026-08-03T19:30:42
2025-07-21,3,-16.0,-445.0,NEUTRAL,440,437,1044470628.0,863148646.0,0.83,0.98,NEUTRAL,NEUTRAL,NONE,,2026-08-03T19:30:42
2025-07-22,-198,-22.7,-467.0,NEUTRAL,340,538,1085135744.0,912614541.0,0.53,0.75,BULLISH,NEUTRAL,NONE,,2026-08-03T19:30:42
2025-07-23,41,-16.4,-484.0,NEUTRAL,460,419,1486213725.0,541979238.0,0.4,0.65,VERY_BULLISH,INTERNALLY_STRONG,NONE,,2026-08-03T19:30:42
2025-07-24,-316,-28.8,-512.0,NEUTRAL,282,598,881171543.0,1031309186.0,0.55,0.56,BULLISH,INTERNALLY_STRONG,NONE,,2026-08-03T19:30:42
2025-07-25,-636,-55.2,-568.0,NEUTRAL,122,758,171733043.0,1572535622.0,1.47,0.76,BEARISH,NEUTRAL,NONE,,2026-08-03T19:30:42
2025-07-28,-472,-69.3,-637.0,NEUTRAL,204,676,598819518.0,1304318961.0,0.66,0.72,BULLISH,INTERNALLY_STRONG,NONE,,2026-08-03T19:30:42
2025-07-29,360,-39.4,-676.0,NEUTRAL,620,260,1361829839.0,405126496.0,0.71,0.76,BULLISH,NEUTRAL,NONE,,2026-08-03T19:30:42
2025-07-30,-16,-32.5,-709.0,NEUTRAL,432,448,776390243.0,863506992.0,1.07,0.89,NEUTRAL,NEUTRAL,NONE,,2026-08-03T19:30:42
2025-07-31,-383,-44.7,-753.0,NEUTRAL,249,632,814337133.0,1310165148.0,0.63,0.91,BULLISH,NEUTRAL,NONE,,2026-08-03T19:30:42
2025-08-01,-520,-61.8,-815.0,NEUTRAL,181,701,660634089.0,1228172916.0,0.48,0.71,VERY_BULLISH,INTERNALLY_STRONG,NONE,,2026-08-03T19:30:42
2025-08-04,280,-36.1,-851.0,NEUTRAL,581,301,1432480825.0,285238752.0,0.38,0.65,VERY_BULLISH,INTERNALLY_STRONG,NONE,,2026-08-03T19:30:42
2025-08-05,-216,-38.8,-890.0,NEUTRAL,333,549,654667687.0,855993165.0,0.79,0.67,BULLISH,INTERNALLY_STRONG,NONE,,2026-08-03T19:30:42
2025-08-06,-457,-52.9,-943.0,NEUTRAL,213,670,585808466.0,1007834419.0,0.55,0.57,BULLISH,INTERNALLY_STRONG,NONE,,2026-08-03T19:30:42
2025-08-07,-29,-43.3,-986.0,NEUTRAL,427,456,1280478435.0,830939873.0,0.61,0.56,BULLISH,INTERNALLY_STRONG,NONE,,2026-08-03T19:30:42
2025-08-08,-455,-56.2,-1043.0,NEUTRAL,214,669,330329081.0,1187811490.0,1.15,0.7,NEUTRAL,INTERNALLY_STRONG,NONE,,2026-08-03T19:30:42
2025-08-11,127,-37.8,-1080.0,NEUTRAL,505,378,1011205447.0,525438544.0,0.69,0.76,BULLISH,NEUTRAL,NONE,,2026-08-03T19:30:42
2025-08-12,-95,-33.1,-1113.0,NEUTRAL,394,489,624035504.0,827347082.0,1.07,0.81,NEUTRAL,NEUTRAL,NONE,,2026-08-03T19:30:42
2025-08-13,183,-14.9,-1128.0,NEUTRAL,533,350,1259559195.0,536640184.0,0.65,0.83,BULLISH,NEUTRAL,NONE,,2026-08-03T19:30:42
2025-08-14,-263,-21.6,-1150.0,NEUTRAL,310,573,876591716.0,840833256.0,0.52,0.82,BULLISH,NEUTRAL,NONE,,2026-08-03T19:30:42
2025-08-18,353,3.6,-1146.0,BULLISH_CROSS,619,266,1470421197.0,633410594.0,1.0,0.79,NEUTRAL,NEUTRAL,NONE,,2026-08-03T19:30:42
2025-08-19,309,22.9,-1123.0,NEUTRAL,597,288,2014242316.0,341965017.0,0.35,0.72,VERY_BULLISH,INTERNALLY_STRONG,NONE,,2026-08-03T19:30:42
2025-08-20,32,25.4,-1098.0,NEUTRAL,459,427,1058929072.0,648726114.0,0.66,0.64,BULLISH,INTERNALLY_STRONG,NONE,,2026-08-03T19:30:42
2025-08-21,-56,23.1,-1075.0,NEUTRAL,415,471,821506455.0,1390638658.0,1.49,0.8,BEARISH,NEUTRAL,NONE,,2026-08-03T19:30:42
2025-08-22,-242,11.7,-1063.0,NEUTRAL,322,564,853479540.0,1023100768.0,0.68,0.84,BULLISH,NEUTRAL,NONE,,2026-08-03T19:30:42
2025-08-25,-72,10.3,-1053.0,NEUTRAL,407,479,1305807617.0,593861309.0,0.39,0.71,VERY_BULLISH,INTERNALLY_STRONG,NONE,,2026-08-03T19:30:42
2025-08-26,-602,-17.3,-1070.0,BEARISH_CROSS,142,744,1364635850.0,1942346465.0,0.27,0.7,VERY_BULLISH,INTERNALLY_STRONG,NONE,,2026-08-03T19:30:42
2025-08-28,-445,-33.1,-1103.0,NEUTRAL,221,666,1100124087.0,1353698012.0,0.41,0.65,VERY_BULLISH,INTERNALLY_STRONG,NONE,,2026-08-03T19:30:42
2025-08-29,-163,-32.3,-1136.0,NEUTRAL,362,525,1186623487.0,1294723825.0,0.75,0.5,BULLISH,INTERNALLY_STRONG,NONE,,2026-08-03T19:30:42
2025-09-01,461,-0.2,-1136.0,NEUTRAL,674,213,1391124729.0,228215042.0,0.52,0.47,BULLISH,INTERNALLY_STRONG,NONE,,2026-08-03T19:30:42
2025-09-02,244,16.4,-1119.0,BULLISH_CROSS,566,322,1392746431.0,1297422557.0,1.64,0.72,BEARISH,INTERNALLY_STRONG,NONE,,2026-08-03T19:30:42
2025-09-03,320,34.2,-1085.0,NEUTRAL,604,284,2635735365.0,456692056.0,0.37,0.74,VERY_BULLISH,INTERNALLY_STRONG,NONE,,2026-08-03T19:30:42
2025-09-04,-319,17.4,-1068.0,NEUTRAL,285,604,619991320.0,1993125336.0,1.52,0.96,BEARISH,NEUTRAL,NONE,,2026-08-03T19:30:42
2025-09-05,21,19.9,-1048.0,NEUTRAL,455,434,1011809817.0,976512701.0,1.01,1.01,NEUTRAL,NEUTRAL,NONE,,2026-08-03T19:30:42
2025-09-08,64,24.1,-1024.0,NEUTRAL,477,413,1410745925.0,502795455.0,0.41,0.99,VERY_BULLISH,NEUTRAL,NONE,,2026-08-03T19:30:42
2025-09-09,-28,23.0,-1001.0,NEUTRAL,431,459,907811294.0,585727924.0,0.61,0.78,BULLISH,NEUTRAL,NONE,,2026-08-03T19:30:42
2025-09-10,240,35.3,-966.0,NEUTRAL,565,325,1471220930.0,549368511.0,0.65,0.84,BULLISH,NEUTRAL,NONE,,2026-08-03T19:30:42
2025-09-11,-47,31.3,-934.0,NEUTRAL,422,469,1172879898.0,1020870571.0,0.78,0.69,BULLISH,INTERNALLY_STRONG,NONE,,2026-08-03T19:30:42
2025-09-12,20,31.1,-903.0,NEUTRAL,456,436,1294289607.0,594061270.0,0.48,0.59,VERY_BULLISH,INTERNALLY_STRONG,NONE,,2026-08-03T19:30:42
2025-09-15,120,35.8,-867.0,NEUTRAL,506,386,1148169432.0,563917089.0,0.64,0.63,BULLISH,INTERNALLY_STRONG,NONE,,2026-08-03T19:30:42
2025-09-16,292,48.2,-819.0,NEUTRAL,592,300,1387366611.0,467388062.0,0.66,0.64,BULLISH,INTERNALLY_STRONG,NONE,,2026-08-03T19:30:42
2025-09-17,124,50.1,-769.0,NEUTRAL,508,384,1361661607.0,706441593.0,0.69,0.65,BULLISH,INTERNALLY_STRONG,NONE,,2026-08-03T19:30:42
2025-09-18,-39,43.4,-726.0,NEUTRAL,427,466,1226951894.0,772887437.0,0.58,0.61,BULLISH,INTERNALLY_STRONG,NONE,,2026-08-03T19:30:42
2025-09-19,7,39.7,-686.0,NEUTRAL,450,443,2074296850.0,810204843.0,0.4,0.59,VERY_BULLISH,INTERNALLY_STRONG,NONE,,2026-08-03T19:30:42
2025-09-22,-265,22.8,-663.0,NEUTRAL,314,579,1180553847.0,925563546.0,0.43,0.55,VERY_BULLISH,INTERNALLY_STRONG,NONE,,2026-08-03T19:30:42
2025-09-23,-193,11.8,-651.0,NEUTRAL,350,543,1137543082.0,1009088573.0,0.57,0.53,BULLISH,INTERNALLY_STRONG,NONE,,2026-08-03T19:30:42
2025-09-24,-373,-6.6,-658.0,BEARISH_CROSS,260,633,654591362.0,1348634295.0,0.85,0.57,NEUTRAL,INTERNALLY_STRONG,NONE,,2026-08-03T19:30:42
2025-09-25,-423,-24.9,-683.0,NEUTRAL,235,658,898935491.0,1087627910.0,0.43,0.54,VERY_BULLISH,INTERNALLY_STRONG,NONE,,2026-08-03T19:30:42
2025-09-26,-695,-54.0,-737.0,NEUTRAL,99,794,308463990.0,1504031828.0,0.61,0.58,BULLISH,INTERNALLY_STRONG,NONE,,2026-08-03T19:30:42
2025-09-29,-116,-49.6,-786.0,NEUTRAL,389,505,1648811847.0,728242847.0,0.34,0.56,VERY_BULLISH,INTERNALLY_STRONG,NONE,,2026-08-03T19:30:42
2025-09-30,-27,-41.2,-828.0,NEUTRAL,434,461,1204620855.0,870502632.0,0.68,0.58,BULLISH,INTERNALLY_STRONG,NONE,,2026-08-03T19:30:42
2025-10-01,432,-10.8,-838.0,NEUTRAL,664,232,1651770319.0,348652972.0,0.6,0.53,BULLISH,INTERNALLY_STRONG,NONE,,2026-08-03T19:30:42
2025-10-03,287,7.9,-831.0,BULLISH_CROSS,592,305,1346149757.0,864820392.0,1.25,0.7,BEARISH,INTERNALLY_STRONG,NONE,,2026-08-03T19:30:42
2025-10-06,-55,6.8,-824.0,NEUTRAL,421,476,1231167223.0,703102274.0,0.51,0.68,BULLISH,INTERNALLY_STRONG,NONE,,2026-08-03T19:30:42
2025-10-07,-91,4.1,-820.0,NEUTRAL,404,495,1210686280.0,754763333.0,0.51,0.71,BULLISH,INTERNALLY_STRONG,NONE,,2026-08-03T19:30:42
2025-10-08,-309,-9.2,-829.0,BEARISH_CROSS,295,604,1061994508.0,990527307.0,0.46,0.67,VERY_BULLISH,INTERNALLY_STRONG,NONE,,2026-08-03T19:30:42
2025-10-09,76,-1.3,-830.0,NEUTRAL,488,412,1873360702.0,426423322.0,0.27,0.6,VERY_BULLISH,INTERNALLY_STRONG,NONE,,2026-08-03T19:30:42
2025-10-10,214,12.4,-818.0,BULLISH_CROSS,557,343,1970419747.0,784555196.0,0.65,0.48,BULLISH,INTERNALLY_STRONG,NONE,,2026-08-03T19:30:42
2025-10-13,-988,-36.1,-854.0,BEARISH_CROSS,672,1660,1763939318.0,2552735224.0,0.59,0.5,BULLISH,INTERNALLY_STRONG,NONE,23294.8,2026-08-03T19:30:42
2025-10-14,-1299,-92.9,-947.0,OVERSOLD,516,1815,1501855161.0,2895300134.0,0.55,0.5,BULLISH,INTERNALLY_STRONG,NONE,23184.05,2026-08-03T19:30:42
2025-10-15,735,-39.3,-986.0,NEUTRAL,1531,796,3183704854.0,903514406.0,0.55,0.52,BULLISH,INTERNALLY_STRONG,NONE,23377.35,2026-08-03T19:30:42
2025-10-16,519,-4.0,-990.0,NEUTRAL,1423,904,2395075498.0,1659876361.0,1.09,0.69,NEUTRAL,INTERNALLY_STRONG,NONE,23563.8,2026-08-03T19:30:42
2025-10-17,-794,-39.6,-1030.0,NEUTRAL,767,1561,1458611614.0,2511773425.0,0.85,0.73,NEUTRAL,INTERNALLY_STRONG,NONE,23598.05,2026-08-03T19:30:42
2025-10-20,423,-8.9,-1038.0,NEUTRAL,1381,958,3017156777.0,1207542235.0,0.58,0.72,BULLISH,INTERNALLY_STRONG,NONE,23716.1,2026-08-03T19:30:42
2025-10-21,1361,64.3,-974.0,BULLISH_CROSS,1847,486,905280116.0,200697530.0,0.84,0.78,NEUTRAL,NEUTRAL,NONE,23759.2,2026-08-03T19:30:42
2025-10-23,-453,35.9,-938.0,NEUTRAL,941,1394,3263614745.0,1990079212.0,0.41,0.75,VERY_BULLISH,NEUTRAL,NONE,23755.9,2026-08-03T19:30:42
2025-10-24,-741,-3.1,-941.0,BEARISH_CROSS,798,1539,2266883897.0,1724527023.0,0.39,0.61,VERY_BULLISH,INTERNALLY_STRONG,NONE,23686.6,2026-08-03T19:30:42
2025-10-27,39,2.7,-939.0,BULLISH_CROSS,1189,1150,5114184665.0,1176609857.0,0.24,0.49,VERY_BULLISH,INTERNALLY_STRONG,NONE,23840.9,2026-08-03T19:30:42
2025-10-28,-440,-16.4,-955.0,BEARISH_CROSS,948,1388,1866836660.0,3091002283.0,1.13,0.6,NEUTRAL,INTERNALLY_STRONG,NONE,23812.55,2026-08-03T19:30:42
2025-10-29,722,25.5,-929.0,BULLISH_CROSS,1524,802,2806752255.0,1731586175.0,1.17,0.67,NEUTRAL,INTERNALLY_STRONG,NONE,23952.4,2026-08-03T19:30:42
2025-10-30,-590,-4.4,-934.0,BEARISH_CROSS,866,1456,1984056757.0,4129306058.0,1.24,0.83,BEARISH,NEUTRAL,NONE,23841.3,2026-08-03T19:30:42
2025-10-31,-792,-40.0,-974.0,NEUTRAL,765,1557,1942371537.0,2431785932.0,0.62,0.88,BULLISH,NEUTRAL,BEARISH_DIVERGENCE,23710.4,2026-08-03T19:30:42
2025-11-03,304,-15.5,-989.0,NEUTRAL,1314,1010,4455386811.0,1044101569.0,0.3,0.89,VERY_BULLISH,NEUTRAL,BEARISH_DIVERGENCE,23810.7,2026-08-03T19:30:42
2025-11-04,-1053,-62.3,-1052.0,NEUTRAL,636,1689,1426359676.0,2900239090.0,0.77,0.82,BULLISH,NEUTRAL,BEARISH_DIVERGENCE,23675.45,2026-08-03T19:30:42
2025-11-06,-1473,-123.0,-1175.0,OVERSOLD,426,1899,1110766501.0,2999701840.0,0.61,0.71,BULLISH,INTERNALLY_STRONG,BEARISH_DIVERGENCE,23513.15,2026-08-03T19:30:42
2025-11-07,-31,-102.2,-1277.0,OVERSOLD,1147,1178,2910439926.0,1399467081.0,0.47,0.55,VERY_BULLISH,INTERNALLY_STRONG,BEARISH_DIVERGENCE,23521.5,2026-08-03T19:30:42
2025-11-10,-231,-93.9,-1371.0,OVERSOLD,1052,1283,1787022595.0,1752725232.0,0.8,0.59,NEUTRAL,INTERNALLY_STRONG,BEARISH_DIVERGENCE,23596.9,2026-08-03T19:30:42
2025-11-11,-86,-79.1,-1450.0,OVERSOLD,1124,1210,3711762817.0,1314640052.0,0.33,0.6,VERY_BULLISH,INTERNALLY_STRONG,BEARISH_DIVERGENCE,23682.65,2026-08-03T19:30:42
2025-11-12,641,-29.7,-1479.0,NEUTRAL,1486,845,3899635029.0,899547664.0,0.41,0.52,VERY_BULLISH,INTERNALLY_STRONG,BEARISH_DIVERGENCE,23836.9,2026-08-03T19:30:42
2025-11-13,-528,-45.7,-1525.0,NEUTRAL,902,1430,3399603503.0,1727827373.0,0.32,0.47,VERY_BULLISH,INTERNALLY_STRONG,BEARISH_DIVERGENCE,23816.0,2026-08-03T19:30:42
2025-11-14,-286,-47.1,-1572.0,NEUTRAL,1026,1312,4155099337.0,1403030420.0,0.26,0.42,VERY_BULLISH,INTERNALLY_STRONG,BEARISH_DIVERGENCE,23836.35,2026-08-03T19:30:42
2025-11-17,139,-26.8,-1599.0,NEUTRAL,1242,1103,2503129664.0,2172673467.0,0.98,0.46,NEUTRAL,INTERNALLY_STRONG,BEARISH_DIVERGENCE,23954.55,2026-08-03T19:30:42
2025-11-18,-1168,-74.7,-1674.0,OVERSOLD,589,1757,1682843496.0,2526262937.0,0.5,0.49,BULLISH,INTERNALLY_STRONG,BEARISH_DIVERGENCE,23824.65,2026-08-03T19:30:42
2025-11-19,-357,-74.7,-1748.0,OVERSOLD,995,1352,2297942404.0,2171074606.0,0.7,0.55,BULLISH,INTERNALLY_STRONG,BEARISH_DIVERGENCE,23906.3,2026-08-03T19:30:42
2025-11-20,-403,-76.6,-1825.0,OVERSOLD,974,1377,1717650687.0,2978188791.0,1.23,0.73,BEARISH,INTERNALLY_STRONG,BEARISH_DIVERGENCE,23975.45,2026-08-03T19:30:42
2025-11-21,-1419,-128.7,-1954.0,OVERSOLD,466,1885,958667568.0,3079051767.0,0.79,0.84,BULLISH,NEUTRAL,BEARISH_DIVERGENCE,23790.25,2026-08-03T19:30:42
2025-11-24,-1268,-165.0,-2119.0,OVERSOLD,542,1810,1843230873.0,2637704569.0,0.43,0.73,VERY_BULLISH,INTERNALLY_STRONG,BEARISH_DIVERGENCE,23674.55,2026-08-03T19:30:42
2025-11-25,53,-129.2,-2248.0,OVERSOLD,1202,1149,2472624612.0,1143388315.0,0.48,0.73,VERY_BULLISH,INTERNALLY_STRONG,BEARISH_DIVERGENCE,23655.05,2026-08-03T19:30:42
2025-11-26,1286,-36.3,-2284.0,NEUTRAL,1820,534,2740134407.0,703629574.0,0.88,0.76,NEUTRAL,NEUTRAL,BEARISH_DIVERGENCE,23955.2,2026-08-03T19:30:42
2025-11-27,-323,-37.1,-2321.0,NEUTRAL,1017,1340,2134951321.0,1389390782.0,0.49,0.61,VERY_BULLISH,INTERNALLY_STRONG,BEARISH_DIVERGENCE,23947.75,2026-08-03T19:30:42
2025-11-28,-301,-36.5,-2358.0,NEUTRAL,1027,1328,1513458937.0,1901577166.0,0.97,0.65,NEUTRAL,INTERNALLY_STRONG,BEARISH_DIVERGENCE,23933.2,2026-08-03T19:30:42
2025-12-01,-454,-43.5,-2401.0,NEUTRAL,954,1408,1727743636.0,2320026585.0,0.91,0.75,NEUTRAL,NEUTRAL,BEARISH_DIVERGENCE,23922.45,2026-08-03T19:30:42
2025-12-02,-1017,-77.4,-2479.0,OVERSOLD,684,1701,2548769221.0,2240360709.0,0.35,0.72,VERY_BULLISH,INTERNALLY_STRONG,BEARISH_DIVERGENCE,23822.25,2026-08-03T19:30:42
2025-12-03,-1049,-107.5,-2586.0,OVERSOLD,668,1717,2321202812.0,2180603591.0,0.37,0.62,VERY_BULLISH,INTERNALLY_STRONG,BEARISH_DIVERGENCE,23716.3,2026-08-03T19:30:42
2025-12-04,-421,-101.4,-2688.0,OVERSOLD,982,1403,2981516939.0,1505954388.0,0.35,0.59,VERY_BULLISH,INTERNALLY_STRONG,BEARISH_DIVERGENCE,23741.1,2026-08-03T19:30:42
2025-12-05,-496,-99.4,-2787.0,OVERSOLD,944,1440,2793800878.0,1323282403.0,0.31,0.46,VERY_BULLISH,INTERNALLY_STRONG,BEARISH_DIVERGENCE,23835.25,2026-08-03T19:30:42
2025-12-08,-1830,-163.9,-2951.0,OVERSOLD,280,2110,667943901.0,3500538003.0,0.7,0.42,BULLISH,INTERNALLY_STRONG,BEARISH_DIVERGENCE,23526.2,2026-08-03T19:30:42
2025-12-09,791,-87.2,-3038.0,OVERSOLD,1593,802,3680378639.0,876902635.0,0.47,0.44,VERY_BULLISH,INTERNALLY_STRONG,BEARISH_DIVERGENCE,23516.25,2026-08-03T19:30:42
2025-12-10,-585,-90.0,-3128.0,OVERSOLD,906,1491,1723012063.0,2325410144.0,0.82,0.53,NEUTRAL,INTERNALLY_STRONG,BEARISH_DIVERGENCE,23408.8,2026-08-03T19:30:42
2025-12-11,650,-30.1,-3158.0,NEUTRAL,1523,873,3010311091.0,871676387.0,0.51,0.56,BULLISH,INTERNALLY_STRONG,BEARISH_DIVERGENCE,23550.85,2026-08-03T19:30:42
2025-12-12,789,28.1,-3130.0,BULLISH_CROSS,1592,803,3323280369.0,779814512.0,0.47,0.59,VERY_BULLISH,INTERNALLY_STRONG,BEARISH_DIVERGENCE,23726.2,2026-08-03T19:30:42
2025-12-15,115,44.1,-3086.0,NEUTRAL,1257,1142,1904081237.0,2239677009.0,1.29,0.71,BEARISH,INTERNALLY_STRONG,BEARISH_DIVERGENCE,23725.2,2026-08-03T19:30:42
2025-12-16,-1059,-1.2,-3087.0,BEARISH_CROSS,670,1729,1317339538.0,2473409125.0,0.73,0.76,BULLISH,NEUTRAL,BEARISH_DIVERGENCE,23570.15,2026-08-03T19:30:42
2025-12-17,-1109,-42.4,-3130.0,NEUTRAL,646,1755,1917875320.0,2062939819.0,0.4,0.68,VERY_BULLISH,INTERNALLY_STRONG,BEARISH_DIVERGENCE,23496.05,2026-08-03T19:30:42
2025-12-18,-653,-54.6,-3184.0,NEUTRAL,874,1527,2822617307.0,1444142870.0,0.29,0.64,VERY_BULLISH,INTERNALLY_STRONG,BEARISH_DIVERGENCE,23491.5,2026-08-03T19:30:42
2025-12-19,1115,23.7,-3160.0,BULLISH_CROSS,1760,645,4270968777.0,894587290.0,0.57,0.66,BULLISH,INTERNALLY_STRONG,BEARISH_DIVERGENCE,23677.55,2026-08-03T19:30:42
2025-12-22,1153,92.3,-3068.0,OVERBOUGHT,1782,629,2883200780.0,2006195580.0,1.97,0.79,BEARISH,NEUTRAL,NONE,23867.65,2026-08-03T19:30:42
2025-12-23,328,109.3,-2959.0,OVERBOUGHT,1370,1042,3371223677.0,1159318220.0,0.45,0.74,VERY_BULLISH,INTERNALLY_STRONG,NONE,23895.15,2026-08-03T19:30:42
2025-12-24,-643,74.8,-2884.0,OVERBOUGHT,882,1525,2701191656.0,1487109557.0,0.32,0.72,VERY_BULLISH,INTERNALLY_STRONG,NONE,23850.25,2026-08-03T19:30:42
2025-12-26,-798,37.1,-2847.0,NEUTRAL,804,1602,2341746562.0,1843126109.0,0.4,0.74,VERY_BULLISH,INTERNALLY_STRONG,NONE,23780.25,2026-08-03T19:30:42
2025-12-29,-1129,-11.8,-2859.0,BEARISH_CROSS,640,1769,2148736173.0,3220102786.0,0.54,0.74,BULLISH,INTERNALLY_STRONG,NONE,23682.1,2026-08-03T19:30:42
2025-12-30,-482,-21.3,-2880.0,NEUTRAL,964,1446,2998949101.0,2532626301.0,0.56,0.45,BULLISH,INTERNALLY_STRONG,NONE,23668.8,2026-08-03T19:30:42
2025-12-31,1110,50.4,-2830.0,BULLISH_CROSS,1761,651,2608886115.0,4927661801.0,5.11,1.39,PANIC,NEUTRAL,NONE,23871.55,2026-08-03T19:30:42
2026-01-01,-16,55.1,-2775.0,NEUTRAL,1199,1215,4772918248.0,1174681775.0,0.24,1.37,VERY_BULLISH,NEUTRAL,NONE,23909.55,2026-08-03T19:30:42
2026-01-02,1113,115.2,-2659.0,OVERBOUGHT,1762,649,4784501636.0,812763905.0,0.46,1.38,VERY_BULLISH,NEUTRAL,NONE,24099.0,2026-08-03T19:30:42
2026-01-05,-697,75.6,-2584.0,OVERBOUGHT,860,1557,2677799673.0,2605244928.0,0.54,1.38,BULLISH,NEUTRAL,NONE,24058.45,2026-08-03T19:30:42
2026-01-06,-749,38.8,-2545.0,NEUTRAL,833,1582,2749333620.0,2057922441.0,0.39,1.35,VERY_BULLISH,NEUTRAL,NONE,24010.5,2026-08-03T19:30:42
2026-01-07,38,46.4,-2499.0,NEUTRAL,1227,1189,2412566684.0,1982401985.0,0.85,0.5,NEUTRAL,INTERNALLY_STRONG,NONE,24016.6,2026-08-03T19:30:42
2026-01-08,-1828,-40.6,-2539.0,BEARISH_CROSS,292,2120,1319871377.0,3480453871.0,0.36,0.52,VERY_BULLISH,INTERNALLY_STRONG,NONE,23680.1,2026-08-03T19:30:42
2026-01-09,-1644,-105.5,-2645.0,OVERSOLD,384,2028,1290761382.0,4842102686.0,0.71,0.57,BULLISH,INTERNALLY_STRONG,NONE,23467.35,2026-08-03T19:30:42
2026-01-12,-730,-114.9,-2759.0,OVERSOLD,843,1573,2459689709.0,2749904979.0,0.6,0.58,BULLISH,INTERNALLY_STRONG,BULLISH_DIVERGENCE,23510.45,2026-08-03T19:30:42
2026-01-13,-154,-93.5,-2853.0,OVERSOLD,1130,1284,2094164838.0,2655257252.0,1.12,0.73,NEUTRAL,INTERNALLY_STRONG,BULLISH_DIVERGENCE,23480.65,2026-08-03T19:30:42
2026-01-14,-137,-73.8,-2927.0,OVERSOLD,1139,1276,3915177393.0,918010274.0,0.21,0.6,VERY_BULLISH,INTERNALLY_STRONG,BULLISH_DIVERGENCE,23475.85,2026-08-03T19:30:42
2026-01-15,-702,-84.9,-3012.0,OVERSOLD,0,702,0.0,0.0,,0.66,NO_DATA,INTERNALLY_STRONG,BULLISH_DIVERGENCE,23475.85,2026-08-03T19:30:42
2026-01-16,-475,-82.7,-3094.0,OVERSOLD,970,1445,2955496911.0,2665893270.0,0.61,0.64,BULLISH,INTERNALLY_STRONG,BULLISH_DIVERGENCE,23485.3,2026-08-03T19:30:42
2026-01-19,-1348,-124.0,-3218.0,OVERSOLD,537,1885,2850405457.0,2850793336.0,0.28,0.56,VERY_BULLISH,INTERNALLY_STRONG,BULLISH_DIVERGENCE,23373.75,2026-08-03T19:30:42
2026-01-20,-1966,-189.5,-3408.0,OVERSOLD,228,2194,2810353018.0,4045783542.0,0.15,0.31,VERY_BULLISH,INTERNALLY_STRONG,NONE,22946.65,2026-08-03T19:30:42
2026-01-21,-1077,-200.2,-3608.0,OVERSOLD,673,1750,3975799559.0,3865085191.0,0.37,0.35,VERY_BULLISH,INTERNALLY_STRONG,NONE,22835.15,2026-08-03T19:30:42
2026-01-22,1325,-88.3,-3696.0,OVERSOLD,1874,549,3002222212.0,3742322074.0,4.25,1.13,PANIC,NEUTRAL,NONE,23008.75,2026-08-03T19:30:42
2026-01-23,-1495,-133.1,-3829.0,OVERSOLD,463,1958,2457413398.0,3116377808.0,0.3,1.07,VERY_BULLISH,NEUTRAL,NONE,22706.2,2026-08-03T19:30:42
2026-01-27,-242,-108.1,-3938.0,OVERSOLD,1094,1336,4125833899.0,2139825853.0,0.42,1.1,VERY_BULLISH,NEUTRAL,NONE,22819.25,2026-08-03T19:30:42
2026-01-28,1474,-0.4,-3938.0,NEUTRAL,1952,478,5328377939.0,793620024.0,0.61,1.19,BULLISH,NEUTRAL,NONE,23082.1,2026-08-03T19:30:42
2026-01-29,-524,-8.2,-3946.0,NEUTRAL,953,1477,4629349938.0,2157594330.0,0.3,1.18,VERY_BULLISH,NEUTRAL,NONE,23134.8,2026-08-03T19:30:42
2026-01-30,437,33.2,-3913.0,BULLISH_CROSS,1433,996,4023408442.0,4944582128.0,1.77,0.68,BEARISH,INTERNALLY_STRONG,NONE,23079.5,2026-08-03T19:30:42
2026-02-02,-198,36.7,-3876.0,NEUTRAL,1118,1316,2016301105.0,4038883797.0,1.7,0.96,BEARISH,NEUTRAL,NONE,22837.0,2026-08-03T19:30:42
2026-02-03,1828,140.8,-3735.0,OVERBOUGHT,2131,303,7085358163.0,444019486.0,0.44,0.96,VERY_BULLISH,NEUTRAL,NONE,23446.3,2026-08-03T19:30:42
2026-02-04,1015,188.5,-3547.0,OVERBOUGHT,1724,709,4928998293.0,1398094994.0,0.69,0.98,BULLISH,NEUTRAL,NONE,23534.95,2026-08-03T19:30:42
2026-02-05,-940,130.5,-3416.0,OVERBOUGHT,746,1686,1199908833.0,4034799474.0,1.49,1.22,BEARISH,NEUTRAL,NONE,23411.7,2026-08-03T19:30:42
2026-02-06,-458,104.4,-3312.0,OVERBOUGHT,987,1445,1399865066.0,3043163022.0,1.48,1.16,BEARISH,NEUTRAL,NONE,23434.0,2026-08-03T19:30:42
2026-02-09,1553,182.2,-3130.0,OVERBOUGHT,1993,440,4380780288.0,731003250.0,0.76,0.97,BULLISH,NEUTRAL,NONE,23683.4,2026-08-03T19:30:42
2026-02-10,594,199.7,-2930.0,OVERBOUGHT,1512,918,2815179529.0,1694750658.0,0.99,1.08,NEUTRAL,NEUTRAL,NONE,23753.75,2026-08-03T19:30:42
2026-02-11,-346,166.8,-2763.0,OVERBOUGHT,1043,1389,3191120123.0,1668615094.0,0.39,1.02,VERY_BULLISH,NEUTRAL,NONE,23783.05,2026-08-03T19:30:42
2026-02-12,-955,107.3,-2656.0,OVERBOUGHT,738,1693,1581439956.0,2645914820.0,0.73,0.87,BULLISH,NEUTRAL,NONE,23651.55,2026-08-03T19:30:42
2026-02-13,-1480,29.7,-2626.0,NEUTRAL,475,1955,926685301.0,3549463675.0,0.93,0.76,NEUTRAL,NEUTRAL,NONE,23313.15,2026-08-03T19:30:42
2026-02-16,-379,18.2,-2608.0,NEUTRAL,1028,1407,2206925863.0,1602803657.0,0.53,0.71,BULLISH,INTERNALLY_STRONG,NONE,23472.45,2026-08-03T19:30:42
2026-02-17,731,63.8,-2544.0,NEUTRAL,1583,852,2454811790.0,1972053685.0,1.49,0.81,BEARISH,NEUTRAL,NONE,23540.05,2026-08-03T19:30:42
2026-02-18,262,79.0,-2465.0,OVERBOUGHT,1349,1087,3333420140.0,1107388119.0,0.41,0.82,VERY_BULLISH,NEUTRAL,NONE,23645.8,2026-08-03T19:30:42
2026-02-19,-1553,0.9,-2464.0,NEUTRAL,443,1996,1025282871.0,2626970107.0,0.57,0.79,BULLISH,NEUTRAL,NONE,23297.45,2026-08-03T19:30:42
2026-02-20,-151,4.2,-2460.0,NEUTRAL,1144,1295,1942285226.0,1449110438.0,0.66,0.73,BULLISH,INTERNALLY_STRONG,NONE,23395.0,2026-08-03T19:30:42
2026-02-23,-200,4.5,-2455.0,NEUTRAL,1120,1320,2154623073.0,2652360271.0,1.04,0.83,NEUTRAL,NEUTRAL,NONE,23484.95,2026-08-03T19:30:42
2026-02-24,-1152,-42.8,-2498.0,BEARISH_CROSS,646,1798,2239305291.0,2527692665.0,0.41,0.62,VERY_BULLISH,INTERNALLY_STRONG,NONE,23304.6,2026-08-03T19:30:42
2026-02-25,115,-19.7,-2518.0,NEUTRAL,1281,1166,2225492386.0,1811224840.0,0.89,0.71,NEUTRAL,INTERNALLY_STRONG,NONE,23403.8,2026-08-03T19:30:42
2026-02-26,171,2.9,-2515.0,BULLISH_CROSS,1308,1137,2610755882.0,1810791215.0,0.8,0.76,NEUTRAL,NEUTRAL,NONE,23448.5,2026-08-03T19:30:42
2026-02-27,-987,-35.6,-2551.0,BEARISH_CROSS,728,1715,1626483174.0,3730625261.0,0.97,0.82,NEUTRAL,NEUTRAL,NONE,23166.85,2026-08-03T19:30:42
2026-03-02,-1830,-110.5,-2661.0,OVERSOLD,309,2139,2310997106.0,3775855293.0,0.24,0.66,VERY_BULLISH,INTERNALLY_STRONG,NONE,22835.95,2026-08-03T19:30:42
2026-03-04,-1746,-169.9,-2831.0,OVERSOLD,352,2098,1139375946.0,4633124618.0,0.68,0.72,BULLISH,INTERNALLY_STRONG,NONE,22409.8,2026-08-03T19:30:42
2026-03-05,945,-85.2,-2916.0,OVERSOLD,1698,753,2961467408.0,1828734001.0,1.39,0.82,BEARISH,NEUTRAL,NONE,22697.8,2026-08-03T19:30:42
2026-03-06,-716,-95.4,-3012.0,OVERSOLD,866,1582,1156569296.0,2837827192.0,1.34,0.92,BEARISH,NEUTRAL,BULLISH_DIVERGENCE,22481.3,2026-08-03T19:30:42
2026-03-09,-1760,-155.9,-3167.0,OVERSOLD,349,2109,846133115.0,3783213784.0,0.74,0.88,BULLISH,NEUTRAL,BULLISH_DIVERGENCE,22056.55,2026-08-03T19:30:42
2026-03-10,1635,-37.0,-3204.0,NEUTRAL,2047,412,3850641991.0,478367213.0,0.62,0.95,BULLISH,NEUTRAL,BULLISH_DIVERGENCE,22342.95,2026-08-03T19:30:42
2026-03-11,-609,-47.4,-3252.0,NEUTRAL,926,1535,1714039439.0,2469675984.0,0.87,0.99,NEUTRAL,NEUTRAL,BULLISH_DIVERGENCE,22042.3,2026-08-03T19:30:42
2026-03-12,-781,-64.7,-3317.0,NEUTRAL,840,1621,2243565000.0,2592421714.0,0.6,0.83,BULLISH,NEUTRAL,BULLISH_DIVERGENCE,21897.5,2026-08-03T19:30:42
2026-03-13,-1959,-138.0,-3455.0,OVERSOLD,251,2210,849160051.0,4317547236.0,0.58,0.68,BULLISH,INTERNALLY_STRONG,BULLISH_DIVERGENCE,21391.2,2026-08-03T19:30:42
2026-03-16,-837,-143.9,-3599.0,OVERSOLD,814,1651,2337393956.0,2944675919.0,0.62,0.66,BULLISH,INTERNALLY_STRONG,BULLISH_DIVERGENCE,21498.8,2026-08-03T19:30:42
2026-03-17,571,-77.9,-3676.0,OVERSOLD,1518,947,2501324011.0,1836679087.0,1.18,0.77,NEUTRAL,NEUTRAL,BULLISH_DIVERGENCE,21669.3,2026-08-03T19:30:42
2026-03-18,1679,34.4,-3642.0,BULLISH_CROSS,2072,393,4008806191.0,854739352.0,1.12,0.82,NEUTRAL,NEUTRAL,BULLISH_DIVERGENCE,21917.4,2026-08-03T19:30:42
2026-03-19,-2035,-55.5,-3697.0,BEARISH_CROSS,214,2249,1072547437.0,4320973679.0,0.38,0.78,VERY_BULLISH,NEUTRAL,BULLISH_DIVERGENCE,21225.8,2026-08-03T19:30:42
2026-03-20,400,-10.3,-3708.0,NEUTRAL,1431,1031,3965836788.0,1780317021.0,0.62,0.78,BULLISH,NEUTRAL,BULLISH_DIVERGENCE,21327.9,2026-08-03T19:30:42
2026-03-23,-2245,-103.9,-3812.0,OVERSOLD,111,2356,525490202.0,6054646092.0,0.54,0.77,BULLISH,NEUTRAL,BULLISH_DIVERGENCE,20664.25,2026-08-03T19:30:42
2026-03-24,1533,5.6,-3806.0,BULLISH_CROSS,2000,467,4880995602.0,609043510.0,0.53,0.64,BULLISH,INTERNALLY_STRONG,BULLISH_DIVERGENCE,21067.0,2026-08-03T19:30:42
2026-03-25,1482,96.5,-3710.0,OVERBOUGHT,1974,492,4702575515.0,626416348.0,0.53,0.52,BULLISH,INTERNALLY_STRONG,BULLISH_DIVERGENCE,21478.2,2026-08-03T19:30:42
2026-03-27,-1940,2.7,-3707.0,NEUTRAL,265,2205,1024540894.0,5470209232.0,0.64,0.57,BULLISH,INTERNALLY_STRONG,BULLISH_DIVERGENCE,21020.15,2026-08-03T19:30:42
2026-03-30,-1881,-74.5,-3781.0,BEARISH_CROSS,297,2178,1300135912.0,4997993160.0,0.52,0.55,BULLISH,INTERNALLY_STRONG,BULLISH_DIVERGENCE,20528.05,2026-08-03T19:30:42
2026-04-01,2151,61.4,-3720.0,BULLISH_CROSS,2313,162,4983502719.0,389013323.0,1.11,0.67,NEUTRAL,INTERNALLY_STRONG,BULLISH_DIVERGENCE,20935.15,2026-08-03T19:30:42
2026-04-02,594,99.4,-3621.0,OVERBOUGHT,1536,942,2644217260.0,2786325504.0,1.72,0.9,BEARISH,NEUTRAL,BULLISH_DIVERGENCE,20938.35,2026-08-03T19:30:42
2026-04-06,1475,175.5,-3445.0,OVERBOUGHT,1977,502,4574111722.0,483916228.0,0.42,0.88,VERY_BULLISH,NEUTRAL,BULLISH_DIVERGENCE,21194.05,2026-08-03T19:30:42
2026-04-07,593,195.6,-3249.0,OVERBOUGHT,1536,943,1993609544.0,2168588005.0,1.77,1.11,BEARISH,NEUTRAL,BULLISH_DIVERGENCE,21296.45,2026-08-03T19:30:42
2026-04-08,2127,288.5,-2961.0,OVERBOUGHT,2302,175,6456837580.0,301070965.0,0.61,1.13,BULLISH,NEUTRAL,BULLISH_DIVERGENCE,22137.1,2026-08-03T19:30:42
2026-04-09,-291,245.6,-2715.0,OVERBOUGHT,1093,1384,2911898389.0,2734878838.0,0.74,1.05,BULLISH,NEUTRAL,BULLISH_DIVERGENCE,22037.5,2026-08-03T19:30:42
2026-04-10,1732,308.8,-2407.0,OVERBOUGHT,2105,373,5285301910.0,651561812.0,0.7,0.85,BULLISH,NEUTRAL,BULLISH_DIVERGENCE,22346.75,2026-08-03T19:30:42
2026-04-13,-739,237.7,-2169.0,OVERBOUGHT,871,1610,2191051962.0,3116540745.0,0.77,0.92,BULLISH,NEUTRAL,BULLISH_DIVERGENCE,22179.05,2026-08-03T19:30:42
2026-04-15,2000,312.8,-1856.0,OVERBOUGHT,2241,241,5649958480.0,326337088.0,0.54,0.67,BULLISH,INTERNALLY_STRONG,BULLISH_DIVERGENCE,22595.55,2026-08-03T19:30:42
2026-04-16,768,313.7,-1542.0,OVERBOUGHT,1626,858,4578836233.0,1178075772.0,0.49,0.65,VERY_BULLISH,INTERNALLY_STRONG,BULLISH_DIVERGENCE,22656.3,2026-08-03T19:30:42
2026-04-17,1240,336.6,-1206.0,OVERBOUGHT,1842,602,4667872163.0,1349605409.0,0.88,0.68,NEUTRAL,INTERNALLY_STRONG,BULLISH_DIVERGENCE,22869.4,2026-08-03T19:30:42
2026-04-20,-749,255.0,-951.0,OVERBOUGHT,896,1645,2004969305.0,3210412473.0,0.87,0.71,NEUTRAL,INTERNALLY_STRONG,BULLISH_DIVERGENCE,22865.8,2026-08-03T19:30:42
2026-04-21,682,255.6,-695.0,OVERBOUGHT,1613,931,3466843877.0,1231971375.0,0.62,0.68,BULLISH,INTERNALLY_STRONG,BULLISH_DIVERGENCE,23042.35,2026-08-03T19:30:42
2026-04-22,418,241.5,-454.0,OVERBOUGHT,1479,1061,3429361393.0,1626948949.0,0.66,0.7,BULLISH,INTERNALLY_STRONG,BULLISH_DIVERGENCE,22991.5,2026-08-03T19:30:42
2026-04-23,-845,165.2,-289.0,OVERBOUGHT,845,1690,2002201380.0,2809943993.0,0.7,0.75,BULLISH,NEUTRAL,BULLISH_DIVERGENCE,22810.85,2026-08-03T19:30:42
2026-04-24,-1570,62.8,-226.0,NEUTRAL,478,2048,1120153301.0,3285725310.0,0.68,0.71,BULLISH,INTERNALLY_STRONG,BULLISH_DIVERGENCE,22570.05,2026-08-03T19:30:42
2026-04-27,1579,132.4,-93.0,OVERBOUGHT,2050,471,3994212902.0,479315702.0,0.52,0.64,BULLISH,INTERNALLY_STRONG,BULLISH_DIVERGENCE,22821.4,2026-08-03T19:30:42
2026-04-28,-503,87.2,-6.0,OVERBOUGHT,1007,1510,3242906773.0,1893128764.0,0.39,0.59,VERY_BULLISH,INTERNALLY_STRONG,BULLISH_DIVERGENCE,22765.6,2026-08-03T19:30:42
2026-04-29,-136,66.4,60.0,NEUTRAL,1189,1325,3248713778.0,1803519336.0,0.5,0.56,BULLISH,INTERNALLY_STRONG,BULLISH_DIVERGENCE,22871.0,2026-08-03T19:30:42
2026-04-30,-834,13.5,74.0,NEUTRAL,832,1666,1818867140.0,2841961395.0,0.78,0.57,BULLISH,INTERNALLY_STRONG,BULLISH_DIVERGENCE,22683.55,2026-08-03T19:30:42
2026-05-01,-710,-25.7,48.0,BEARISH_CROSS,0,710,0.0,0.0,,0.55,NO_DATA,INTERNALLY_STRONG,BULLISH_DIVERGENCE,22683.55,2026-08-03T19:30:42
2026-05-04,762,14.5,63.0,BULLISH_CROSS,1631,869,4101546942.0,1360452808.0,0.62,0.57,BULLISH,INTERNALLY_STRONG,BULLISH_DIVERGENCE,22830.75,2026-08-03T19:30:42
2026-05-05,-323,-5.4,57.0,BEARISH_CROSS,1087,1410,2986225635.0,1876433011.0,0.48,0.6,VERY_BULLISH,INTERNALLY_STRONG,BULLISH_DIVERGENCE,22808.25,2026-08-03T19:30:42
2026-05-06,1386,63.0,120.0,BULLISH_CROSS,1941,555,4871281305.0,840628178.0,0.6,0.62,BULLISH,INTERNALLY_STRONG,BULLISH_DIVERGENCE,23133.4,2026-08-03T19:30:42
2026-05-07,959,99.9,220.0,OVERBOUGHT,1728,769,3765638080.0,1672767003.0,1.0,0.68,NEUTRAL,INTERNALLY_STRONG,BULLISH_DIVERGENCE,23214.0,2026-08-03T19:30:42
2026-05-08,-411,62.4,283.0,NEUTRAL,1041,1452,2875885453.0,2066646671.0,0.52,0.64,BULLISH,INTERNALLY_STRONG,BULLISH_DIVERGENCE,23115.65,2026-08-03T19:30:42
2026-05-11,-1349,-16.8,266.0,BEARISH_CROSS,573,1922,3565140188.0,2887318643.0,0.24,0.57,VERY_BULLISH,INTERNALLY_STRONG,BULLISH_DIVERGENCE,22795.75,2026-08-03T19:30:42
2026-05-12,-1939,-114.0,152.0,OVERSOLD,274,2213,1188488672.0,4844846517.0,0.5,0.57,BULLISH,INTERNALLY_STRONG,BULLISH_DIVERGENCE,22299.9,2026-08-03T19:30:42
2026-05-13,445,-77.4,74.0,OVERSOLD,1463,1018,5405851667.0,1065423223.0,0.28,0.51,VERY_BULLISH,INTERNALLY_STRONG,BULLISH_DIVERGENCE,22377.35,2026-08-03T19:30:42
2026-05-14,83,-63.7,11.0,NEUTRAL,1281,1198,4123131166.0,1371065380.0,0.36,0.38,VERY_BULLISH,INTERNALLY_STRONG,NONE,22613.1,2026-08-03T19:30:42
2026-05-15,-837,-97.7,-87.0,OVERSOLD,818,1655,2162230307.0,3883699140.0,0.89,0.45,NEUTRAL,INTERNALLY_STRONG,NONE,22531.15,2026-08-03T19:30:42
2026-05-18,-1242,-146.6,-234.0,OVERSOLD,614,1856,1403630757.0,3793337977.0,0.89,0.58,NEUTRAL,INTERNALLY_STRONG,NONE,22461.05,2026-08-03T19:30:42
2026-05-19,875,-81.7,-315.0,OVERSOLD,1689,814,4230925156.0,1105615739.0,0.54,0.59,BULLISH,INTERNALLY_STRONG,NONE,22521.75,2026-08-03T19:30:42
2026-05-20,26,-68.4,-384.0,NEUTRAL,1264,1238,3024484175.0,1457397350.0,0.49,0.63,VERY_BULLISH,INTERNALLY_STRONG,NONE,22578.15,2026-08-03T19:30:42
2026-05-21,381,-38.8,-423.0,NEUTRAL,1441,1060,3390838337.0,1433013070.0,0.57,0.68,BULLISH,INTERNALLY_STRONG,NONE,22602.85,2026-08-03T19:30:42
2026-05-22,39,-30.5,-453.0,NEUTRAL,1271,1232,3051514320.0,1307889246.0,0.44,0.59,VERY_BULLISH,INTERNALLY_STRONG,NONE,22651.3,2026-08-03T19:30:42
2026-05-25,1101,29.9,-423.0,BULLISH_CROSS,1804,703,4219389038.0,817670440.0,0.5,0.51,BULLISH,INTERNALLY_STRONG,NONE,22929.45,2026-08-03T19:30:42
2026-05-26,-179,17.4,-406.0,NEUTRAL,1164,1343,3171758385.0,1988698869.0,0.54,0.51,BULLISH,INTERNALLY_STRONG,NONE,22897.2,2026-08-03T19:30:42
2026-05-27,165,23.8,-382.0,NEUTRAL,1335,1170,5284607157.0,1441231638.0,0.31,0.47,VERY_BULLISH,INTERNALLY_STRONG,NONE,22967.4,2026-08-03T19:30:42
2026-05-28,-929,-25.6,-408.0,BEARISH_CROSS,0,929,0.0,0.0,,0.45,NO_DATA,INTERNALLY_STRONG,NONE,22967.4,2026-08-03T19:30:42
2026-05-29,-1106,-76.5,-484.0,OVERSOLD,699,1805,3393671120.0,6073926539.0,0.69,0.51,BULLISH,INTERNALLY_STRONG,BEARISH_DIVERGENCE,22657.0,2026-08-03T19:30:42
2026-06-01,-1024,-115.5,-600.0,OVERSOLD,741,1765,1489539492.0,4207864235.0,1.19,0.68,NEUTRAL,INTERNALLY_STRONG,BEARISH_DIVERGENCE,22437.95,2026-08-03T19:30:42
2026-06-02,601,-67.1,-667.0,NEUTRAL,1552,951,3893128917.0,1463803689.0,0.61,0.7,BULLISH,INTERNALLY_STRONG,BEARISH_DIVERGENCE,22521.1,2026-08-03T19:30:42
2026-06-03,-558,-83.3,-750.0,OVERSOLD,971,1529,4017657288.0,1820407291.0,0.29,0.7,VERY_BULLISH,INTERNALLY_STRONG,BEARISH_DIVERGENCE,22451.85,2026-08-03T19:30:42
2026-06-04,164,-60.6,-810.0,NEUTRAL,1331,1167,4040378844.0,1778458870.0,0.5,0.66,BULLISH,INTERNALLY_STRONG,BEARISH_DIVERGENCE,22497.7,2026-08-03T19:30:42
2026-06-05,-260,-62.1,-873.0,NEUTRAL,1116,1376,3582540911.0,1898469268.0,0.43,0.6,VERY_BULLISH,INTERNALLY_STRONG,BEARISH_DIVERGENCE,22465.35,2026-08-03T19:30:42
2026-06-08,-1683,-134.2,-1007.0,OVERSOLD,405,2088,769372168.0,4258451730.0,1.07,0.58,NEUTRAL,INTERNALLY_STRONG,BEARISH_DIVERGENCE,22173.7,2026-08-03T19:30:42
2026-06-09,1299,-46.1,-1053.0,NEUTRAL,1894,595,3905788519.0,1647364711.0,1.34,0.73,BEARISH,INTERNALLY_STRONG,BEARISH_DIVERGENCE,22370.15,2026-08-03T19:30:42
2026-06-10,-1316,-101.3,-1154.0,OVERSOLD,586,1902,1560763302.0,3981446210.0,0.79,0.83,BULLISH,NEUTRAL,BEARISH_DIVERGENCE,22233.85,2026-08-03T19:30:42
2026-06-11,-1289,-146.7,-1301.0,OVERSOLD,596,1885,2167094889.0,2906451844.0,0.42,0.81,VERY_BULLISH,NEUTRAL,BEARISH_DIVERGENCE,22114.45,2026-08-03T19:30:42
2026-06-12,1839,-28.3,-1329.0,NEUTRAL,2159,320,5214957757.0,267736054.0,0.35,0.79,VERY_BULLISH,NEUTRAL,BEARISH_DIVERGENCE,22599.8,2026-08-03T19:30:42
2026-06-15,1336,47.9,-1281.0,BULLISH_CROSS,1907,571,4958986090.0,797377626.0,0.54,0.69,BULLISH,INTERNALLY_STRONG,BEARISH_DIVERGENCE,22891.3,2026-08-03T19:30:42
2026-06-16,342,63.1,-1218.0,NEUTRAL,1411,1069,2956304474.0,2495911216.0,1.11,0.64,NEUTRAL,INTERNALLY_STRONG,BEARISH_DIVERGENCE,22997.25,2026-08-03T19:30:42
2026-06-17,316,74.5,-1144.0,OVERBOUGHT,1397,1081,4262513980.0,1411451585.0,0.43,0.57,VERY_BULLISH,INTERNALLY_STRONG,BEARISH_DIVERGENCE,23109.7,2026-08-03T19:30:42
2026-06-18,414,88.8,-1055.0,OVERBOUGHT,1443,1029,3326077025.0,1941090691.0,0.82,0.65,NEUTRAL,INTERNALLY_STRONG,NONE,23206.45,2026-08-03T19:30:42
2026-06-19,-77,76.0,-979.0,OVERBOUGHT,1196,1273,2766121764.0,3108624657.0,1.06,0.79,NEUTRAL,NEUTRAL,NONE,23144.2,2026-08-03T19:30:42
2026-06-22,757,106.4,-873.0,OVERBOUGHT,1588,831,3066745543.0,1480191794.0,0.92,0.87,NEUTRAL,NEUTRAL,BEARISH_DIVERGENCE,23261.85,2026-08-03T19:30:42
2026-06-23,-1281,29.9,-843.0,NEUTRAL,565,1846,1160768695.0,3755512027.0,0.99,0.84,NEUTRAL,NEUTRAL,BEARISH_DIVERGENCE,23010.95,2026-08-03T19:30:42
2026-06-24,72,32.0,-811.0,NEUTRAL,1240,1168,2428621748.0,2321347508.0,1.01,0.96,NEUTRAL,NEUTRAL,BEARISH_DIVERGENCE,23126.3,2026-08-03T19:30:42
2026-06-25,-838,-11.8,-822.0,BEARISH_CROSS,784,1622,1596254176.0,3456980513.0,1.05,1.01,NEUTRAL,NEUTRAL,BEARISH_DIVERGENCE,23113.7,2026-08-03T19:30:42
2026-06-29,-740,-44.3,-867.0,NEUTRAL,832,1572,3756296659.0,2277199111.0,0.32,0.86,VERY_BULLISH,NEUTRAL,BEARISH_DIVERGENCE,23000.0,2026-08-03T19:30:42
2026-06-30,264,-21.7,-889.0,NEUTRAL,1335,1071,3402931250.0,2040966234.0,0.75,0.82,BULLISH,NEUTRAL,BEARISH_DIVERGENCE,22995.65,2026-08-03T19:30:42
2026-07-01,285,-1.2,-890.0,NEUTRAL,1346,1061,3958745705.0,1446789464.0,0.46,0.72,VERY_BULLISH,INTERNALLY_STRONG,BEARISH_DIVERGENCE,23111.65,2026-08-03T19:30:42
2026-07-02,870,45.5,-844.0,BULLISH_CROSS,1633,763,3959958512.0,1473695268.0,0.8,0.68,NEUTRAL,INTERNALLY_STRONG,BEARISH_DIVERGENCE,23264.8,2026-08-03T19:30:42
2026-07-03,70,45.3,-799.0,NEUTRAL,1227,1157,3191308085.0,2719837746.0,0.9,0.65,NEUTRAL,INTERNALLY_STRONG,BEARISH_DIVERGENCE,23301.15,2026-08-03T19:30:42
2026-07-06,-222,30.3,-769.0,NEUTRAL,1082,1304,1763348341.0,2726246831.0,1.28,0.84,BEARISH,NEUTRAL,BEARISH_DIVERGENCE,23433.95,2026-08-03T19:30:42
2026-07-07,-866,-14.9,-784.0,BEARISH_CROSS,758,1624,1645409782.0,2950719605.0,0.84,0.86,NEUTRAL,NEUTRAL,BEARISH_DIVERGENCE,23368.85,2026-08-03T19:30:42
2026-07-08,-1734,-96.9,-880.0,OVERSOLD,322,2056,1941622079.0,3605900459.0,0.29,0.82,VERY_BULLISH,NEUTRAL,BEARISH_DIVERGENCE,22908.05,2026-08-03T19:30:42
2026-07-09,1396,-10.0,-890.0,NEUTRAL,1885,489,4301846123.0,863343999.0,0.77,0.82,BULLISH,NEUTRAL,BEARISH_DIVERGENCE,23081.15,2026-08-03T19:30:42
2026-07-10,1146,51.9,-839.0,BULLISH_CROSS,1758,612,3865845744.0,638822256.0,0.47,0.73,VERY_BULLISH,INTERNALLY_STRONG,BEARISH_DIVERGENCE,23348.4,2026-08-03T19:30:42
2026-07-13,54,49.9,-789.0,NEUTRAL,1216,1162,2188236391.0,2267060699.0,1.08,0.69,NEUTRAL,INTERNALLY_STRONG,BEARISH_DIVERGENCE,23347.05,2026-08-03T19:30:42
2026-07-14,-1255,-17.5,-806.0,BEARISH_CROSS,561,1816,1254359624.0,2843417920.0,0.7,0.66,BULLISH,INTERNALLY_STRONG,BEARISH_DIVERGENCE,23199.45,2026-08-03T19:30:42
2026-07-15,236,-0.5,-807.0,NEUTRAL,1309,1073,3187231418.0,1678585546.0,0.64,0.73,BULLISH,INTERNALLY_STRONG,BEARISH_DIVERGENCE,23263.9,2026-08-03T19:30:42
2026-07-16,-370,-16.2,-823.0,NEUTRAL,1008,1378,2107351812.0,2008553307.0,0.7,0.72,BULLISH,INTERNALLY_STRONG,BEARISH_DIVERGENCE,23232.65,2026-08-03T19:30:42
2026-07-17,-734,-47.8,-871.0,NEUTRAL,823,1557,1744473605.0,2714712169.0,0.82,0.79,NEUTRAL,NEUTRAL,BEARISH_DIVERGENCE,23336.3,2026-08-03T19:30:42
2026-07-20,203,-27.7,-898.0,NEUTRAL,1293,1090,2572019683.0,1611750605.0,0.74,0.72,BULLISH,INTERNALLY_STRONG,BEARISH_DIVERGENCE,23338.05,2026-08-03T19:30:42
2026-07-21,36,-18.8,-917.0,NEUTRAL,1213,1177,2813346403.0,1377587326.0,0.5,0.68,BULLISH,INTERNALLY_STRONG,NONE,23352.15,2026-08-03T19:30:42
2026-07-22,-1214,-73.5,-991.0,OVERSOLD,587,1801,1428138283.0,2749318480.0,0.63,0.68,BULLISH,INTERNALLY_STRONG,NONE,23145.05,2026-08-03T19:30:42
2026-07-23,-1115,-115.0,-1106.0,OVERSOLD,636,1751,1348546414.0,2785359028.0,0.75,0.69,BULLISH,INTERNALLY_STRONG,NONE,22982.4,2026-08-03T19:30:42
2026-07-24,-147,-101.5,-1207.0,OVERSOLD,1121,1268,1764290635.0,2352825105.0,1.18,0.76,NEUTRAL,NEUTRAL,NONE,22913.3,2026-08-03T19:30:42
2026-07-27,1028,-30.7,-1238.0,NEUTRAL,1718,690,2736788307.0,1070084250.0,0.97,0.81,NEUTRAL,NEUTRAL,NONE,23153.1,2026-08-03T19:30:42
2026-07-28,-1010,-71.9,-1310.0,OVERSOLD,700,1710,1383196643.0,2665377071.0,0.79,0.86,BULLISH,NEUTRAL,NONE,23114.9,2026-08-03T19:30:42
2026-07-29,735,-19.5,-1329.0,NEUTRAL,1571,836,3079463697.0,1152582873.0,0.7,0.88,BULLISH,NEUTRAL,NONE,23352.6,2026-08-03T19:30:42
2026-07-30,-731,-47.9,-1377.0,NEUTRAL,839,1570,1771584835.0,2069383326.0,0.62,0.85,BULLISH,NEUTRAL,NONE,23353.55,2026-08-03T19:30:42
2026-07-31,581,-6.4,-1384.0,NEUTRAL,1495,914,3213182286.0,1024292174.0,0.52,0.72,BULLISH,INTERNALLY_STRONG,NONE,23460.7,2026-08-03T19:30:42
2026-08-03,1135,56.8,-1327.0,BULLISH_CROSS,1775,640,3374831234.0,1098980757.0,0.9,0.71,NEUTRAL,INTERNALLY_STRONG,NONE,23802.85,2026-08-03T19:30:42
