SYMBOL,FNO_PCR,FNO_OI_CHANGE_5D,FNO_PRICE_CHANGE,FNO_BUILDUP,FNO_MAX_PAIN,FNO_SIGNAL
360ONE,0.494,22.94,0.65,LONG_BUILDUP,1040.0,NEUTRAL
ABB,0.649,169.75,-1.16,SHORT_BUILDUP,7300.0,BEAR
ABCAPITAL,1.059,201.07,1.86,LONG_BUILDUP,350.0,BULL
ADANIENSOL,0.646,147.65,-4.24,SHORT_BUILDUP,1340.0,BEAR
ADANIENT,0.75,118.77,5.8,LONG_BUILDUP,2400.0,MILD_BULL
ADANIGREEN,0.744,193.73,0.02,LONG_BUILDUP,1200.0,MILD_BULL
ADANIPORTS,0.804,159.36,4.8,LONG_BUILDUP,1600.0,MILD_BULL
ADANIPOWER,0.642,62.82,4.61,LONG_BUILDUP,215.0,NEUTRAL
ALKEM,0.862,78.08,2.76,LONG_BUILDUP,5400.0,MILD_BULL
AMBER,0.528,95.22,2.72,LONG_BUILDUP,8000.0,NEUTRAL
AMBUJACEM,0.808,238.55,-1.01,SHORT_BUILDUP,460.0,MILD_BEAR
ANGELONE,0.681,90.38,-1.71,SHORT_BUILDUP,305.0,BEAR
APLAPOLLO,0.763,236.36,-4.67,SHORT_BUILDUP,2000.0,MILD_BEAR
APOLLOHOSP,0.653,129.14,-0.58,SHORT_BUILDUP,7700.0,BEAR
ASHOKLEY,0.646,122.38,-4.37,SHORT_BUILDUP,170.0,BEAR
ASIANPAINT,1.041,163.95,-1.21,SHORT_BUILDUP,2480.0,NEUTRAL
ASTRAL,0.717,157.51,-2.39,SHORT_BUILDUP,1560.0,MILD_BEAR
AUBANK,0.542,141.49,-4.24,SHORT_BUILDUP,1030.0,BEAR
AUROPHARMA,0.601,388.2,-1.62,SHORT_BUILDUP,1400.0,BEAR
AXISBANK,0.701,223.17,-6.78,SHORT_BUILDUP,1300.0,MILD_BEAR
BAJAJ-AUTO,0.886,127.87,4.69,LONG_BUILDUP,9700.0,MILD_BULL
BAJAJFINSV,1.008,166.06,-1.19,SHORT_BUILDUP,1800.0,NEUTRAL
BAJAJHLDNG,0.448,94.67,0.41,LONG_BUILDUP,10400.0,NEUTRAL
BAJFINANCE,0.707,112.33,2.35,LONG_BUILDUP,930.0,MILD_BULL
BANDHANBNK,0.622,209.7,14.93,LONG_BUILDUP,190.0,NEUTRAL
BANKBARODA,0.84,182.78,-3.16,SHORT_BUILDUP,275.0,MILD_BEAR
BANKINDIA,0.894,236.75,-5.07,SHORT_BUILDUP,150.0,MILD_BEAR
BANKNIFTY,0.901,61.62,-1.8,SHORT_BUILDUP,56500.0,MILD_BEAR
BDL,0.565,126.93,-2.11,SHORT_BUILDUP,1400.0,BEAR
BEL,0.655,138.92,-2.55,SHORT_BUILDUP,440.0,BEAR
BHARATFORG,0.783,73.77,1.85,LONG_BUILDUP,1880.0,MILD_BULL
BHARTIARTL,0.828,159.32,4.34,LONG_BUILDUP,1880.0,MILD_BULL
BHEL,0.935,265.81,4.89,LONG_BUILDUP,337.5,MILD_BULL
BIOCON,0.469,64.12,3.22,LONG_BUILDUP,360.0,NEUTRAL
BLUESTARCO,0.66,194.81,-2.96,SHORT_BUILDUP,1840.0,BEAR
BOSCHLTD,0.802,109.13,-1.46,SHORT_BUILDUP,36750.0,MILD_BEAR
BPCL,0.59,73.99,-2.12,SHORT_BUILDUP,310.0,BEAR
BRITANNIA,0.763,129.38,0.39,LONG_BUILDUP,5700.0,MILD_BULL
BSE,0.909,111.23,5.79,LONG_BUILDUP,3500.0,MILD_BULL
CAMS,0.846,170.07,-4.4,SHORT_BUILDUP,760.0,MILD_BEAR
CANBK,1.037,187.3,-4.01,SHORT_BUILDUP,140.0,NEUTRAL
CDSL,0.924,235.6,-3.41,SHORT_BUILDUP,1320.0,MILD_BEAR
CGPOWER,0.826,216.68,-0.73,SHORT_BUILDUP,810.0,MILD_BEAR
CHOLAFIN,0.717,160.16,0.32,LONG_BUILDUP,1540.0,MILD_BULL
CIPLA,0.69,214.2,1.63,LONG_BUILDUP,1300.0,NEUTRAL
COALINDIA,0.713,98.14,5.92,LONG_BUILDUP,465.0,MILD_BULL
COCHINSHIP,0.685,219.63,4.67,LONG_BUILDUP,1700.0,NEUTRAL
COFORGE,0.634,145.33,3.8,LONG_BUILDUP,1200.0,NEUTRAL
COLPAL,0.692,195.78,-3.35,SHORT_BUILDUP,2120.0,BEAR
CONCOR,0.752,102.83,1.64,LONG_BUILDUP,520.0,MILD_BULL
CROMPTON,0.458,195.08,9.08,LONG_BUILDUP,272.5,NEUTRAL
CUMMINSIND,0.866,165.98,1.29,LONG_BUILDUP,5200.0,MILD_BULL
DABUR,0.684,171.28,-1.6,SHORT_BUILDUP,450.0,BEAR
DALBHARAT,0.631,268.12,-2.15,SHORT_BUILDUP,1940.0,BEAR
DELHIVERY,0.39,146.27,4.15,LONG_BUILDUP,455.0,NEUTRAL
DIVISLAB,0.746,169.52,2.93,LONG_BUILDUP,6450.0,MILD_BULL
DIXON,0.917,262.41,3.46,LONG_BUILDUP,11200.0,MILD_BULL
DLF,0.876,99.99,0.6,LONG_BUILDUP,600.0,MILD_BULL
DMART,0.693,203.27,3.52,LONG_BUILDUP,4550.0,NEUTRAL
DRREDDY,0.58,190.09,1.0,LONG_BUILDUP,1320.0,NEUTRAL
EICHERMOT,0.866,176.06,0.61,LONG_BUILDUP,7200.0,MILD_BULL
ETERNAL,0.534,147.39,-3.46,SHORT_BUILDUP,252.5,BEAR
EXIDEIND,0.675,194.94,5.59,LONG_BUILDUP,350.0,NEUTRAL
FEDERALBNK,0.511,158.6,-2.01,SHORT_BUILDUP,290.0,BEAR
FINNIFTY,0.445,35.85,-1.66,SHORT_BUILDUP,26000.0,BEAR
FORCEMOT,0.398,418.9,-3.64,SHORT_BUILDUP,20000.0,BEAR
FORTIS,0.563,127.73,-0.07,SHORT_BUILDUP,900.0,BEAR
GAIL,1.069,208.23,-0.94,SHORT_BUILDUP,165.0,NEUTRAL
GLENMARK,0.573,313.37,5.43,LONG_BUILDUP,2340.0,NEUTRAL
GMRAIRPORT,0.605,106.48,2.42,LONG_BUILDUP,98.0,NEUTRAL
GODFRYPHLP,0.406,144.01,7.02,LONG_BUILDUP,2200.0,NEUTRAL
GODREJCP,0.939,107.47,-2.56,SHORT_BUILDUP,1100.0,MILD_BEAR
GODREJPROP,0.815,210.18,3.92,LONG_BUILDUP,1820.0,MILD_BULL
GRASIM,0.813,231.51,2.01,LONG_BUILDUP,2800.0,MILD_BULL
HAL,0.875,86.42,2.34,LONG_BUILDUP,4400.0,MILD_BULL
HAVELLS,0.492,253.08,-0.14,SHORT_BUILDUP,1280.0,BEAR
HCLTECH,0.539,227.82,-0.22,SHORT_BUILDUP,1220.0,BEAR
HDFCAMC,0.736,187.05,-0.19,SHORT_BUILDUP,2740.0,MILD_BEAR
HDFCBANK,0.553,159.51,-1.06,SHORT_BUILDUP,795.0,BEAR
HDFCLIFE,0.626,120.83,0.17,LONG_BUILDUP,600.0,NEUTRAL
HEROMOTOCO,0.645,133.63,3.03,LONG_BUILDUP,5100.0,NEUTRAL
HINDALCO,0.756,145.73,-0.33,SHORT_BUILDUP,1040.0,MILD_BEAR
HINDPETRO,1.049,111.57,0.71,LONG_BUILDUP,380.0,BULL
HINDUNILVR,0.538,131.13,-2.83,SHORT_BUILDUP,2300.0,BEAR
HINDZINC,0.629,137.97,1.35,LONG_BUILDUP,600.0,NEUTRAL
HYUNDAI,0.989,322.68,1.4,LONG_BUILDUP,1800.0,MILD_BULL
ICICIBANK,0.646,209.56,-4.34,SHORT_BUILDUP,1300.0,BEAR
ICICIGI,0.617,114.89,-0.36,SHORT_BUILDUP,1800.0,BEAR
ICICIPRULI,0.68,137.55,0.5,LONG_BUILDUP,530.0,NEUTRAL
IDEA,0.509,132.01,7.66,LONG_BUILDUP,10.0,NEUTRAL
IDFCFIRSTB,0.923,205.56,3.98,LONG_BUILDUP,70.0,MILD_BULL
IEX,0.612,157.47,0.66,LONG_BUILDUP,127.0,NEUTRAL
INDHOTEL,1.306,118.49,0.59,LONG_BUILDUP,660.0,BULL
INDIANB,0.585,196.8,-6.15,SHORT_BUILDUP,880.0,BEAR
INDIGO,0.796,148.23,-4.83,SHORT_BUILDUP,4450.0,MILD_BEAR
INDUSINDBK,1.037,125.22,8.65,LONG_BUILDUP,900.0,BULL
INDUSTOWER,0.781,125.28,2.49,LONG_BUILDUP,410.0,MILD_BULL
INFY,0.614,163.8,2.44,LONG_BUILDUP,1200.0,NEUTRAL
INOXWIND,0.697,148.94,0.88,LONG_BUILDUP,101.0,NEUTRAL
IOC,0.808,174.08,-0.32,SHORT_BUILDUP,147.0,MILD_BEAR
IREDA,0.754,121.87,-0.8,SHORT_BUILDUP,140.0,MILD_BEAR
IRFC,0.788,150.11,-0.25,SHORT_BUILDUP,106.0,MILD_BEAR
ITC,0.563,99.16,4.41,LONG_BUILDUP,312.5,NEUTRAL
JINDALSTEL,0.954,150.1,-2.13,SHORT_BUILDUP,1250.0,MILD_BEAR
JIOFIN,0.662,202.0,0.55,LONG_BUILDUP,250.0,NEUTRAL
JSWENERGY,0.69,265.74,3.17,LONG_BUILDUP,550.0,NEUTRAL
JSWSTEEL,0.883,378.12,1.03,LONG_BUILDUP,1260.0,MILD_BULL
JUBLFOOD,0.784,142.34,-3.19,SHORT_BUILDUP,480.0,MILD_BEAR
KALYANKJIL,0.667,140.81,2.51,LONG_BUILDUP,420.0,NEUTRAL
KAYNES,0.733,170.08,-4.93,SHORT_BUILDUP,4200.0,MILD_BEAR
KEI,0.818,149.5,1.09,LONG_BUILDUP,4900.0,MILD_BULL
KFINTECH,0.515,252.77,-9.09,SHORT_BUILDUP,950.0,BEAR
KOTAKBANK,0.982,265.2,3.88,LONG_BUILDUP,385.0,MILD_BULL
KPITTECH,0.811,95.72,7.25,LONG_BUILDUP,750.0,MILD_BULL
LAURUSLABS,0.586,157.21,-0.69,SHORT_BUILDUP,1100.0,BEAR
LICHSGFIN,0.664,194.64,3.3,LONG_BUILDUP,550.0,NEUTRAL
LICI,0.655,153.06,-2.43,SHORT_BUILDUP,820.0,BEAR
LODHA,0.595,57.02,7.17,LONG_BUILDUP,900.0,NEUTRAL
LT,0.977,111.83,0.41,LONG_BUILDUP,4100.0,MILD_BULL
LTF,0.823,153.96,-3.46,SHORT_BUILDUP,290.0,MILD_BEAR
LTM,0.693,172.65,-0.85,SHORT_BUILDUP,4300.0,BEAR
LUPIN,0.801,99.05,0.73,LONG_BUILDUP,2300.0,MILD_BULL
M&M,0.891,178.08,2.37,LONG_BUILDUP,3140.0,MILD_BULL
MANAPPURAM,0.537,127.14,2.12,LONG_BUILDUP,280.0,NEUTRAL
MANKIND,1.126,359.55,-0.7,SHORT_BUILDUP,2300.0,NEUTRAL
MARICO,0.786,199.84,-0.53,SHORT_BUILDUP,785.0,MILD_BEAR
MARUTI,0.472,123.18,2.72,LONG_BUILDUP,13200.0,NEUTRAL
MAXHEALTH,0.556,178.72,0.0,SHORT_BUILDUP,1010.0,BEAR
MAZDOCK,0.495,74.85,2.2,LONG_BUILDUP,2720.0,NEUTRAL
MCX,0.758,150.91,7.78,LONG_BUILDUP,2850.0,MILD_BULL
MFSL,1.19,172.9,0.59,LONG_BUILDUP,1600.0,BULL
MIDCPNIFTY,1.025,68.4,0.8,LONG_BUILDUP,13900.0,BULL
MOTHERSON,0.715,114.89,-3.12,SHORT_BUILDUP,125.0,MILD_BEAR
MOTILALOFS,0.738,79.53,3.11,LONG_BUILDUP,800.0,MILD_BULL
MPHASIS,0.679,100.5,5.31,LONG_BUILDUP,2280.0,NEUTRAL
MUTHOOTFIN,0.768,105.04,-1.81,SHORT_BUILDUP,3500.0,MILD_BEAR
NAM-INDIA,0.545,163.35,3.25,LONG_BUILDUP,1000.0,NEUTRAL
NATIONALUM,0.577,113.93,-9.08,SHORT_BUILDUP,425.0,BEAR
NAUKRI,0.464,297.69,-1.15,SHORT_BUILDUP,1000.0,BEAR
NBCC,0.788,146.95,-1.21,SHORT_BUILDUP,95.0,MILD_BEAR
NESTLEIND,0.903,183.94,3.02,LONG_BUILDUP,1430.0,MILD_BULL
NHPC,0.568,323.54,1.8,LONG_BUILDUP,84.0,NEUTRAL
NIFTY,0.983,23.55,0.73,LONG_BUILDUP,24050.0,MILD_BULL
NIFTYNXT50,0.231,57.05,-0.09,SHORT_BUILDUP,69000.0,BEAR
NMDC,0.514,120.12,1.67,LONG_BUILDUP,90.0,NEUTRAL
NTPC,0.436,127.19,-0.14,SHORT_BUILDUP,405.0,BEAR
NUVAMA,0.576,45.91,-1.55,SHORT_BUILDUP,1360.0,BEAR
NYKAA,0.822,132.69,1.42,LONG_BUILDUP,265.0,MILD_BULL
OBEROIRLTY,0.346,124.52,-1.01,SHORT_BUILDUP,1720.0,BEAR
OFSS,0.97,182.13,7.6,LONG_BUILDUP,9200.0,MILD_BULL
OIL,0.524,141.95,3.62,LONG_BUILDUP,495.0,NEUTRAL
ONGC,0.517,95.76,5.76,LONG_BUILDUP,295.0,NEUTRAL
PAGEIND,0.562,124.45,-1.82,SHORT_BUILDUP,37000.0,BEAR
PATANJALI,0.804,90.48,-0.78,SHORT_BUILDUP,490.0,MILD_BEAR
PAYTM,1.105,140.94,-4.36,SHORT_BUILDUP,1110.0,NEUTRAL
PERSISTENT,0.615,119.28,1.45,LONG_BUILDUP,4850.0,NEUTRAL
PETRONET,1.162,111.63,1.58,LONG_BUILDUP,280.0,BULL
PFC,0.563,151.9,-3.9,SHORT_BUILDUP,460.0,BEAR
PGEL,0.975,73.64,-2.02,SHORT_BUILDUP,550.0,MILD_BEAR
PHOENIXLTD,0.733,139.38,-0.33,SHORT_BUILDUP,1800.0,MILD_BEAR
PIDILITIND,0.695,156.43,-0.58,SHORT_BUILDUP,1400.0,BEAR
PIIND,0.558,194.24,-0.16,SHORT_BUILDUP,3100.0,BEAR
PNB,0.831,131.42,-2.96,SHORT_BUILDUP,114.0,MILD_BEAR
PNBHOUSING,0.776,136.82,1.83,LONG_BUILDUP,1030.0,MILD_BULL
POLICYBZR,0.733,220.93,-1.72,SHORT_BUILDUP,1700.0,MILD_BEAR
POLYCAB,1.446,136.95,1.44,LONG_BUILDUP,8000.0,BULL
POWERGRID,0.698,159.55,0.65,LONG_BUILDUP,320.0,NEUTRAL
POWERINDIA,0.87,125.84,4.77,LONG_BUILDUP,32000.0,MILD_BULL
PREMIERENE,0.891,135.2,-0.51,SHORT_BUILDUP,1020.0,MILD_BEAR
PRESTIGE,1.145,105.52,3.63,LONG_BUILDUP,1420.0,BULL
RBLBANK,0.786,90.38,5.38,LONG_BUILDUP,325.0,MILD_BULL
RECLTD,0.618,92.54,-5.15,SHORT_BUILDUP,370.0,BEAR
RELIANCE,0.854,119.9,7.92,LONG_BUILDUP,1400.0,MILD_BULL
RVNL,0.688,246.07,-2.15,SHORT_BUILDUP,300.0,BEAR
SAIL,0.555,90.82,4.23,LONG_BUILDUP,180.0,NEUTRAL
SAMMAANCAP,0.674,125.1,1.16,LONG_BUILDUP,145.0,NEUTRAL
SBICARD,0.621,78.18,-4.14,SHORT_BUILDUP,670.0,BEAR
SBILIFE,0.69,65.8,3.2,LONG_BUILDUP,1840.0,NEUTRAL
SBIN,0.755,83.83,-3.53,SHORT_BUILDUP,1100.0,MILD_BEAR
SHREECEM,0.862,141.98,-3.73,SHORT_BUILDUP,25000.0,MILD_BEAR
SHRIRAMFIN,0.479,204.77,-7.22,SHORT_BUILDUP,960.0,BEAR
SIEMENS,0.611,145.19,0.13,LONG_BUILDUP,3800.0,NEUTRAL
SOLARINDS,0.731,142.68,2.83,LONG_BUILDUP,15250.0,MILD_BULL
SONACOMS,0.763,80.12,7.73,LONG_BUILDUP,600.0,MILD_BULL
SRF,0.907,87.71,1.59,LONG_BUILDUP,2540.0,MILD_BULL
SUNPHARMA,0.755,324.13,12.24,LONG_BUILDUP,1740.0,MILD_BULL
SUPREMEIND,0.463,108.18,-1.28,SHORT_BUILDUP,3700.0,BEAR
SUZLON,0.451,118.32,3.1,LONG_BUILDUP,55.0,NEUTRAL
SWIGGY,0.696,215.44,-5.92,SHORT_BUILDUP,280.0,BEAR
TATACONSUM,0.616,19.35,-2.04,SHORT_BUILDUP,1160.0,BEAR
TATAELXSI,0.454,256.79,-1.06,SHORT_BUILDUP,4200.0,BEAR
TATAPOWER,0.697,98.43,2.85,LONG_BUILDUP,450.0,NEUTRAL
TATASTEEL,0.613,114.6,0.79,LONG_BUILDUP,210.0,NEUTRAL
TCS,0.807,173.92,1.64,LONG_BUILDUP,2500.0,MILD_BULL
TECHM,0.776,183.55,8.35,LONG_BUILDUP,1440.0,MILD_BULL
TIINDIA,1.025,216.23,-0.04,SHORT_BUILDUP,3000.0,NEUTRAL
TITAN,0.78,120.75,-0.25,SHORT_BUILDUP,4400.0,MILD_BEAR
TMPV,0.86,236.37,-1.72,SHORT_BUILDUP,355.0,MILD_BEAR
TORNTPHARM,0.786,165.05,1.8,LONG_BUILDUP,4200.0,MILD_BULL
TRENT,0.42,197.5,-3.38,SHORT_BUILDUP,4200.0,BEAR
TVSMOTOR,0.687,129.67,0.79,LONG_BUILDUP,3500.0,NEUTRAL
ULTRACEMCO,0.423,191.29,-3.09,SHORT_BUILDUP,12000.0,BEAR
UNIONBANK,0.571,264.27,-6.02,SHORT_BUILDUP,175.0,BEAR
UNITDSPR,0.717,180.5,-4.13,SHORT_BUILDUP,1400.0,MILD_BEAR
UNOMINDA,0.47,212.84,1.11,LONG_BUILDUP,1140.0,NEUTRAL
UPL,0.787,69.52,2.17,LONG_BUILDUP,650.0,MILD_BULL
VBL,0.538,111.59,5.19,LONG_BUILDUP,500.0,NEUTRAL
VEDL,0.431,-43.81,-62.13,LONG_UNWINDING,280.0,BEAR
VMM,0.571,78.27,-0.32,SHORT_BUILDUP,125.0,BEAR
VOLTAS,0.726,206.64,-1.99,SHORT_BUILDUP,1480.0,MILD_BEAR
WAAREEENER,0.502,138.12,-5.27,SHORT_BUILDUP,3300.0,BEAR
WIPRO,0.551,183.22,-1.3,SHORT_BUILDUP,200.0,BEAR
YESBANK,0.472,140.67,0.8,LONG_BUILDUP,20.0,NEUTRAL
ZYDUSLIFE,0.778,217.58,-3.38,SHORT_BUILDUP,930.0,MILD_BEAR
