date_issued,symbol,sector,company,signal,setup_class,action_bucket,action_reason,investment_score,technical_score,rsi,supertrend_state,price_at_issue,entry_low,entry_high,stop_loss,target_1,target_2,regime_at_issue,fno_pcr,fno_oi_change_5d,fno_buildup,fno_signal,fii_flow_signal,insider_alert,insider_score,insider_detail,date_resolved,price_at_resolution,return_pct,hit_target,hit_stop
2026-05-04,GLENMARK,Pharma & Healthcare,GLENMARK PHARMACEUTICALS,BUY,NEUTRAL,BREAKOUT_WATCH,Near high/base setup; wait for price and volume breakout confirmation.,76.31,69.3,71.1,BULLISH,2403.7,2379.66,2149.0,2236.88,2159.8,2736.61,BEAR_TREND,0.573,313.37,LONG_BUILDUP,NEUTRAL,DII_ABSORBING,,,,,,,,
2026-05-04,ASTERDM,Pharma & Healthcare,ASTER DM HEALTHCARE LTD.,BUY,NEUTRAL,BREAKOUT_WATCH,Near high/base setup; wait for price and volume breakout confirmation.,75.39,70.7,60.1,BULLISH,705.3,698.25,660.68,656.36,664.0,802.99,BEAR_TREND,,,,,DII_ABSORBING,,,,,,,,
2026-05-04,BLISSGVS,Pharma & Healthcare,BLISS GVS PHARMA LTD,HOLD,NEUTRAL,WATCHLIST,Mixed setup; wait for cleaner confirmation.,74.16,63.3,64.1,BULLISH,269.26,266.57,242.68,250.58,243.9,306.56,BEAR_TREND,,,,,DII_ABSORBING,,,,,,,,
2026-05-04,COALINDIA,Metals & Mining,COAL INDIA LTD,BUY,NEUTRAL,WATCHLIST,Mixed setup; wait for cleaner confirmation.,74.04,79.3,62.8,BULLISH,467.0,462.33,456.21,434.59,458.5,531.68,BEAR_TREND,0.713,98.14,LONG_BUILDUP,MILD_BULL,DII_ABSORBING,,,,,,,,
2026-05-04,AUROPHARMA,Pharma & Healthcare,AUROBINDO PHARMA LTD,HOLD,NEUTRAL,BREAKOUT_WATCH,Near high/base setup; wait for price and volume breakout confirmation.,72.59,64.7,68.3,BULLISH,1422.6,1408.37,1244.65,1323.87,1250.9,1619.63,BEAR_TREND,0.601,388.2,SHORT_BUILDUP,BEAR,DII_ABSORBING,,,,,,,,
2026-05-04,ASTRAMICRO,Defence & Aerospace,ASTRA MICROWAVE LTD,BUY,NEUTRAL,BREAKOUT_WATCH,Near high/base setup; wait for price and volume breakout confirmation.,71.23,66.0,60.6,BULLISH,1096.3,1085.34,1033.8,1020.22,1039.0,1248.14,BEAR_TREND,,,,,DII_ABSORBING,,,,,,,,
2026-05-04,DATAPATTNS,Defence & Aerospace,DATA PATTERNS INDIA LTD,HOLD,NEUTRAL,BREAKOUT_WATCH,Near high/base setup; wait for price and volume breakout confirmation.,69.12,56.7,71.3,BULLISH,4059.9,4019.3,3404.89,3778.14,3422.0,4622.2,BEAR_TREND,,,,,DII_ABSORBING,,,,,,,,
2026-05-04,AZAD,Defence & Aerospace,AZAD ENGINEERING LIMITED,HOLD,NEUTRAL,WATCHLIST,Mixed setup; wait for cleaner confirmation.,65.12,58.0,79.3,BULLISH,2201.0,2178.99,1760.16,2048.25,1769.0,2505.84,BEAR_TREND,,,,,DII_ABSORBING,,,,,,,,
2026-05-04,DALMIASUG,FMCG & Consumer Goods,DALMIA BHARAT SUG IN LTD,HOLD,NEUTRAL,WATCHLIST,Mixed setup; wait for cleaner confirmation.,64.65,60.0,54.0,BULLISH,372.95,369.22,333.32,347.07,335.0,424.6,BEAR_TREND,,,,,DII_ABSORBING,,,,,,,,
2026-05-04,MTARTECH,Defence & Aerospace,MTAR TECHNOLOGIES LIMITED,WEAK_HOLD,NEUTRAL,WATCHLIST,Mixed setup; wait for cleaner confirmation.,64.25,48.0,75.3,BULLISH,5292.1,5239.18,3900.4,4924.83,3920.0,6025.06,BEAR_TREND,,,,,DII_ABSORBING,BULK_DEAL_BUY,0.0,Bulk Deal Buy: JUMP TRADING FINANCIAL INDIA P ₹101.8Cr; Bulk Deal Sell: JUMP TRADING FINANCIAL INDIA P ₹102.4Cr,,,,,
2026-05-04,TATAPOWER,Energy - Power,TATA POWER CO LTD,HOLD,NEUTRAL,WATCHLIST,Mixed setup; wait for cleaner confirmation.,63.43,56.7,80.3,BULLISH,461.8,457.18,383.47,429.75,385.4,525.76,BEAR_TREND,0.697,98.43,LONG_BUILDUP,NEUTRAL,DII_ABSORBING,,,,,,,,
2026-05-04,WELCORP,Metals & Mining,WELSPUN CORP LIMITED,WEAK_HOLD,NEUTRAL,WATCHLIST,Mixed setup; wait for cleaner confirmation.,62.66,47.3,88.7,BULLISH,1226.4,1214.14,840.78,1141.29,845.0,1396.26,BEAR_TREND,,,,,DII_ABSORBING,,,,,,,,
2026-05-04,CESC,Energy - Power,CESC LTD,HOLD,NEUTRAL,WATCHLIST,Mixed setup; wait for cleaner confirmation.,62.53,58.0,85.8,BULLISH,191.27,189.36,161.16,178.0,161.97,217.76,BEAR_TREND,,,,,DII_ABSORBING,,,,,,,,
2026-05-04,DCXINDIA,Defence & Aerospace,DCX SYSTEMS LIMITED,HOLD,NEUTRAL,BREAKOUT_WATCH,Near high/base setup; wait for price and volume breakout confirmation.,61.68,60.7,63.4,BULLISH,201.56,199.54,190.43,187.57,191.39,229.47,BEAR_TREND,,,,,DII_ABSORBING,,,,,,,,
2026-05-04,SUNPHARMA,Pharma & Healthcare,SUN PHARMACEUTICAL IND L,HOLD,LEADER_BREAKOUT,WATCHLIST,Mixed setup; wait for cleaner confirmation.,61.21,50.7,55.8,BULLISH,1747.3,1729.83,1782.25,1707.61,1794.9,1785.38,BEAR_TREND,0.755,324.13,LONG_BUILDUP,MILD_BULL,DII_ABSORBING,,,,,,,,
2026-05-04,APOLLOHOSP,Pharma & Healthcare,APOLLO HOSPITALS ENTER. L,HOLD,NEUTRAL,WATCHLIST,Mixed setup; wait for cleaner confirmation.,60.27,60.0,57.4,BULLISH,7753.0,7675.47,7831.15,7506.4,7870.5,8098.15,BEAR_TREND,0.653,129.14,SHORT_BUILDUP,BEAR,DII_ABSORBING,,,,,,,,
2026-05-04,BALRAMCHIN,FMCG & Consumer Goods,BALRAMPUR CHINI MILLS LTD,HOLD,NEUTRAL,WATCHLIST,Mixed setup; wait for cleaner confirmation.,59.58,57.3,54.3,BULLISH,508.7,503.61,500.73,473.39,503.25,579.15,BEAR_TREND,,,,,DII_ABSORBING,,,,,,,,
2026-05-04,JSWENERGY,Energy - Power,JSW ENERGY LIMITED,HOLD,NEUTRAL,WATCHLIST,Mixed setup; wait for cleaner confirmation.,59.58,54.7,71.2,BULLISH,580.9,575.09,503.72,540.58,506.25,661.35,BEAR_TREND,0.69,265.74,LONG_BUILDUP,NEUTRAL,DII_ABSORBING,,,,,,,,
2026-05-04,AEROFLEX,Defence & Aerospace,AEROFLEX INDUSTRIES LTD,HOLD,NEUTRAL,WATCHLIST,Mixed setup; wait for cleaner confirmation.,59.53,52.7,58.7,BULLISH,293.03,290.1,238.69,272.69,239.89,333.62,BEAR_TREND,,,,,DII_ABSORBING,,,,,,,,
2026-05-04,SAIL,Metals & Mining,STEEL AUTHORITY OF INDIA,HOLD,NEUTRAL,WATCHLIST,Mixed setup; wait for cleaner confirmation.,58.47,54.7,76.2,BULLISH,185.63,183.77,167.37,172.74,168.21,211.34,BEAR_TREND,0.555,90.82,LONG_BUILDUP,NEUTRAL,DII_ABSORBING,,,,,,,,
2026-05-04,NTPC,Energy - Power,NTPC LTD,HOLD,NEUTRAL,WATCHLIST,Mixed setup; wait for cleaner confirmation.,58.23,51.3,66.4,BULLISH,406.85,402.78,386.61,378.61,388.55,463.2,BEAR_TREND,0.436,127.19,SHORT_BUILDUP,BEAR,DII_ABSORBING,,,,,,,,
2026-05-04,RADICO,FMCG & Consumer Goods,RADICO KHAITAN LTD,HOLD,NEUTRAL,WATCHLIST,Mixed setup; wait for cleaner confirmation.,58.11,52.7,71.7,BULLISH,3399.2,3365.21,2843.41,3163.3,2857.7,3869.99,BEAR_TREND,,,,,DII_ABSORBING,,,,,,,,
2026-05-04,NATIONALUM,Metals & Mining,NATIONAL ALUMINIUM CO LTD,HOLD,NEUTRAL,WATCHLIST,Mixed setup; wait for cleaner confirmation.,55.66,55.3,65.7,BULLISH,441.5,437.08,402.28,410.86,404.3,502.64,BEAR_TREND,0.577,113.93,SHORT_BUILDUP,BEAR,DII_ABSORBING,,,,,,,,
2026-05-04,ZYDUSLIFE,Pharma & Healthcare,ZYDUS LIFESCIENCES LTD,HOLD,NEUTRAL,WATCHLIST,Mixed setup; wait for cleaner confirmation.,54.87,52.0,48.9,BULLISH,911.3,902.19,929.53,888.1,947.55,937.42,BEAR_TREND,0.778,217.58,SHORT_BUILDUP,MILD_BEAR,DII_ABSORBING,,,,,,,,
2026-05-04,VEDL,Metals & Mining,VEDANTA LIMITED,HOLD,NEUTRAL,WATCHLIST,Mixed setup; wait for cleaner confirmation.,52.89,62.7,53.8,BULLISH,739.3,731.91,734.66,688.0,738.35,841.7,BEAR_TREND,0.431,-43.81,LONG_UNWINDING,BEAR,DII_ABSORBING,,,,,,,,
2026-05-04,DRREDDY,Pharma & Healthcare,DR. REDDY S LABORATORIES,WEAK_HOLD,NEUTRAL,WATCHLIST,Mixed setup; wait for cleaner confirmation.,52.87,46.0,66.8,BULLISH,1354.6,1341.05,1320.36,1260.59,1327.0,1542.21,BEAR_TREND,0.58,190.09,LONG_BUILDUP,NEUTRAL,DII_ABSORBING,,,,,,,,
2026-05-04,TORNTPOWER,Energy - Power,TORRENT POWER LTD,HOLD,NEUTRAL,WATCHLIST,Mixed setup; wait for cleaner confirmation.,52.28,50.7,73.8,BULLISH,1754.9,1737.35,1596.98,1633.11,1605.0,1997.95,BEAR_TREND,,,,,DII_ABSORBING,,,,,,,,
2026-05-04,MARICO,FMCG & Consumer Goods,MARICO LIMITED,WEAK_HOLD,NEUTRAL,WATCHLIST,Mixed setup; wait for cleaner confirmation.,49.55,38.7,58.9,BULLISH,780.85,773.04,796.47,762.7,813.5,798.89,BEAR_TREND,0.786,199.84,SHORT_BUILDUP,MILD_BEAR,DII_ABSORBING,,,,,,,,
2026-05-04,NLCINDIA,Energy - Power,NLC INDIA LIMITED,HOLD,WEAK_TREND,AVOID,Weak trend or sell signal; avoid fresh exposure until repaired.,49.15,50.0,73.5,BEARISH,318.15,314.97,269.89,296.07,271.25,362.22,BEAR_TREND,,,,,DII_ABSORBING,,,,,,,,
2026-05-04,COCHINSHIP,Defence & Aerospace,COCHIN SHIPYARD LIMITED,HOLD,WEAK_TREND,AVOID,Weak trend or sell signal; avoid fresh exposure until repaired.,49.03,60.7,72.7,BEARISH,1695.6,1678.64,1566.63,1577.92,1574.5,1930.44,BEAR_TREND,0.685,219.63,LONG_BUILDUP,NEUTRAL,DII_ABSORBING,,,,,,,,
2026-05-04,HINDALCO,Metals & Mining,HINDALCO  INDUSTRIES  LTD,HOLD,WEAK_TREND,AVOID,Weak trend or sell signal; avoid fresh exposure until repaired.,48.03,58.7,72.0,BEARISH,1074.3,1063.56,978.58,999.75,983.5,1223.09,BEAR_TREND,0.756,145.73,SHORT_BUILDUP,MILD_BEAR,DII_ABSORBING,,,,,,,,
2026-05-04,IMFA,Metals & Mining,INDIAN METALS & FERRO,BUY,WEAK_TREND,AVOID,Weak trend or sell signal; avoid fresh exposure until repaired.,46.93,65.3,71.7,BEARISH,1631.9,1615.58,1470.31,1518.65,1477.7,1857.92,BEAR_TREND,,,,,DII_ABSORBING,,,,,,,,
2026-05-04,NTPCGREEN,Energy - Power,NTPC GREEN ENERGY LIMITED,HOLD,WEAK_TREND,AVOID,Weak trend or sell signal; avoid fresh exposure until repaired.,44.42,51.3,67.1,BEARISH,115.81,114.65,90.64,107.77,91.1,131.85,BEAR_TREND,,,,,DII_ABSORBING,,,,,,,,
2026-05-04,ADANIPOWER,Energy - Power,ADANI POWER LTD,WEAK_HOLD,NEUTRAL,WATCHLIST,Mixed setup; wait for cleaner confirmation.,42.71,45.3,88.3,BULLISH,223.35,221.12,156.12,207.85,156.9,254.29,BEAR_TREND,0.642,62.82,LONG_BUILDUP,NEUTRAL,DII_ABSORBING,,,,,,,,
2026-05-04,NESTLEIND,FMCG & Consumer Goods,NESTLE INDIA LIMITED,HOLD,WEAK_TREND,AVOID,Weak trend or sell signal; avoid fresh exposure until repaired.,42.13,57.3,79.9,BEARISH,1440.0,1425.6,1328.13,1340.06,1334.8,1639.44,BEAR_TREND,0.903,183.94,LONG_BUILDUP,MILD_BULL,DII_ABSORBING,,,,,,,,
2026-05-04,VBL,FMCG & Consumer Goods,VARUN BEVERAGES LIMITED,HOLD,WEAK_TREND,AVOID,Weak trend or sell signal; avoid fresh exposure until repaired.,41.95,52.7,74.7,BEARISH,518.55,513.36,462.08,482.56,464.4,590.36,BEAR_TREND,0.538,111.59,LONG_BUILDUP,NEUTRAL,DII_ABSORBING,,,,,,,,
2026-05-04,WEBELSOLAR,Defence & Aerospace,WEBSOL ENERGY SYSTEM LTD,WEAK_HOLD,WEAK_TREND,AVOID,Weak trend or sell signal; avoid fresh exposure until repaired.,41.19,41.3,83.9,BEARISH,122.2,120.98,73.8,113.72,74.17,139.13,BEAR_TREND,,,,,DII_ABSORBING,,,,,,,,
2026-05-04,OBEROIRLTY,Realty,OBEROI REALTY LIMITED,WEAK_HOLD,WEAK_TREND,AVOID,Weak trend or sell signal; avoid fresh exposure until repaired.,31.65,46.7,63.9,BEARISH,1710.3,1693.2,1574.89,1591.61,1582.8,1947.18,BEAR_TREND,0.346,124.52,SHORT_BUILDUP,BEAR,DII_ABSORBING,,,,,,,,
2026-05-04,JUBLINGREA,FMCG & Consumer Goods,JUBILANT INGREVIA LIMITED,WEAK_HOLD,WEAK_TREND,AVOID,Weak trend or sell signal; avoid fresh exposure until repaired.,28.91,44.7,69.2,BEARISH,720.3,713.1,678.49,670.31,681.9,820.07,BEAR_TREND,,,,,DII_ABSORBING,,,,,,,,
2026-05-04,MOIL,Metals & Mining,MOIL LIMITED,HOLD,WEAK_TREND,AVOID,Weak trend or sell signal; avoid fresh exposure until repaired.,28.49,59.3,65.3,BEARISH,332.0,328.68,328.2,308.96,329.85,377.98,BEAR_TREND,,,,,DII_ABSORBING,,,,,,,,
2026-05-04,BRIGADE,Realty,BRIGADE ENTER. LTD,HOLD,WEAK_TREND,AVOID,Weak trend or sell signal; avoid fresh exposure until repaired.,26.8,50.7,68.1,BEARISH,800.65,792.64,807.64,745.08,811.7,911.54,BEAR_TREND,,,,,DII_ABSORBING,,,,,,,,
2026-05-04,JUBLPHARMA,FMCG & Consumer Goods,JUBILANT PHARMOVA LTD,WEAK_HOLD,WEAK_TREND,AVOID,Weak trend or sell signal; avoid fresh exposure until repaired.,25.42,45.3,66.1,BEARISH,942.45,933.03,961.3,930.58,977.6,939.14,BEAR_TREND,,,,,DII_ABSORBING,,,,,,,,
2026-05-04,GODREJPROP,Realty,GODREJ PROPERTIES LTD,WEAK_HOLD,WEAK_TREND,AVOID,Weak trend or sell signal; avoid fresh exposure until repaired.,17.96,36.7,63.6,BEARISH,1824.6,1806.35,1861.09,1872.21,1894.4,1641.7,BEAR_TREND,0.815,210.18,LONG_BUILDUP,MILD_BULL,DII_ABSORBING,,,,,,,,
2026-05-04,SOBHA,Realty,SOBHA LIMITED,SELL,WEAK_TREND,AVOID,Weak trend or sell signal; avoid fresh exposure until repaired.,14.24,29.3,67.2,BEARISH,1435.8,1421.44,1464.52,1474.53,1562.9,1288.72,BEAR_TREND,,,,,DII_ABSORBING,,,,,,,,
2026-05-04,ANANTRAJ,Realty,ANANT RAJ LIMITED,SELL,WEAK_TREND,AVOID,Weak trend or sell signal; avoid fresh exposure until repaired.,12.16,27.3,51.2,BEARISH,493.1,488.17,502.96,540.94,582.8,356.25,BEAR_TREND,,,,,DII_ABSORBING,,,,,,,,
2026-05-04,PRESTIGE,Realty,PRESTIGE ESTATE LTD,SELL,WEAK_TREND,AVOID,Weak trend or sell signal; avoid fresh exposure until repaired.,9.3,22.7,61.4,BEARISH,1402.6,1388.57,1430.65,1484.53,1604.7,1148.67,BEAR_TREND,1.145,105.52,LONG_BUILDUP,BULL,DII_ABSORBING,,,,,,,,
2026-05-04,LODHA,Realty,LODHA DEVELOPERS LIMITED,SELL,WEAK_TREND,AVOID,Weak trend or sell signal; avoid fresh exposure until repaired.,3.14,28.0,57.8,BEARISH,882.9,874.07,900.56,1013.47,1113.2,525.58,BEAR_TREND,0.595,57.02,LONG_BUILDUP,NEUTRAL,DII_ABSORBING,,,,,,,,
2026-05-04,DLF,Realty,DLF LIMITED,SELL,WEAK_TREND,AVOID,Weak trend or sell signal; avoid fresh exposure until repaired.,0.86,22.0,54.0,BEARISH,587.9,582.02,599.66,624.09,676.6,476.84,BEAR_TREND,0.876,99.99,LONG_BUILDUP,MILD_BULL,DII_ABSORBING,,,,,,,,
2026-05-04,BELRISE,Defence & Aerospace,BELRISE,WEAK_HOLD,NEUTRAL,WATCHLIST,Mixed setup; wait for cleaner confirmation.,60.24,35.3,72.8,BULLISH,215.7,213.54,192.77,200.73,193.74,245.57,ROTATION,,,,,DII_ABSORBING,,,,,,,,
2026-05-04,RRKABEL,Defence & Aerospace,RRKABEL,HOLD,NEUTRAL,WATCHLIST,Mixed setup; wait for cleaner confirmation.,56.27,50.7,80.8,BULLISH,1609.0,1592.91,1570.31,1497.34,1578.2,1831.85,ROTATION,,,,,DII_ABSORBING,,,,,,,,
2026-05-04,LUPIN,Pharma & Healthcare,Lupin Limited,WEAK_HOLD,NEUTRAL,WATCHLIST,Mixed setup; wait for cleaner confirmation.,52.71,38.7,50.9,BULLISH,2302.7,2279.67,2348.75,2214.91,2361.6,2441.57,ROTATION,0.801,99.05,LONG_BUILDUP,MILD_BULL,DII_ABSORBING,,,,,,,,
2026-05-04,MIDHANI,Defence & Aerospace,MIDHANI,WEAK_HOLD,NEUTRAL,WATCHLIST,Mixed setup; wait for cleaner confirmation.,46.23,42.7,90.0,BULLISH,393.3,389.37,377.8,366.01,379.7,447.78,ROTATION,,,,,DII_ABSORBING,,,,,,,,
2026-05-04,POWERGRID,Energy - Power,Power Grid Corporation of India Limited,SELL,WEAK_TREND,AVOID,Weak trend or sell signal; avoid fresh exposure until repaired.,41.65,33.3,78.7,BULLISH,319.0,315.81,310.14,296.86,311.7,363.18,ROTATION,0.698,159.55,LONG_BUILDUP,NEUTRAL,DII_ABSORBING,,,,,,,,
2026-05-04,JSL,Metals & Mining,JSL,WEAK_HOLD,WEAK_TREND,AVOID,Weak trend or sell signal; avoid fresh exposure until repaired.,40.96,42.0,69.9,BEARISH,773.85,766.11,789.33,810.86,814.95,654.24,ROTATION,,,,,DII_ABSORBING,,,,,,,,
2026-05-04,TATASTEEL,Metals & Mining,Tata Steel Limited,WEAK_HOLD,WEAK_TREND,AVOID,Weak trend or sell signal; avoid fresh exposure until repaired.,39.69,41.3,85.1,BEARISH,215.05,212.9,215.37,218.94,216.45,197.81,ROTATION,0.613,114.6,LONG_BUILDUP,NEUTRAL,DII_ABSORBING,,,,,,,,
2026-05-04,ORIENTBELL,Defence & Aerospace,ORIENTBELL,WEAK_HOLD,WEAK_TREND,AVOID,Weak trend or sell signal; avoid fresh exposure until repaired.,36.72,44.0,70.5,BEARISH,320.7,317.49,312.88,314.5,314.45,324.95,ROTATION,,,,,DII_ABSORBING,,,,,,,,
2026-05-04,TATACONSUM,FMCG & Consumer Goods,Tata Consumer Products Limited,SELL,WEAK_TREND,AVOID,Weak trend or sell signal; avoid fresh exposure until repaired.,32.92,34.0,75.8,BEARISH,1147.7,1136.22,1170.65,1180.87,1185.0,1024.59,ROTATION,0.616,19.35,SHORT_BUILDUP,BEAR,DII_ABSORBING,,,,,,,,
2026-05-04,SUNTECK,Realty,SUNTECK,SELL,WEAK_TREND,AVOID,Weak trend or sell signal; avoid fresh exposure until repaired.,22.09,21.3,75.0,BEARISH,352.2,348.68,359.24,420.15,421.75,170.02,ROTATION,,,,,DII_ABSORBING,,,,,,,,
2026-05-04,PURVA,Realty,PURVA,SELL,WEAK_TREND,AVOID,Weak trend or sell signal; avoid fresh exposure until repaired.,14.09,21.3,69.9,BEARISH,215.76,213.6,220.08,205.99,283.0,232.63,ROTATION,,,,,DII_ABSORBING,,,,,,,,
2026-05-05,GLENMARK,Pharma & Healthcare,GLENMARK,HOLD,NEUTRAL,BREAKOUT_WATCH,Near high/base setup; wait for price and volume breakout confirmation.,64.03,52.7,83.2,BULLISH,2403.7,2379.66,2149.0,2236.88,2159.8,2736.61,ROTATION,0.573,313.37,LONG_BUILDUP,NEUTRAL,DII_ABSORBING,,,,,,,,
2026-05-05,COALINDIA,Metals & Mining,COALINDIA,HOLD,NEUTRAL,WATCHLIST,Mixed setup; wait for cleaner confirmation.,63.29,50.0,52.4,BULLISH,467.0,462.33,456.21,434.59,458.5,531.68,ROTATION,0.713,98.14,LONG_BUILDUP,MILD_BULL,DII_ABSORBING,,,,,,,,
2026-05-05,SUNPHARMA,Pharma & Healthcare,SUNPHARMA,WEAK_HOLD,NEUTRAL,WATCHLIST,Mixed setup; wait for cleaner confirmation.,62.23,42.7,54.2,BULLISH,1747.3,1729.83,1782.25,1707.61,1794.9,1785.38,ROTATION,0.755,324.13,LONG_BUILDUP,MILD_BULL,DII_ABSORBING,,,,,,,,
2026-05-05,BELRISE,Defence & Aerospace,BELRISE,WEAK_HOLD,NEUTRAL,WATCHLIST,Mixed setup; wait for cleaner confirmation.,60.24,35.3,72.8,BULLISH,215.7,213.54,192.77,200.73,193.74,245.57,ROTATION,,,,,DII_ABSORBING,,,,,,,,
2026-05-05,LUPIN,Pharma & Healthcare,Lupin Limited,WEAK_HOLD,NEUTRAL,WATCHLIST,Mixed setup; wait for cleaner confirmation.,56.71,38.7,50.9,BULLISH,2302.7,2279.67,2348.75,2214.91,2361.6,2441.57,ROTATION,0.801,99.05,LONG_BUILDUP,MILD_BULL,DII_ABSORBING,,,,,,,,
2026-05-05,BLISSGVS,Pharma & Healthcare,BLISSGVS,WEAK_HOLD,NEUTRAL,WATCHLIST,Mixed setup; wait for cleaner confirmation.,56.37,37.3,70.0,BULLISH,269.26,266.57,242.68,250.58,243.9,306.56,ROTATION,,,,,DII_ABSORBING,,,,,,,,
2026-05-05,RRKABEL,Defence & Aerospace,RRKABEL,HOLD,NEUTRAL,WATCHLIST,Mixed setup; wait for cleaner confirmation.,56.27,50.7,80.8,BULLISH,1609.0,1592.91,1570.31,1497.34,1578.2,1831.85,ROTATION,,,,,DII_ABSORBING,,,,,,,,
2026-05-05,ASTERDM,Pharma & Healthcare,Aster DM Healthcare Limited,WEAK_HOLD,NEUTRAL,BREAKOUT_WATCH,Near high/base setup; wait for price and volume breakout confirmation.,56.18,43.3,67.1,BULLISH,705.3,698.25,660.68,656.36,664.0,802.99,ROTATION,,,,,DII_ABSORBING,,,,,,,,
2026-05-05,AUROPHARMA,Pharma & Healthcare,Aurobindo Pharma Limited,WEAK_HOLD,NEUTRAL,BREAKOUT_WATCH,Near high/base setup; wait for price and volume breakout confirmation.,55.3,36.7,74.1,BULLISH,1422.6,1408.37,1244.65,1323.87,1250.9,1619.63,ROTATION,0.601,388.2,SHORT_BUILDUP,BEAR,DII_ABSORBING,,,,,,,,
2026-05-05,ZYDUSLIFE,Pharma & Healthcare,ZYDUSLIFE,WEAK_HOLD,NEUTRAL,WATCHLIST,Mixed setup; wait for cleaner confirmation.,53.71,38.7,61.6,BULLISH,911.3,902.19,929.53,888.1,947.55,937.42,ROTATION,0.778,217.58,SHORT_BUILDUP,MILD_BEAR,DII_ABSORBING,,,,,,,,
2026-05-05,VEDL,Metals & Mining,Vedanta Limited,HOLD,NEUTRAL,WATCHLIST,Mixed setup; wait for cleaner confirmation.,53.0,50.0,57.9,BULLISH,739.3,731.91,734.66,688.0,738.35,841.7,ROTATION,0.431,-43.81,LONG_UNWINDING,BEAR,DII_ABSORBING,,,,,,,,
2026-05-05,TATAPOWER,Energy - Power,Tata Power Company Limited,WEAK_HOLD,NEUTRAL,WATCHLIST,Mixed setup; wait for cleaner confirmation.,51.96,42.0,93.0,BULLISH,461.8,457.18,383.47,429.75,385.4,525.76,ROTATION,0.697,98.43,LONG_BUILDUP,NEUTRAL,DII_ABSORBING,,,,,,,,
2026-05-05,JSWENERGY,Energy - Power,JSWENERGY,WEAK_HOLD,NEUTRAL,WATCHLIST,Mixed setup; wait for cleaner confirmation.,48.68,36.0,80.5,BULLISH,580.9,575.09,503.72,540.58,506.25,661.35,ROTATION,0.69,265.74,LONG_BUILDUP,NEUTRAL,DII_ABSORBING,,,,,,,,
2026-05-05,MARICO,FMCG & Consumer Goods,Marico Limited,SELL,WEAK_TREND,AVOID,Weak trend or sell signal; avoid fresh exposure until repaired.,48.16,32.0,64.6,BULLISH,780.85,773.04,796.47,762.7,813.5,798.89,ROTATION,0.786,199.84,SHORT_BUILDUP,MILD_BEAR,DII_ABSORBING,,,,,,,,
2026-05-05,NATIONALUM,Metals & Mining,National Aluminium Company Limited,WEAK_HOLD,NEUTRAL,WATCHLIST,Mixed setup; wait for cleaner confirmation.,47.72,44.0,66.7,BULLISH,441.5,437.08,402.28,410.86,404.3,502.64,ROTATION,0.577,113.93,SHORT_BUILDUP,BEAR,DII_ABSORBING,,,,,,,,
2026-05-05,RADICO,FMCG & Consumer Goods,RADICO,WEAK_HOLD,NEUTRAL,WATCHLIST,Mixed setup; wait for cleaner confirmation.,46.68,36.0,83.0,BULLISH,3399.2,3365.21,2843.41,3163.3,2857.7,3869.99,ROTATION,,,,,DII_ABSORBING,,,,,,,,
2026-05-05,APOLLOHOSP,Pharma & Healthcare,APOLLOHOSP,SELL,WEAK_TREND,AVOID,Weak trend or sell signal; avoid fresh exposure until repaired.,46.46,34.7,69.5,BULLISH,7753.0,7675.47,7831.15,7506.4,7870.5,8098.15,ROTATION,0.653,129.14,SHORT_BUILDUP,BEAR,DII_ABSORBING,,,,,,,,
2026-05-05,MIDHANI,Defence & Aerospace,MIDHANI,WEAK_HOLD,NEUTRAL,WATCHLIST,Mixed setup; wait for cleaner confirmation.,46.23,42.7,90.0,BULLISH,393.3,389.37,377.8,366.01,379.7,447.78,ROTATION,,,,,DII_ABSORBING,,,,,,,,
2026-05-05,NTPC,Energy - Power,NTPC Limited,SELL,WEAK_TREND,AVOID,Weak trend or sell signal; avoid fresh exposure until repaired.,45.92,34.0,82.2,BULLISH,406.85,402.78,386.61,378.61,388.55,463.2,ROTATION,0.436,127.19,SHORT_BUILDUP,BEAR,DII_ABSORBING,,,,,,,,
2026-05-05,ASTRAMICRO,Defence & Aerospace,ASTRAMICRO,SELL,WEAK_TREND,AVOID,Weak trend or sell signal; avoid fresh exposure until repaired.,45.68,34.7,68.8,BULLISH,1096.3,1085.34,1033.8,1020.22,1039.0,1248.14,ROTATION,,,,,DII_ABSORBING,,,,,,,,
2026-05-05,BALRAMCHIN,FMCG & Consumer Goods,BALRAMCHIN,SELL,WEAK_TREND,AVOID,Weak trend or sell signal; avoid fresh exposure until repaired.,44.07,29.3,59.3,BULLISH,508.7,503.61,500.73,473.39,503.25,579.15,ROTATION,,,,,DII_ABSORBING,,,,,,,,
2026-05-05,TORNTPOWER,Energy - Power,TORNTPOWER,WEAK_HOLD,NEUTRAL,WATCHLIST,Mixed setup; wait for cleaner confirmation.,43.95,36.7,87.8,BULLISH,1754.9,1737.35,1596.98,1633.11,1605.0,1997.95,ROTATION,,,,,DII_ABSORBING,,,,,,,,
2026-05-05,HINDALCO,Metals & Mining,Hindalco Industries Limited,WEAK_HOLD,WEAK_TREND,AVOID,Weak trend or sell signal; avoid fresh exposure until repaired.,43.48,46.0,79.6,BEARISH,1074.3,1063.56,978.58,999.75,983.5,1223.09,ROTATION,0.756,145.73,SHORT_BUILDUP,MILD_BEAR,DII_ABSORBING,,,,,,,,
2026-05-05,DALMIASUG,FMCG & Consumer Goods,DALMIASUG,SELL,WEAK_TREND,AVOID,Weak trend or sell signal; avoid fresh exposure until repaired.,43.03,29.3,48.2,BULLISH,372.95,369.22,333.32,347.07,335.0,424.6,ROTATION,,,,,DII_ABSORBING,,,,,,,,
2026-05-05,POWERGRID,Energy - Power,Power Grid Corporation of India Limited,SELL,WEAK_TREND,AVOID,Weak trend or sell signal; avoid fresh exposure until repaired.,41.65,33.3,78.7,BULLISH,319.0,315.81,310.14,296.86,311.7,363.18,ROTATION,0.698,159.55,LONG_BUILDUP,NEUTRAL,DII_ABSORBING,,,,,,,,
2026-05-05,CESC,Energy - Power,CESC,SELL,WEAK_TREND,AVOID,Weak trend or sell signal; avoid fresh exposure until repaired.,41.27,32.0,98.3,BULLISH,191.27,189.36,161.16,178.0,161.97,217.76,ROTATION,,,,,DII_ABSORBING,,,,,,,,
2026-05-05,DATAPATTNS,Defence & Aerospace,DATAPATTNS,SELL,WEAK_TREND,AVOID,Weak trend or sell signal; avoid fresh exposure until repaired.,40.61,34.0,79.3,BULLISH,4059.9,4019.3,3404.89,3778.14,3422.0,4622.2,ROTATION,,,,,DII_ABSORBING,,,,,,,,
2026-05-05,IMFA,Metals & Mining,IMFA,HOLD,WEAK_TREND,AVOID,Weak trend or sell signal; avoid fresh exposure until repaired.,40.03,52.7,78.2,BEARISH,1631.9,1615.58,1470.31,1518.65,1477.7,1857.92,ROTATION,,,,,DII_ABSORBING,,,,,,,,
2026-05-05,JSL,Metals & Mining,JSL,WEAK_HOLD,WEAK_TREND,AVOID,Weak trend or sell signal; avoid fresh exposure until repaired.,37.96,42.0,69.9,BEARISH,773.85,766.11,789.33,810.86,814.95,654.24,ROTATION,,,,,DII_ABSORBING,,,,,,,,
2026-05-05,AZAD,Defence & Aerospace,AZAD,SELL,WEAK_TREND,AVOID,Weak trend or sell signal; avoid fresh exposure until repaired.,37.74,32.7,88.1,BULLISH,2201.0,2178.99,1760.16,2048.25,1769.0,2505.84,ROTATION,,,,,DII_ABSORBING,,,,,,,,
2026-05-05,ORIENTBELL,Defence & Aerospace,ORIENTBELL,WEAK_HOLD,WEAK_TREND,AVOID,Weak trend or sell signal; avoid fresh exposure until repaired.,36.72,44.0,70.5,BEARISH,320.7,317.49,312.88,314.5,314.45,324.95,ROTATION,,,,,DII_ABSORBING,,,,,,,,
2026-05-05,TATASTEEL,Metals & Mining,Tata Steel Limited,WEAK_HOLD,WEAK_TREND,AVOID,Weak trend or sell signal; avoid fresh exposure until repaired.,36.69,41.3,85.1,BEARISH,215.05,212.9,215.37,218.94,216.45,197.81,ROTATION,0.613,114.6,LONG_BUILDUP,NEUTRAL,DII_ABSORBING,,,,,,,,
2026-05-05,NESTLEIND,FMCG & Consumer Goods,Nestle India Limited,WEAK_HOLD,WEAK_TREND,AVOID,Weak trend or sell signal; avoid fresh exposure until repaired.,34.95,36.7,87.5,BEARISH,1440.0,1425.6,1328.13,1340.06,1334.8,1639.44,ROTATION,0.903,183.94,LONG_BUILDUP,MILD_BULL,DII_ABSORBING,,,,,,,,
2026-05-05,TATACONSUM,FMCG & Consumer Goods,Tata Consumer Products Limited,SELL,WEAK_TREND,AVOID,Weak trend or sell signal; avoid fresh exposure until repaired.,34.92,34.0,75.8,BEARISH,1147.7,1136.22,1170.65,1180.87,1185.0,1024.59,ROTATION,0.616,19.35,SHORT_BUILDUP,BEAR,DII_ABSORBING,,,,,,,,
2026-05-05,NLCINDIA,Energy - Power,NLCINDIA,SELL,WEAK_TREND,AVOID,Weak trend or sell signal; avoid fresh exposure until repaired.,32.19,34.7,82.3,BEARISH,318.15,314.97,269.89,296.07,271.25,362.22,ROTATION,,,,,DII_ABSORBING,,,,,,,,
2026-05-05,COCHINSHIP,Defence & Aerospace,COCHINSHIP,SELL,WEAK_TREND,AVOID,Weak trend or sell signal; avoid fresh exposure until repaired.,29.83,25.3,89.6,BEARISH,1695.6,1678.64,1566.63,1577.92,1574.5,1930.44,ROTATION,0.685,219.63,LONG_BUILDUP,NEUTRAL,DII_ABSORBING,,,,,,,,
2026-05-05,VBL,FMCG & Consumer Goods,VBL,SELL,WEAK_TREND,AVOID,Weak trend or sell signal; avoid fresh exposure until repaired.,27.92,34.0,87.6,BEARISH,518.55,513.36,462.08,482.56,464.4,590.36,ROTATION,0.538,111.59,LONG_BUILDUP,NEUTRAL,DII_ABSORBING,,,,,,,,
2026-05-05,MOIL,Metals & Mining,MOIL,WEAK_HOLD,WEAK_TREND,AVOID,Weak trend or sell signal; avoid fresh exposure until repaired.,25.45,43.3,76.6,BEARISH,332.0,328.68,328.2,308.96,329.85,377.98,ROTATION,,,,,DII_ABSORBING,,,,,,,,
2026-05-05,NTPCGREEN,Energy - Power,NTPCGREEN,SELL,WEAK_TREND,AVOID,Weak trend or sell signal; avoid fresh exposure until repaired.,23.65,33.3,75.9,BEARISH,115.81,114.65,90.64,107.77,91.1,131.85,ROTATION,,,,,DII_ABSORBING,,,,,,,,
2026-05-05,SOBHA,Realty,SOBHA,SELL,WEAK_TREND,AVOID,Weak trend or sell signal; avoid fresh exposure until repaired.,22.36,22.0,88.8,BEARISH,1435.8,1421.44,1464.52,1474.53,1562.9,1288.72,ROTATION,,,,,DII_ABSORBING,,,,,,,,
2026-05-05,JUBLPHARMA,FMCG & Consumer Goods,JUBLPHARMA,SELL,WEAK_TREND,AVOID,Weak trend or sell signal; avoid fresh exposure until repaired.,22.16,32.0,83.6,BEARISH,942.45,933.03,961.3,930.58,977.6,939.14,ROTATION,,,,,DII_ABSORBING,,,,,,,,
2026-05-05,SUNTECK,Realty,SUNTECK,SELL,WEAK_TREND,AVOID,Weak trend or sell signal; avoid fresh exposure until repaired.,22.09,21.3,75.0,BEARISH,352.2,348.68,359.24,420.15,421.75,170.02,ROTATION,,,,,DII_ABSORBING,,,,,,,,
2026-05-05,OBEROIRLTY,Realty,OBEROIRLTY,SELL,WEAK_TREND,AVOID,Weak trend or sell signal; avoid fresh exposure until repaired.,20.91,28.7,75.0,BEARISH,1710.3,1693.2,1574.89,1591.61,1582.8,1947.18,ROTATION,0.346,124.52,SHORT_BUILDUP,BEAR,DII_ABSORBING,,,,,,,,
2026-05-05,BRIGADE,Realty,BRIGADE,SELL,WEAK_TREND,AVOID,Weak trend or sell signal; avoid fresh exposure until repaired.,17.61,28.7,78.6,BEARISH,800.65,792.64,807.64,745.08,811.7,911.54,ROTATION,,,,,DII_ABSORBING,,,,,,,,
2026-05-05,LODHA,Realty,LODHA,SELL,WEAK_TREND,AVOID,Weak trend or sell signal; avoid fresh exposure until repaired.,15.88,26.0,77.6,BEARISH,882.9,874.07,900.56,1013.47,1113.2,525.58,ROTATION,0.595,57.02,LONG_BUILDUP,NEUTRAL,DII_ABSORBING,,,,,,,,
2026-05-05,GODREJPROP,Realty,GODREJPROP,SELL,WEAK_TREND,AVOID,Weak trend or sell signal; avoid fresh exposure until repaired.,15.39,24.7,78.5,BEARISH,1824.6,1806.35,1861.09,1872.21,1894.4,1641.7,ROTATION,0.815,210.18,LONG_BUILDUP,MILD_BULL,DII_ABSORBING,,,,,,,,
2026-05-05,DLF,Realty,DLF,SELL,WEAK_TREND,AVOID,Weak trend or sell signal; avoid fresh exposure until repaired.,15.12,24.0,68.8,BEARISH,587.9,582.02,599.66,624.09,676.6,476.84,ROTATION,0.876,99.99,LONG_BUILDUP,MILD_BULL,DII_ABSORBING,,,,,,,,
2026-05-05,PURVA,Realty,PURVA,SELL,WEAK_TREND,AVOID,Weak trend or sell signal; avoid fresh exposure until repaired.,14.09,21.3,69.9,BEARISH,215.76,213.6,220.08,205.99,283.0,232.63,ROTATION,,,,,DII_ABSORBING,,,,,,,,
2026-05-06,MTARTECH,Defence & Aerospace,MTARTECH,BUY,NEUTRAL,WATCHLIST,Mixed setup; wait for cleaner confirmation.,81.1,70.0,87.4,BULLISH,6127.5,6066.22,3900.4,5702.25,3920.0,6976.15,ROTATION,,,,,DII_ABSORBING,,,,,,,,
2026-05-06,BELRISE,Defence & Aerospace,BELRISE,BUY,LEADER_BREAKOUT,BUY_WATCH,High-quality breakout with bullish trend and acceptable momentum.,79.77,77.3,70.7,BULLISH,215.74,213.58,192.77,200.77,193.74,245.62,ROTATION,,,,,DII_ABSORBING,,,,,,,,
2026-05-06,ASTERDM,Pharma & Healthcare,Aster DM Healthcare Limited,STRONG_BUY,NEUTRAL,BREAKOUT_WATCH,Near high/base setup; wait for price and volume breakout confirmation.,79.66,87.3,72.6,BULLISH,744.85,737.4,660.68,693.16,664.0,848.01,ROTATION,,,,,DII_ABSORBING,,,,,,,,
2026-05-06,DATAPATTNS,Defence & Aerospace,DATAPATTNS,BUY,NEUTRAL,BREAKOUT_WATCH,Near high/base setup; wait for price and volume breakout confirmation.,77.26,65.3,78.7,BULLISH,4093.2,4052.27,3404.89,3809.13,3422.0,4660.11,ROTATION,,,,,DII_ABSORBING,,,,,,,,
2026-05-06,CESC,Energy - Power,CESC,BUY,NEUTRAL,WATCHLIST,Mixed setup; wait for cleaner confirmation.,75.55,76.7,98.5,BULLISH,198.72,196.73,161.16,184.93,161.97,226.24,ROTATION,,,,,DII_ABSORBING,,,,,,,,
2026-05-06,COALINDIA,Metals & Mining,COALINDIA,BUY,NEUTRAL,WATCHLIST,Mixed setup; wait for cleaner confirmation.,74.92,71.3,68.3,BULLISH,479.95,475.15,456.21,446.64,458.5,546.42,ROTATION,0.636,360.53,LONG_BUILDUP,NEUTRAL,DII_ABSORBING,,,,,,,,
2026-05-06,BLISSGVS,Pharma & Healthcare,BLISSGVS,BUY,NEUTRAL,WATCHLIST,Mixed setup; wait for cleaner confirmation.,74.79,70.7,65.4,BULLISH,274.1,271.36,242.68,255.08,243.9,312.06,ROTATION,,,,,DII_ABSORBING,,,,,,,,
2026-05-06,ASTRAMICRO,Defence & Aerospace,ASTRAMICRO,BUY,NEUTRAL,BREAKOUT_WATCH,Near high/base setup; wait for price and volume breakout confirmation.,73.07,72.0,69.1,BULLISH,1110.7,1099.59,1033.8,1033.61,1039.0,1264.53,ROTATION,,,,,DII_ABSORBING,,,,,,,,
2026-05-06,DALMIASUG,FMCG & Consumer Goods,DALMIASUG,BUY,NEUTRAL,WATCHLIST,Mixed setup; wait for cleaner confirmation.,71.82,65.3,61.2,BULLISH,398.45,394.47,333.32,370.8,335.0,453.64,ROTATION,,,,,DII_ABSORBING,,,,,,,,
2026-05-06,WELCORP,Metals & Mining,Welspun Corp Limited,HOLD,NEUTRAL,WATCHLIST,Mixed setup; wait for cleaner confirmation.,70.71,52.7,99.8,BULLISH,1238.9,1226.51,840.78,1152.92,845.0,1410.49,ROTATION,,,,,DII_ABSORBING,,,,,,,,
2026-05-06,AUROPHARMA,Pharma & Healthcare,Aurobindo Pharma Limited,BUY,NEUTRAL,BREAKOUT_WATCH,Near high/base setup; wait for price and volume breakout confirmation.,69.51,70.0,58.6,BULLISH,1376.0,1362.24,1244.65,1280.51,1250.9,1566.58,ROTATION,0.596,854.09,LONG_BUILDUP,NEUTRAL,DII_ABSORBING,,,,,,,,
2026-05-06,RRKABEL,Defence & Aerospace,RRKABEL,BUY,NEUTRAL,WATCHLIST,Mixed setup; wait for cleaner confirmation.,67.95,68.0,83.8,BULLISH,1775.2,1757.45,1570.31,1652.0,1578.2,2021.07,ROTATION,,,,,DII_ABSORBING,,,,,,,,
2026-05-06,SAILIFE,Metals & Mining,SAILIFE,BUY,NEUTRAL,WATCHLIST,Mixed setup; wait for cleaner confirmation.,67.0,72.7,70.7,BULLISH,1081.7,1070.88,1078.58,1006.63,1084.0,1231.51,ROTATION,,,,,DII_ABSORBING,,,,,,,,
2026-05-06,BALRAMCHIN,FMCG & Consumer Goods,BALRAMCHIN,BUY,NEUTRAL,WATCHLIST,Mixed setup; wait for cleaner confirmation.,65.59,72.0,64.9,BULLISH,524.85,519.6,500.73,488.42,503.25,597.54,ROTATION,,,,,DII_ABSORBING,,,,,,,,
2026-05-06,AZAD,Defence & Aerospace,AZAD,HOLD,NEUTRAL,WATCHLIST,Mixed setup; wait for cleaner confirmation.,63.87,62.7,82.8,BULLISH,2161.7,2140.08,1760.16,2011.68,1769.0,2461.09,ROTATION,,,,,DII_ABSORBING,,,,,,,,
2026-05-06,DCXINDIA,Defence & Aerospace,DCXINDIA,HOLD,NEUTRAL,BREAKOUT_WATCH,Near high/base setup; wait for price and volume breakout confirmation.,63.36,64.7,73.4,BULLISH,202.15,200.13,190.43,188.12,191.39,230.15,ROTATION,,,,,DII_ABSORBING,,,,,,,,
2026-05-06,GLENMARK,Pharma & Healthcare,GLENMARK,HOLD,NEUTRAL,BREAKOUT_WATCH,Near high/base setup; wait for price and volume breakout confirmation.,59.55,56.7,78.4,BULLISH,2393.7,2369.76,2149.0,2227.57,2159.8,2725.22,ROTATION,0.574,2174.6,LONG_BUILDUP,NEUTRAL,DII_ABSORBING,,,,,,,,
2026-05-06,SAIL,Metals & Mining,Steel Authority of India Limited,HOLD,NEUTRAL,WATCHLIST,Mixed setup; wait for cleaner confirmation.,59.3,52.7,90.3,BULLISH,186.15,184.29,167.37,173.23,168.21,211.93,ROTATION,0.713,5481.22,LONG_BUILDUP,MILD_BULL,DII_ABSORBING,,,,,,,,
2026-05-06,JSWENERGY,Energy - Power,JSWENERGY,HOLD,NEUTRAL,WATCHLIST,Mixed setup; wait for cleaner confirmation.,57.84,55.3,69.2,BULLISH,562.3,556.68,503.72,523.28,506.25,640.18,ROTATION,0.689,2822.22,SHORT_BUILDUP,BEAR,DII_ABSORBING,,,,,,,,
2026-05-06,TATAPOWER,Energy - Power,Tata Power Company Limited,HOLD,NEUTRAL,WATCHLIST,Mixed setup; wait for cleaner confirmation.,57.01,54.7,73.4,BULLISH,441.4,436.99,383.47,410.77,385.4,502.54,ROTATION,0.635,397.69,SHORT_BUILDUP,BEAR,DII_ABSORBING,,,,,,,,
2026-05-06,LUPIN,Pharma & Healthcare,Lupin Limited,HOLD,NEUTRAL,WATCHLIST,Mixed setup; wait for cleaner confirmation.,56.73,60.7,59.3,BULLISH,2348.8,2325.31,2349.79,2214.91,2361.6,2601.31,ROTATION,0.625,1540.96,LONG_BUILDUP,NEUTRAL,DII_ABSORBING,,,,,,,,
2026-05-06,NATIONALUM,Metals & Mining,National Aluminium Company Limited,HOLD,NEUTRAL,WATCHLIST,Mixed setup; wait for cleaner confirmation.,54.86,61.3,53.4,BULLISH,407.8,403.72,402.28,379.5,404.3,464.28,ROTATION,0.544,852.03,SHORT_BUILDUP,BEAR,DII_ABSORBING,,,,,,,,
2026-05-06,JINDALSTEL,Metals & Mining,Jindal Steel & Power Limited,BUY,WEAK_TREND,AVOID,Weak trend or sell signal; avoid fresh exposure until repaired.,53.08,66.0,63.5,BEARISH,1261.4,1248.79,1265.74,1281.49,1272.1,1167.04,ROTATION,0.71,1951.3,LONG_BUILDUP,MILD_BULL,DII_ABSORBING,,,,,,,,
2026-05-06,APOLLOHOSP,Pharma & Healthcare,APOLLOHOSP,HOLD,NEUTRAL,WATCHLIST,Mixed setup; wait for cleaner confirmation.,53.06,60.0,66.2,BULLISH,7737.5,7660.12,7831.15,7506.4,7870.5,8044.42,ROTATION,0.627,766.65,LONG_BUILDUP,NEUTRAL,DII_ABSORBING,,,,,,,,
2026-05-06,TORNTPOWER,Energy - Power,TORNTPOWER,HOLD,NEUTRAL,WATCHLIST,Mixed setup; wait for cleaner confirmation.,50.94,51.3,80.5,BULLISH,1724.0,1706.76,1596.98,1604.35,1605.0,1962.77,ROTATION,,,,,DII_ABSORBING,,,,,,,,
2026-05-06,ADANIPOWER,Energy - Power,Adani Power Limited,HOLD,NEUTRAL,WATCHLIST,Mixed setup; wait for cleaner confirmation.,49.29,54.7,95.7,BULLISH,227.3,225.03,156.12,211.53,156.9,258.78,ROTATION,0.68,241.28,LONG_BUILDUP,NEUTRAL,DII_ABSORBING,,,,,,,,
2026-05-06,NLCINDIA,Energy - Power,NLCINDIA,HOLD,WEAK_TREND,AVOID,Weak trend or sell signal; avoid fresh exposure until repaired.,49.21,54.0,84.9,BEARISH,320.4,317.2,269.89,298.17,271.25,364.78,ROTATION,,,,,DII_ABSORBING,,,,,,,,
2026-05-06,COLPAL,FMCG & Consumer Goods,Colgate-Palmolive (India) Limited,HOLD,NEUTRAL,WATCHLIST,Mixed setup; wait for cleaner confirmation.,48.36,50.0,79.6,BULLISH,2172.9,2151.17,2216.36,2150.63,2301.6,2152.52,ROTATION,0.691,1707.42,LONG_BUILDUP,NEUTRAL,DII_ABSORBING,,,,,,,,
2026-05-06,TORNTPHARM,Pharma & Healthcare,Torrent Pharmaceuticals Limited,HOLD,NEUTRAL,WATCHLIST,Mixed setup; wait for cleaner confirmation.,47.75,50.0,68.0,BULLISH,4251.8,4209.28,4336.84,4128.94,4470.0,4410.13,ROTATION,0.468,2283.76,LONG_BUILDUP,NEUTRAL,DII_ABSORBING,,,,,,,,
2026-05-06,RADICO,FMCG & Consumer Goods,RADICO,WEAK_HOLD,NEUTRAL,WATCHLIST,Mixed setup; wait for cleaner confirmation.,47.47,48.7,80.0,BULLISH,3389.2,3355.31,2843.41,3153.99,2857.7,3858.61,ROTATION,,,,,DII_ABSORBING,,,,,,,,
2026-05-06,HINDALCO,Metals & Mining,Hindalco Industries Limited,HOLD,WEAK_TREND,AVOID,Weak trend or sell signal; avoid fresh exposure until repaired.,46.82,56.0,69.7,BEARISH,1042.7,1032.27,978.58,975.04,983.5,1175.33,ROTATION,0.772,581.79,SHORT_BUILDUP,MILD_BEAR,DII_ABSORBING,,,,,,,,
2026-05-06,MARICO,FMCG & Consumer Goods,Marico Limited,WEAK_HOLD,NEUTRAL,WATCHLIST,Mixed setup; wait for cleaner confirmation.,46.81,45.3,70.1,BULLISH,784.55,776.7,800.24,762.7,813.5,811.7,ROTATION,0.74,5600.0,LONG_BUILDUP,MILD_BULL,DII_ABSORBING,,,,,,,,
2026-05-06,DIVISLAB,Pharma & Healthcare,DIVISLAB,HOLD,NEUTRAL,WATCHLIST,Mixed setup; wait for cleaner confirmation.,46.29,53.3,84.0,BULLISH,6619.5,6553.3,6751.89,6160.1,6793.0,7536.3,ROTATION,0.645,1288.87,LONG_BUILDUP,NEUTRAL,DII_ABSORBING,,,,,,,,
2026-05-06,SUNFLAG,Metals & Mining,SUNFLAG,BUY,WEAK_TREND,AVOID,Weak trend or sell signal; avoid fresh exposure until repaired.,45.96,65.3,84.3,BEARISH,321.15,317.94,262.53,298.86,263.85,365.63,ROTATION,,,,,DII_ABSORBING,,,,,,,,
2026-05-06,WEBELSOLAR,Defence & Aerospace,WEBELSOLAR,WEAK_HOLD,WEAK_TREND,AVOID,Weak trend or sell signal; avoid fresh exposure until repaired.,42.49,44.7,82.2,BEARISH,116.19,115.03,73.8,108.13,74.17,132.28,ROTATION,,,,,DII_ABSORBING,,,,,,,,
2026-05-06,NTPCGREEN,Energy - Power,NTPCGREEN,HOLD,WEAK_TREND,AVOID,Weak trend or sell signal; avoid fresh exposure until repaired.,42.19,54.7,67.3,BEARISH,111.29,110.18,90.64,103.57,91.1,126.71,ROTATION,,,,,DII_ABSORBING,,,,,,,,
2026-05-06,ADANIGREEN,Energy - Power,Adani Green Energy Limited,HOLD,WEAK_TREND,AVOID,Weak trend or sell signal; avoid fresh exposure until repaired.,39.02,59.3,96.8,BEARISH,1290.7,1277.79,1014.85,1201.12,1019.95,1469.46,ROTATION,0.725,669.63,LONG_BUILDUP,MILD_BULL,DII_ABSORBING,,,,,,,,
2026-05-06,OBEROIRLTY,Realty,OBEROIRLTY,HOLD,WEAK_TREND,AVOID,Weak trend or sell signal; avoid fresh exposure until repaired.,31.81,50.7,62.0,BEARISH,1693.7,1676.76,1574.89,1576.15,1582.8,1928.27,ROTATION,0.356,561.16,SHORT_BUILDUP,BEAR,DII_ABSORBING,,,,,,,,
2026-05-06,NESTLEIND,FMCG & Consumer Goods,Nestle India Limited,WEAK_HOLD,WEAK_TREND,AVOID,Weak trend or sell signal; avoid fresh exposure until repaired.,30.42,48.0,90.9,BEARISH,1457.1,1442.53,1328.13,1355.98,1334.8,1658.91,ROTATION,0.932,792.23,LONG_BUILDUP,MILD_BULL,DII_ABSORBING,,,,,,,,
2026-05-06,VBL,FMCG & Consumer Goods,VBL,WEAK_HOLD,WEAK_TREND,AVOID,Weak trend or sell signal; avoid fresh exposure until repaired.,30.23,48.0,78.8,BEARISH,506.75,501.68,462.08,471.58,464.4,576.93,ROTATION,0.573,1829.77,SHORT_BUILDUP,BEAR,DII_ABSORBING,,,,,,,,
2026-05-06,GODREJPROP,Realty,GODREJPROP,HOLD,WEAK_TREND,AVOID,Weak trend or sell signal; avoid fresh exposure until repaired.,29.82,60.7,77.2,BEARISH,1899.8,1880.8,1884.93,1872.21,1894.4,1902.27,ROTATION,0.53,1255.37,SHORT_BUILDUP,BEAR,DII_ABSORBING,,,,,,,,
2026-05-06,ANANTRAJ,Realty,ANANTRAJ,WEAK_HOLD,WEAK_TREND,AVOID,Weak trend or sell signal; avoid fresh exposure until repaired.,24.24,43.3,56.7,BEARISH,510.35,505.25,520.56,540.94,582.8,416.03,ROTATION,,,,,DII_ABSORBING,,,,,,,,
2026-05-06,JUBLINGREA,FMCG & Consumer Goods,JUBLINGREA,WEAK_HOLD,WEAK_TREND,AVOID,Weak trend or sell signal; avoid fresh exposure until repaired.,23.37,46.7,75.6,BEARISH,716.7,709.53,678.49,666.96,681.9,815.96,ROTATION,,,,,DII_ABSORBING,,,,,,,,
2026-05-06,BRIGADE,Realty,BRIGADE,WEAK_HOLD,WEAK_TREND,AVOID,Weak trend or sell signal; avoid fresh exposure until repaired.,20.64,46.0,71.2,BEARISH,791.5,783.58,807.33,736.57,811.7,901.12,ROTATION,,,,,DII_ABSORBING,,,,,,,,
2026-05-06,DLF,Realty,DLF,WEAK_HOLD,WEAK_TREND,AVOID,Weak trend or sell signal; avoid fresh exposure until repaired.,13.75,40.0,63.9,BEARISH,607.2,601.13,619.34,624.09,676.6,543.73,ROTATION,0.723,1490.77,LONG_BUILDUP,MILD_BULL,DII_ABSORBING,,,,,,,,
2026-05-06,SOBHA,Realty,SOBHA,SELL,WEAK_TREND,AVOID,Weak trend or sell signal; avoid fresh exposure until repaired.,11.37,27.3,85.6,BEARISH,1440.4,1426.0,1469.21,1474.53,1562.9,1304.68,ROTATION,,,,,DII_ABSORBING,,,,,,,,
2026-05-06,PRESTIGE,Realty,PRESTIGE,SELL,WEAK_TREND,AVOID,Weak trend or sell signal; avoid fresh exposure until repaired.,9.89,24.7,76.6,BEARISH,1454.4,1439.86,1483.49,1484.53,1604.7,1328.18,ROTATION,0.811,2415.43,LONG_BUILDUP,MILD_BULL,DII_ABSORBING,,,,,,,,
2026-05-06,PURVA,Realty,PURVA,SELL,WEAK_TREND,AVOID,Weak trend or sell signal; avoid fresh exposure until repaired.,2.38,26.0,66.4,BEARISH,219.88,217.68,224.28,205.99,283.0,246.91,ROTATION,,,,,DII_ABSORBING,,,,,,,,
