SYMBOL,INDEX_TAGS,LAST_DATE,CLOSE,PEAK_52_ROLL,DD_VS_PEAK_PCT,PCT_OF_52W_RANGE,ABOVE_SMA50,RS_PULLBACK_60D_BPS,RECOVERY_FROM_TROUGH_PCT,RECOVERY_VELOCITY,VOL_RATIO_10_50,SLOW_PULLBACK_SCORE,MAX_1D_DROP_60D_PCT,ENHANCED_FUND_SCORE,SALES_GROWTH,EARNINGS_QUALITY,RS_Z,REC_Z,VOL_Z,SLOW_Z,PEAK_Z,COMPOSITE,TECHNICAL_SCORE,TRADING_SIGNAL,CAN_SLIM_SCORE,MINERVINI_SCORE,TREND_SIGNAL,RELATIVE_STRENGTH,ANALYSIS_DATE,pnl_summary,quarterly_summary,balance_sheet_summary,ratios_summary,SCREENER_DATA_COMPLETE,SCREENER_FETCH_AT,INDEX_NARRATIVE,APEX_GUIDANCE
STLTECH,NIFTY MICROCAP 250,2026-04-28,285.13,293.75,-2.93,97.07,44.2,176.9124,185.36,3.195833,0.6413,199.5846,-29.41,,,,7.935967798039934,3.491124811715476,-0.4390684811304958,3.07550177439824,1.2213076941942216,3.0569667194434755,54.7,HOLD,15.0,11.0,STRONG_BULLISH,85.22,2026-04-28,Sales: 4363 Cr (YoY +9.2%); NetProfit: -43 Cr (YoY +65%); EPS: -0.89,"Sales last 3Q: 1020, 1034, 1257 Cr; Net Profit last 3Q: 10, 4, -17 Cr",Debt: 1921 Cr,ROCE: 0%; EPS: -0.89; NPM: -0.99%,True,2026-04-29T05:24:31Z,STLTECH vs NIFTY MICROCAP250: stock 60-session return 230.62% vs index 12.10% (+218.52 percentage points excess). Index membership tag: NIFTY MICROCAP 250.,HOLD
TRITURBINE,NIFTY 500,2026-04-28,581.65,675.2,-13.86,86.14,19.72,22.5735,33.64,1.528902,17.3519,48.5225,-9.74,,,,0.3221905427979929,0.7887736075785687,7.664918944137673,0.41776974223369384,0.029681767454232715,1.8446669208404323,46.0,WEAK_HOLD,13.0,9.0,BULLISH,20.64,2026-04-28,Sales: 2040 Cr (YoY +1.7%); NetProfit: 342 Cr (YoY -4.7%); EPS: 10.75,"Sales last 3Q: 371, 506, 624 Cr; Net Profit last 3Q: 64, 91, 92 Cr",Debt: 38 Cr,ROCE: 48%; EPS: 10.75; NPM: 16.76%,True,2026-04-29T05:24:31Z,TRITURBINE vs Nifty 500: stock 60-session return 23.95% vs index -0.24% (+24.19 percentage points excess). Index membership tag: NIFTY 500.,WEAK_HOLD
KIRLPNU,NIFTY MICROCAP 250,2026-04-28,1525.2,1562.3,-2.37,97.63,30.87,36.788,46.65,2.59188,5.9962,99.0216,-13.61,,,,1.0234138688333383,2.512024226992955,2.1578485813070296,1.306232670165191,1.2823608066346965,1.6563760307866418,58.7,HOLD,20.0,6.0,STRONG_BULLISH,32.86,2026-04-28,Sales: 1787 Cr (YoY +9%); NetProfit: 254 Cr (YoY +20.4%); EPS: 39.43,"Sales last 3Q: 386, 407, 712 Cr; Net Profit last 3Q: 44, 42, 144 Cr",Debt: 3 Cr,ROCE: 30%; EPS: 39.43; NPM: 14.21%,True,2026-04-29T05:24:31Z,KIRLPNU vs NIFTY MICROCAP250: stock 60-session return 38.34% vs index 12.10% (+26.24 percentage points excess). Index membership tag: NIFTY MICROCAP 250.,HOLD
LUXIND,NIFTY MICROCAP 250,2026-04-28,1510.1,1823.35,-17.18,82.82,39.86,70.6459,82.84,4.602387,1.3796,32.6305,-10.48,,,,2.693676575968455,5.771364902987151,-0.08102185706699791,0.13817163354091802,-0.33227597058572733,1.6379830569687595,49.3,WEAK_HOLD,15.0,6.0,STRONG_BULLISH,52.88,2026-04-28,Sales: 2873 Cr (YoY +11.2%); NetProfit: 107 Cr (YoY -35.2%); EPS: 35.92,"Sales last 3Q: 604, 779, 673 Cr; Net Profit last 3Q: 23, 23, 13 Cr",Debt: 575 Cr,ROCE: 13%; EPS: 35.92; NPM: 3.72%,True,2026-04-29T05:24:31Z,LUXIND vs NIFTY MICROCAP250: stock 60-session return 71.15% vs index 12.10% (+59.05 percentage points excess). Index membership tag: NIFTY MICROCAP 250.,WEAK_HOLD
ARE&M,NIFTY 500,2026-04-28,897.85,1094.0,-17.93,82.07,12.6,8.0486,33.52,1.862179,15.7283,44.6267,-9.54,54.31,51.0,51.3,-0.39434529654428346,1.3290668184320091,6.877536445384463,0.3492284439801502,-0.4140435318899352,1.5494885758724808,44.7,WEAK_HOLD,6.0,7.0,BEARISH,3.11,2026-04-28,Sales: 13338 Cr (YoY +3.8%); NetProfit: 743 Cr (YoY -21.4%); EPS: 40.6,"Sales last 3Q: 3401, 3467, 3410 Cr; Net Profit last 3Q: 165, 276, 140 Cr",Debt: 310 Cr,ROCE: 17%; EPS: 40.6; NPM: 5.57%,True,2026-04-29T05:24:31Z,ARE&M vs Nifty 500: stock 60-session return 8.43% vs index -0.24% (+8.66 percentage points excess). Index membership tag: NIFTY 500.,WEAK_HOLD
AZAD,NIFTY MICROCAP 250,2026-04-28,2201.0,2255.0,-2.39,97.61,31.07,48.1143,61.07,2.775837,3.7483,75.6185,-8.86,55.24,51.0,52.39,1.582157810419334,2.81024678117151,1.0677049997922836,0.8944869806643163,1.280180338333251,1.526955382076139,58.0,HOLD,15.0,6.0,STRONG_BULLISH,42.3,2026-04-28,Sales: 568 Cr (YoY +24.3%); NetProfit: 122 Cr (YoY +40.2%); EPS: 18.92,"Sales last 3Q: 137, 146, 159 Cr; Net Profit last 3Q: 29, 33, 35 Cr",Debt: 312 Cr,ROCE: 12%; EPS: 18.92; NPM: 21.48%,True,2026-04-29T05:24:31Z,AZAD vs NIFTY MICROCAP250: stock 60-session return 52.47% vs index 12.10% (+40.36 percentage points excess). Index membership tag: NIFTY MICROCAP 250.,HOLD
MTARTECH,"NIFTY INDIA DEFENCE,NIFTY MICROCAP 250",2026-04-28,5292.1,5490.0,-3.6,96.4,33.6,97.2588,95.89,1.625214,1.3536,95.4576,-11.44,,,,4.006532198990443,0.9449101538260342,-0.09363084017095424,1.2435289412839268,1.148262006095796,1.449920492005049,48.0,WEAK_HOLD,15.0,6.0,STRONG_BULLISH,49.65,2026-04-28,Sales: 753 Cr (YoY +11.4%); NetProfit: 63 Cr (YoY +18.9%); EPS: 20.63,"Sales last 3Q: 157, 136, 278 Cr; Net Profit last 3Q: 11, 4, 35 Cr",Debt: 186 Cr,ROCE: 11%; EPS: 20.63; NPM: 8.37%,True,2026-04-29T05:24:31Z,MTARTECH vs Nifty 500: stock 60-session return 109.27% vs index -0.24% (+109.51 percentage points excess). Index membership tag: NIFTY INDIA DEFENCE. NIFTY INDIA DEFENCE series not found in data/nse_index_data.csv; using Nifty 500 as liquid broad benchmark for excess return. MTARTECH vs NIFTY MICROCAP250: stock 60-session return 109.27% vs index 12.10% (+97.17 percentage points excess). Index membership tag: NIFTY MICROCAP 250.,WEAK_HOLD
KRN,NIFTY MICROCAP 250,2026-04-28,1309.35,1405.0,-6.81,93.19,36.61,113.1373,114.72,1.977896,0.883,51.2957,-8.9,,,,4.789843225227893,1.5166618504334002,-0.32185343435256347,0.4665604215079705,0.7982968437137864,1.4499017813060973,55.3,HOLD,16.0,6.0,STRONG_BULLISH,81.34,2026-04-28,Sales: 552 Cr (YoY +28.4%); NetProfit: 68 Cr (YoY +28.3%); EPS: 10.94,"Sales last 3Q: 115, 152, 153 Cr; Net Profit last 3Q: 12, 18, 23 Cr",Debt: 30 Cr,ROCE: 21%; EPS: 10.94; NPM: 12.32%,True,2026-04-29T05:24:31Z,KRN vs NIFTY MICROCAP250: stock 60-session return 118.30% vs index 12.10% (+106.19 percentage points excess). Index membership tag: NIFTY MICROCAP 250.,HOLD
POWERINDIA,NIFTY 500,2026-04-28,32805.0,32940.0,-0.41,99.59,26.49,86.8884,85.52,1.449443,0.9412,124.8699,-11.98,,,,3.4949442866251155,0.6599583630786379,-0.29362871063524587,1.7609983253957142,1.4960467001763598,1.4236637929281162,50.7,HOLD,15.0,9.0,STRONG_BULLISH,50.24,2026-04-28,Sales: 7277 Cr (YoY +14%); NetProfit: 841 Cr (YoY +119%); EPS: 188.74,"Sales last 3Q: 1479, 1833, 2082 Cr; Net Profit last 3Q: 132, 264, 261 Cr",Debt: 84 Cr,ROCE: 19%; EPS: 188.74; NPM: 11.56%,True,2026-04-29T05:24:31Z,POWERINDIA vs Nifty 500: stock 60-session return 96.33% vs index -0.24% (+96.57 percentage points excess). Index membership tag: NIFTY 500.,HOLD
BBL,NIFTY MICROCAP 250,2026-04-28,3182.5,3475.0,-8.42,91.58,28.67,27.2065,53.83,2.990317,2.6979,128.0866,-51.12,50.99,47.0,49.57,0.5507436167381072,3.1579518069123975,0.5583020823924486,1.817591783502438,0.6227691454474201,1.3414716869985623,,,,,,,,Sales: 2126 Cr (YoY +11.8%); NetProfit: 131 Cr (YoY -2.2%); EPS: 115.99,"Sales last 3Q: 465, 473, 568 Cr; Net Profit last 3Q: 28, 28, 25 Cr",Debt: 191 Cr,ROCE: 10%; EPS: 115.99; NPM: 6.16%,True,2026-04-29T05:24:31Z,BBL vs NIFTY MICROCAP250: stock 60-session return 29.15% vs index 12.10% (+17.05 percentage points excess). Index membership tag: NIFTY MICROCAP 250.,REVIEW_NO_TECH
ADANIGREEN,NIFTY 500,2026-04-28,1249.95,1259.15,-0.73,99.27,28.6,53.2669,54.91,3.050426,1.4821,33.0793,-20.0,10.0,10.0,10.0,1.8363435580523648,3.2553977291068166,-0.0313133659840932,0.14606765865929955,1.4611592073532311,1.3335309574375238,42.7,WEAK_HOLD,15.0,6.0,BULLISH,31.93,2026-04-28,Sales: 12928 Cr (YoY +15.3%); NetProfit: 1987 Cr (YoY -0.7%); EPS: 10.03,"Sales last 3Q: 3008, 2618, 3502 Cr; Net Profit last 3Q: 644, 5, 514 Cr",Debt: 103545 Cr,ROCE: 6%; EPS: 10.03; NPM: 15.37%,True,2026-04-29T05:24:31Z,ADANIGREEN vs Nifty 500: stock 60-session return 56.42% vs index -0.24% (+56.65 percentage points excess). Index membership tag: NIFTY 500.,WEAK_HOLD
TDPOWERSYS,NIFTY MICROCAP 250,2026-04-28,1145.55,1154.8,-0.8,99.2,27.58,76.2109,74.84,1.26847,1.3545,121.9264,-14.14,,,,2.9682066550698445,0.36657333126492225,-0.09319437537120184,1.7092114494243333,1.4535275682981716,1.280864925737214,48.0,WEAK_HOLD,15.0,6.0,STRONG_BULLISH,38.58,2026-04-28,Sales: 1615 Cr (YoY +26.3%); NetProfit: 220 Cr (YoY +25.7%); EPS: 14.06,"Sales last 3Q: 372, 452, 443 Cr; Net Profit last 3Q: 50, 60, 56 Cr",Debt: 36 Cr,ROCE: 28%; EPS: 14.06; NPM: 13.62%,True,2026-04-29T05:24:31Z,TDPOWERSYS vs NIFTY MICROCAP250: stock 60-session return 82.56% vs index 12.10% (+70.45 percentage points excess). Index membership tag: NIFTY MICROCAP 250.,WEAK_HOLD
TIPSMUSIC,NIFTY MICROCAP 250,2026-04-28,658.85,718.0,-8.24,91.76,20.41,21.3257,34.21,1.221881,10.8159,52.6293,-6.66,,,,0.2606346339565351,0.2910454058441734,4.4952145761585,0.4900232982857635,0.64239336016043,1.2358622548810803,45.3,WEAK_HOLD,13.0,4.0,STRONG_BULLISH,18.94,2026-04-28,Sales: 376 Cr (YoY +20.9%); NetProfit: 217 Cr (YoY +29.9%); EPS: 16.96,"Sales last 3Q: 89, 94, 104 Cr; Net Profit last 3Q: 53, 59, 59 Cr",Debt: 5 Cr,ROCE: 122%; EPS: 16.96; NPM: 57.71%,True,2026-04-29T05:24:31Z,TIPSMUSIC vs NIFTY MICROCAP250: stock 60-session return 24.24% vs index 12.10% (+12.14 percentage points excess). Index membership tag: NIFTY MICROCAP 250.,WEAK_HOLD
NEOGEN,NIFTY MICROCAP 250,2026-04-28,1661.7,1797.0,-7.53,92.47,20.94,44.35,49.43,2.746303,2.2787,73.5278,-9.97,,,,1.3964590544873736,2.7623676305270144,0.35500647788558376,0.8577039599089685,0.7197999848617468,1.2182674215341374,,,,,,,,Sales: 818 Cr (YoY +5.1%); NetProfit: 20 Cr (YoY -42.9%); EPS: 7.48,"Sales last 3Q: 187, 209, 220 Cr; Net Profit last 3Q: 10, 3, 4 Cr",Debt: 1132 Cr,ROCE: 11%; EPS: 7.48; NPM: 2.44%,True,2026-04-29T05:24:31Z,NEOGEN vs NIFTY MICROCAP250: stock 60-session return 49.23% vs index 12.10% (+37.13 percentage points excess). Index membership tag: NIFTY MICROCAP 250.,REVIEW_NO_TECH
WELCORP,NIFTY 500,2026-04-28,1226.4,1245.0,-1.49,98.51,37.81,65.3065,68.17,1.196014,2.94,100.1994,-14.34,,,,2.4302756946829285,0.24911102547845362,0.6757111135258264,1.3269544580092854,1.3783014118983006,1.2120707407189588,47.3,WEAK_HOLD,15.0,9.0,STRONG_BULLISH,51.18,2026-04-28,Sales: 16383 Cr (YoY +17.2%); NetProfit: 1948 Cr (YoY +2.4%); EPS: 73.77,"Sales last 3Q: 3551, 4374, 4532 Cr; Net Profit last 3Q: 349, 444, 456 Cr",Debt: 1545 Cr,ROCE: 18%; EPS: 73.77; NPM: 11.89%,True,2026-04-29T05:24:31Z,WELCORP vs Nifty 500: stock 60-session return 69.90% vs index -0.24% (+70.13 percentage points excess). Index membership tag: NIFTY 500.,WEAK_HOLD
GALLANTT,NIFTY MICROCAP 250,2026-04-28,852.7,948.0,-10.05,89.95,36.44,63.9451,64.38,1.109929,6.9189,43.2221,-15.09,,,,2.3631157216930574,0.10955401717509519,2.6053219932308944,0.32451641884361143,0.4450609788796084,1.1695138259644533,49.3,WEAK_HOLD,15.0,6.0,STRONG_BULLISH,52.62,2026-04-28,Sales: 4286 Cr (YoY -0.2%); NetProfit: 479 Cr (YoY +19.5%); EPS: 19.87,"Sales last 3Q: 1128, 1013, 1074 Cr; Net Profit last 3Q: 174, 89, 100 Cr",Debt: 657 Cr,ROCE: 19%; EPS: 19.87; NPM: 11.18%,True,2026-04-29T05:24:31Z,GALLANTT vs NIFTY MICROCAP250: stock 60-session return 62.68% vs index 12.10% (+50.58 percentage points excess). Index membership tag: NIFTY MICROCAP 250.,WEAK_HOLD
NAVA,NIFTY 500,2026-04-28,669.2,736.8,-9.17,90.83,13.94,21.2351,25.92,1.439981,11.2254,-9.2509,-49.67,,,,0.25616519547197325,0.6446190076442835,4.693806060045813,-0.5986745928249025,0.5410015841432123,1.107383450896076,51.3,HOLD,13.0,11.0,STRONG_BULLISH,21.18,2026-04-28,Sales: 4166 Cr (YoY +4.6%); NetProfit: 1205 Cr (YoY -16%); EPS: 31.58,"Sales last 3Q: 1193, 964, 991 Cr; Net Profit last 3Q: 399, 178, 326 Cr",Debt: 1596 Cr,ROCE: 14%; EPS: 31.58; NPM: 28.92%,True,2026-04-29T05:24:31Z,NAVA vs Nifty 500: stock 60-session return 25.19% vs index -0.24% (+25.42 percentage points excess). Index membership tag: NIFTY 500.,HOLD
HSCL,NIFTY 500,2026-04-28,571.4,605.0,-5.55,94.45,21.13,28.731,30.41,1.382362,6.8401,71.7581,-19.95,,,,0.6259495656312013,0.5512097579325893,2.5671070752081344,0.8265684972262599,0.9356663467048554,1.101300248540608,46.0,WEAK_HOLD,16.0,6.0,STRONG_BULLISH,28.19,2026-04-28,Sales: 4661 Cr (YoY +1%); NetProfit: 755 Cr (YoY +36%); EPS: 14.89,"Sales last 3Q: 1071, 1184, 1288 Cr; Net Profit last 3Q: 176, 192, 208 Cr",Debt: 768 Cr,ROCE: 23%; EPS: 14.89; NPM: 16.2%,True,2026-04-29T05:24:31Z,HSCL vs Nifty 500: stock 60-session return 27.47% vs index -0.24% (+27.71 percentage points excess). Index membership tag: NIFTY 500.,WEAK_HOLD
VOLTAMP,NIFTY MICROCAP 250,2026-04-28,11512.5,11709.0,-1.68,98.32,27.56,62.7124,61.34,1.039681,2.2388,110.6175,-13.95,,,,2.302304719265693,-0.004328781445968972,0.33565653842989684,1.510246746970537,1.357586963034568,1.1002932372509453,57.3,HOLD,18.0,11.0,STRONG_BULLISH,45.06,2026-04-28,Sales: 2161 Cr (YoY +11.7%); NetProfit: 354 Cr (YoY +8.9%); EPS: 350.21,"Sales last 3Q: 424, 483, 630 Cr; Net Profit last 3Q: 80, 79, 99 Cr",Debt: 1 Cr,ROCE: 29%; EPS: 350.21; NPM: 16.38%,True,2026-04-29T05:24:31Z,VOLTAMP vs NIFTY MICROCAP250: stock 60-session return 69.81% vs index 12.10% (+57.71 percentage points excess). Index membership tag: NIFTY MICROCAP 250.,HOLD
BHEL,"NIFTY 500,NIFTY MIDCAP SELECT",2026-04-28,354.71,356.0,-0.36,99.64,29.74,37.982,44.48,2.471374,1.5586,58.4137,-20.84,53.94,47.0,54.13,1.0823157402523964,2.3166654903651502,0.005786141994855188,0.5917919428819435,1.5014978709299738,1.0996114372848638,52.7,HOLD,15.0,6.0,BULLISH,32.63,2026-04-28,Sales: 30465 Cr (YoY +7.5%); NetProfit: 814 Cr (YoY +52.4%); EPS: 2.34,"Sales last 3Q: 5487, 7512, 8473 Cr; Net Profit last 3Q: -456, 375, 390 Cr",Debt: 10969 Cr,ROCE: 5%; EPS: 2.34; NPM: 2.67%,True,2026-04-29T05:24:31Z,BHEL vs Nifty 500: stock 60-session return 43.20% vs index -0.24% (+43.44 percentage points excess). Index membership tag: NIFTY 500. BHEL vs NIFTY MID SELECT: stock 60-session return 43.20% vs index 6.38% (+36.82 percentage points excess). Index membership tag: NIFTY MIDCAP SELECT.,HOLD
VTL,NIFTY 500,2026-04-28,609.15,620.7,-1.86,98.14,12.58,48.883,47.51,0.805285,1.3242,196.2934,-6.34,50.16,47.0,49.57,1.6200789733672654,-0.38432070243422506,-0.10788869029619709,3.0175975901967758,1.3379627483215581,1.0966859838310357,55.3,HOLD,16.0,11.0,STRONG_BULLISH,28.96,2026-04-28,Sales: 9880 Cr (YoY +1%); NetProfit: 802 Cr (YoY -9.6%); EPS: 27.59,"Sales last 3Q: 2386, 2480, 2505 Cr; Net Profit last 3Q: 208, 188, 168 Cr",Debt: 1479 Cr,ROCE: 11%; EPS: 27.59; NPM: 8.12%,True,2026-04-29T05:24:31Z,VTL vs Nifty 500: stock 60-session return 48.52% vs index -0.24% (+48.75 percentage points excess). Index membership tag: NIFTY 500.,HOLD
DATAPATTNS,"NIFTY 500,NIFTY INDIA DEFENCE",2026-04-28,4059.9,4189.9,-3.1,96.9,23.99,56.8872,60.88,1.148749,1.9724,128.5945,-11.98,52.76,47.0,52.39,2.0149385706976046,0.1724872002190214,0.20646295770320602,1.8265275926771838,1.2027737136319345,1.0846380069857902,56.7,HOLD,15.0,4.0,STRONG_BULLISH,47.09,2026-04-28,Sales: 976 Cr (YoY +37.9%); NetProfit: 247 Cr (YoY +11.3%); EPS: 44.13,"Sales last 3Q: 99, 307, 173 Cr; Net Profit last 3Q: 26, 49, 58 Cr",Debt: 6 Cr,ROCE: 21%; EPS: 44.13; NPM: 25.31%,True,2026-04-29T05:24:31Z,DATAPATTNS vs Nifty 500: stock 60-session return 76.72% vs index -0.24% (+76.95 percentage points excess). Index membership tag: NIFTY 500.,HOLD
HFCL,NIFTY 500,2026-04-28,107.24,108.8,-1.43,98.57,39.45,67.609,66.24,1.122674,1.7988,93.7384,-19.41,,,,2.5438615899445542,0.1302156199029375,0.12227374743986695,1.2132819573634246,1.3848428168026372,1.0788951462906842,45.3,WEAK_HOLD,15.0,6.0,STRONG_BULLISH,52.49,2026-04-28,Sales: 3926 Cr (YoY -3.4%); NetProfit: 62 Cr (YoY -64.2%); EPS: 0.33,"Sales last 3Q: 871, 1043, 1211 Cr; Net Profit last 3Q: -29, 72, 102 Cr",Debt: 1580 Cr,ROCE: 8%; EPS: 0.33; NPM: 1.58%,True,2026-04-29T05:24:31Z,HFCL vs Nifty 500: stock 60-session return 75.95% vs index -0.24% (+76.18 percentage points excess). Index membership tag: NIFTY 500.,WEAK_HOLD
RELINFRA,NIFTY 500,2025-06-04,380.6,385.7,-1.32,98.68,41.55,60.7199,74.24,1.40067,3.6354,17.2389,-20.0,,,,2.2040116046907574,0.5808898381790654,1.0129529154677965,-0.13262261826852867,1.3968353924605876,1.0124134265059355,,,,,,,,Sales: 20547 Cr (YoY -15.9%); NetProfit: 11460 Cr (YoY +24.9%); EPS: 159.25,"Sales last 3Q: 5908, 6235, 4297 Cr; Net Profit last 3Q: 305, 2575, 317 Cr",Debt: 5737 Cr,ROCE: -1%; EPS: 159.25; NPM: 55.77%,True,2026-04-29T05:24:31Z,RELINFRA vs Nifty 500: stock 60-session return 84.86% vs index -0.24% (+85.09 percentage points excess). Index membership tag: NIFTY 500.,REVIEW_NO_TECH
OFSS,NIFTY 500,2026-04-28,9570.0,9950.0,-3.82,96.18,34.77,20.8096,51.86,1.994483,3.5825,88.8033,-8.31,,,,0.235174620690726,1.5435519253213341,0.9872984844601315,1.1264555902472833,1.124276854779895,1.0033514950998739,45.3,WEAK_HOLD,16.0,4.0,BULLISH,34.51,2026-04-28,Sales: 7672 Cr (YoY +12%); NetProfit: 2639 Cr (YoY +10.9%); EPS: 303.25,"Sales last 3Q: 1789, 1966, 2065 Cr; Net Profit last 3Q: 546, 610, 842 Cr",Debt: 32 Cr,ROCE: 49%; EPS: 303.25; NPM: 34.4%,True,2026-04-29T05:24:31Z,OFSS vs Nifty 500: stock 60-session return 19.54% vs index -0.24% (+19.77 percentage points excess). Index membership tag: NIFTY 500.,WEAK_HOLD
ADANIENSOL,NIFTY 500,2026-04-28,1435.45,1463.65,-1.93,98.07,34.15,64.1206,62.75,1.06355,2.1446,65.9561,-20.0,10.0,10.0,10.0,2.371773408823748,0.034366534011925576,0.289973222722486,0.724490204586222,1.3303311092664987,0.950186895882176,45.3,WEAK_HOLD,15.0,6.0,STRONG_BULLISH,45.34,2026-04-28,Sales: 27588 Cr (YoY +16.1%); NetProfit: 2393 Cr (YoY +159.5%); EPS: 19,"Sales last 3Q: 6596, 6730, 7443 Cr; Net Profit last 3Q: 557, 574, 723 Cr",Debt: 49176 Cr,ROCE: 5%; EPS: 19; NPM: 8.67%,True,2026-04-29T05:24:31Z,ADANIENSOL vs Nifty 500: stock 60-session return 69.06% vs index -0.24% (+69.29 percentage points excess). Index membership tag: NIFTY 500.,WEAK_HOLD
TVSSCS,NIFTY MICROCAP 250,2026-02-23,117.3,156.25,-24.93,75.07,8.4,-4.8633,24.84,1.242018,15.9442,-8.4859,-8.85,,,,-1.031309344765169,0.3236905760388036,6.98223950123616,-0.5852154591003886,-1.177207437395875,0.9024395672027061,,,,,,,,Sales: 10470 Cr (YoY +4.7%); NetProfit: 95 Cr (YoY +1050%); EPS: 2.08,"Sales last 3Q: 2592, 2663, 2716 Cr; Net Profit last 3Q: 71, 16, 11 Cr",Debt: 2221 Cr,ROCE: 4%; EPS: 2.08; NPM: 0.91%,True,2026-04-29T05:24:31Z,TVSSCS vs NIFTY MICROCAP250: stock 60-session return -5.51% vs index 12.10% (-17.61 percentage points excess). Index membership tag: NIFTY MICROCAP 250.,REVIEW_NO_TECH
KIRLOSENG,NIFTY 500,2026-04-28,1724.4,1740.8,-0.94,99.06,18.35,56.276,54.9,0.930589,1.249,98.8565,-8.19,,,,1.984787126969524,-0.18118367079754003,-0.14435774911994761,1.303327960390136,1.4382642901880531,0.8801675915260452,53.3,HOLD,16.0,8.0,STRONG_BULLISH,40.51,2026-04-28,Sales: 7334 Cr (YoY +15.5%); NetProfit: 534 Cr (YoY +12.2%); EPS: 37.64,"Sales last 3Q: 1764, 1948, 1873 Cr; Net Profit last 3Q: 139, 159, 109 Cr",Debt: 5526 Cr,ROCE: 18%; EPS: 37.64; NPM: 7.28%,True,2026-04-29T05:24:31Z,KIRLOSENG vs Nifty 500: stock 60-session return 57.05% vs index -0.24% (+57.28 percentage points excess). Index membership tag: NIFTY 500.,HOLD
AVANTIFEED,NIFTY MICROCAP 250,2026-04-28,1414.6,1593.8,-11.24,88.76,8.63,81.1856,82.22,1.417644,0.6697,58.0096,-15.43,60.0,56.0,68.81,3.2136163198507397,0.6084072995131093,-0.4252955918938666,0.5846823534204062,0.31532311494359866,0.8593466991667974,64.0,HOLD,15.0,8.0,STRONG_BULLISH,29.19,2026-04-28,Sales: 5981 Cr (YoY +6.6%); NetProfit: 675 Cr (YoY +21.2%); EPS: 46.44,"Sales last 3Q: 1606, 1609, 1384 Cr; Net Profit last 3Q: 186, 169, 163 Cr",Debt: 15 Cr,ROCE: 29%; EPS: 46.44; NPM: 11.29%,True,2026-04-29T05:24:31Z,AVANTIFEED vs NIFTY MICROCAP250: stock 60-session return 83.37% vs index 12.10% (+71.27 percentage points excess). Index membership tag: NIFTY MICROCAP 250.,HOLD
ACMESOLAR,NIFTY 500,2026-04-28,305.2,324.3,-5.89,94.11,19.15,42.4324,42.4,0.730987,0.9697,185.8556,-9.6,10.0,10.0,10.0,1.3018608730525445,-0.5047691731657453,-0.2798073253097553,2.83395870655007,0.8985983855802812,0.849968293341479,51.3,HOLD,15.0,8.0,STRONG_BULLISH,33.02,2026-04-28,Sales: 1962 Cr (YoY +39.6%); NetProfit: 482 Cr (YoY +92%); EPS: 7.98,"Sales last 3Q: 511, 468, 497 Cr; Net Profit last 3Q: 131, 115, 114 Cr",Debt: 12998 Cr,ROCE: 8%; EPS: 7.98; NPM: 24.57%,True,2026-04-29T05:24:31Z,ACMESOLAR vs Nifty 500: stock 60-session return 47.29% vs index -0.24% (+47.53 percentage points excess). Index membership tag: NIFTY 500.,HOLD
NLCINDIA,"NIFTY 500,NIFTY CPSE",2026-04-28,318.15,325.1,-2.14,97.86,17.94,28.0737,32.7,1.021898,4.6047,61.5263,-15.44,,,,0.5935239374203578,-0.033157756048497154,1.48302550480106,0.6465539031838019,1.3074361921013204,0.7994763562916086,50.0,HOLD,16.0,8.0,STRONG_BULLISH,27.31,2026-04-28,Sales: 16283 Cr (YoY +6.3%); NetProfit: 2756 Cr (YoY +1.5%); EPS: 18.83,"Sales last 3Q: 3826, 4178, 4443 Cr; Net Profit last 3Q: 839, 725, 724 Cr",Debt: 24368 Cr,ROCE: 9%; EPS: 18.83; NPM: 16.93%,True,2026-04-29T05:24:31Z,NLCINDIA vs Nifty 500: stock 60-session return 31.88% vs index -0.24% (+32.11 percentage points excess). Index membership tag: NIFTY 500. NLCINDIA vs Nifty CPSE: stock 60-session return 31.88% vs index 15.68% (+16.20 percentage points excess). Index membership tag: NIFTY CPSE.,HOLD
PREMIERENE,NIFTY 500,2026-04-28,1037.35,1163.9,-10.87,89.13,20.89,46.445,46.89,1.339766,0.9909,130.3476,-11.67,,,,1.4998086529990375,0.48215509886666763,-0.26952615447114475,1.8573710009548898,0.3556617785203413,0.7850940753739583,49.3,WEAK_HOLD,15.0,8.0,STRONG_BULLISH,30.07,2026-04-28,Sales: 7215 Cr (YoY +10.7%); NetProfit: 1331 Cr (YoY +42%); EPS: 29.44,"Sales last 3Q: 1821, 1837, 1936 Cr; Net Profit last 3Q: 308, 353, 392 Cr",Debt: 1622 Cr,ROCE: 12%; EPS: 29.44; NPM: 18.45%,True,2026-04-29T05:24:31Z,PREMIERENE vs Nifty 500: stock 60-session return 46.60% vs index -0.24% (+46.84 percentage points excess). Index membership tag: NIFTY 500.,WEAK_HOLD
TORNTPOWER,NIFTY 500,2026-04-28,1754.9,1824.1,-3.79,96.21,17.49,33.0315,34.39,1.910706,1.6715,44.4324,-9.36,,,,0.8380998989960754,1.4077365395441317,0.06053822631934241,0.34580999995051226,1.1275475572320632,0.7559464444084251,50.7,HOLD,14.0,6.0,STRONG_BULLISH,22.49,2026-04-28,Sales: 29017 Cr (YoY -0.5%); NetProfit: 3215 Cr (YoY +5.1%); EPS: 62.67,"Sales last 3Q: 7906, 7876, 6778 Cr; Net Profit last 3Q: 742, 742, 655 Cr",Debt: 10431 Cr,ROCE: 17%; EPS: 62.67; NPM: 11.08%,True,2026-04-29T05:24:31Z,TORNTPOWER vs Nifty 500: stock 60-session return 33.99% vs index -0.24% (+34.23 percentage points excess). Index membership tag: NIFTY 500.,HOLD
SUNTECK,NIFTY MICROCAP 250,2026-04-28,352.2,478.75,-26.43,73.57,1.14,-4.508,28.92,1.606475,16.1444,-83.1812,-7.15,,,,-1.013781844836198,0.9145313563747173,7.079328671136625,-1.899377591509116,-1.3407425600042906,0.7479916062323475,21.3,SELL,5.0,8.0,BEARISH,-11.77,2026-04-28,Sales: 1124 Cr (YoY +31.8%); NetProfit: 202 Cr (YoY +34.7%); EPS: 13.92,"Sales last 3Q: 252, 344, 339 Cr; Net Profit last 3Q: 49, 57, 63 Cr",Debt: 774 Cr,ROCE: 1%; EPS: 13.92; NPM: 17.97%,True,2026-04-29T05:24:31Z,SUNTECK vs NIFTY MICROCAP250: stock 60-session return -4.89% vs index 12.10% (-16.99 percentage points excess). Index membership tag: NIFTY MICROCAP 250.,SELL
APARINDS,NIFTY 500,2026-04-28,11862.0,12327.5,-3.78,96.22,14.12,61.4198,60.05,1.017772,0.9983,60.0879,-19.97,57.41,58.6,57.96,2.2385387569572557,-0.03984663583312476,-0.26593744389540336,0.6212472130539448,1.128637791382786,0.7365279363330917,61.3,HOLD,15.0,8.0,STRONG_BULLISH,29.44,2026-04-28,Sales: 21509 Cr (YoY +15.8%); NetProfit: 974 Cr (YoY +18.6%); EPS: 242.35,"Sales last 3Q: 5104, 5715, 5480 Cr; Net Profit last 3Q: 263, 252, 209 Cr",Debt: 704 Cr,ROCE: 33%; EPS: 242.35; NPM: 4.53%,True,2026-04-29T05:24:31Z,APARINDS vs Nifty 500: stock 60-session return 64.56% vs index -0.24% (+64.79 percentage points excess). Index membership tag: NIFTY 500.,HOLD
RRKABEL,NIFTY 500,2026-04-28,1609.0,1620.0,-0.68,99.32,12.81,20.7332,24.4,1.3556,2.3001,71.4261,-19.81,,,,0.23140569022471594,0.5078244450881391,0.36538464090191697,0.8207274091262097,1.4666103781068451,0.6783905126895654,64.7,HOLD,18.0,16.0,BULLISH,17.79,2026-04-28,Sales: 8976 Cr (YoY +17.8%); NetProfit: 453 Cr (YoY +45.2%); EPS: 40.1,"Sales last 3Q: 2059, 2164, 2536 Cr; Net Profit last 3Q: 90, 116, 118 Cr",Debt: 393 Cr,ROCE: 20%; EPS: 40.1; NPM: 5.05%,True,2026-04-29T05:24:31Z,RRKABEL vs Nifty 500: stock 60-session return 20.92% vs index -0.24% (+21.16 percentage points excess). Index membership tag: NIFTY 500.,HOLD
INDIACEM,NIFTY 500,2026-04-28,419.2,485.8,-13.71,86.29,6.54,-4.4477,21.93,1.218409,12.4371,-47.2882,-14.35,,,,-1.0108071523348838,0.2854167605188641,5.281433168779037,-1.2678891120660125,0.04603527971507412,0.6668377889224157,25.3,SELL,6.0,8.0,BEARISH,-5.78,2026-04-28,Sales: 4485 Cr (YoY +8.1%); NetProfit: -67 Cr (YoY +53.5%); EPS: -2.17,"Sales last 3Q: 1117, 1114, 1229 Cr; Net Profit last 3Q: 9, -3, 60 Cr",Debt: 1305 Cr,ROCE: 2%; EPS: -2.17; NPM: -1.49%,True,2026-04-29T05:24:31Z,INDIACEM vs Nifty 500: stock 60-session return -7.66% vs index -0.24% (-7.42 percentage points excess). Index membership tag: NIFTY 500.,SELL
STAR,NIFTY MICROCAP 250,2026-04-28,1051.95,1110.0,-5.23,94.77,13.41,33.4842,32.11,0.544289,0.9211,164.7094,-54.06,,,,0.8604322919537032,-0.8074353093825128,-0.3033764244963813,2.4619201005823386,0.9705538395279841,0.6364188996370264,50.7,HOLD,13.0,4.0,STRONG_BULLISH,23.36,2026-04-28,Sales: 4726 Cr (YoY +3.5%); NetProfit: 531 Cr (YoY -85.2%); EPS: 55.48,"Sales last 3Q: 1120, 1221, 1195 Cr; Net Profit last 3Q: 106, 132, 208 Cr",Debt: 1844 Cr,ROCE: 5%; EPS: 55.48; NPM: 11.24%,True,2026-04-29T05:24:31Z,STAR vs NIFTY MICROCAP250: stock 60-session return 32.56% vs index 12.10% (+20.46 percentage points excess). Index membership tag: NIFTY MICROCAP 250.,HOLD
PRSMJOHNSN,NIFTY MICROCAP 250,2026-04-28,132.95,176.0,-24.46,75.54,5.6,10.3734,10.89,0.236811,11.0969,92.3828,-7.75,,,,-0.27965930770422787,-1.3059043783155448,4.631488585858951,1.1894320205308089,-1.125966432311905,0.6218780976116164,44.7,WEAK_HOLD,9.0,8.0,BULLISH,10.49,2026-04-28,Sales: 7723 Cr (YoY +5.6%); NetProfit: 167 Cr (YoY +271.1%); EPS: 3.89,"Sales last 3Q: 1922, 1855, 1844 Cr; Net Profit last 3Q: -6, 2, 50 Cr",Debt: 1694 Cr,ROCE: 3%; EPS: 3.89; NPM: 2.16%,True,2026-04-29T05:24:31Z,PRSMJOHNSN vs NIFTY MICROCAP250: stock 60-session return 12.05% vs index 12.10% (-0.05 percentage points excess). Index membership tag: NIFTY MICROCAP 250.,WEAK_HOLD
INOXINDIA,NIFTY 500,2026-04-28,1487.2,1615.9,-7.96,92.04,18.98,37.7865,36.42,0.617209,2.5651,109.5091,-9.9,,,,1.0726714221096612,-0.689220788322155,0.49389927638454867,1.4907459576630195,0.6729199163806676,0.6082031568431484,49.3,WEAK_HOLD,15.0,6.0,STRONG_BULLISH,31.48,2026-04-28,Sales: 1496 Cr (YoY +14.5%); NetProfit: 248 Cr (YoY +9.7%); EPS: 27.34,"Sales last 3Q: 340, 358, 429 Cr; Net Profit last 3Q: 61, 61, 61 Cr",Debt: 99 Cr,ROCE: 37%; EPS: 27.34; NPM: 16.58%,True,2026-04-29T05:24:31Z,INOXINDIA vs Nifty 500: stock 60-session return 38.55% vs index -0.24% (+38.79 percentage points excess). Index membership tag: NIFTY 500.,WEAK_HOLD
CESC,NIFTY 500,2026-04-28,191.27,193.3,-1.05,98.95,19.98,35.1732,33.8,0.572916,2.0505,83.726,-13.7,54.43,51.0,55.22,0.9437532809208634,-0.7610265450600381,0.24433840310393637,1.0371274076858794,1.4262717145301025,0.5780928522361487,58.0,HOLD,16.0,8.0,BULLISH,27.84,2026-04-28,Sales: 18351 Cr (YoY +7.9%); NetProfit: 1541 Cr (YoY +7.9%); EPS: 11.11,"Sales last 3Q: 5202, 5267, 4005 Cr; Net Profit last 3Q: 404, 448, 304 Cr",Debt: 18811 Cr,ROCE: 10%; EPS: 11.11; NPM: 8.4%,True,2026-04-29T05:24:31Z,CESC vs Nifty 500: stock 60-session return 36.19% vs index -0.24% (+36.43 percentage points excess). Index membership tag: NIFTY 500.,WEAK_HOLD
HONASA,NIFTY 500,2026-04-28,346.5,359.75,-3.68,96.32,12.71,30.783,31.23,1.200967,0.4451,97.1641,-20.0,,,,0.7271779074669696,0.2571405992965001,-0.5342178074765046,1.2735524859909633,1.1395401328900137,0.5726386636335884,50.0,HOLD,13.0,8.0,STRONG_BULLISH,20.98,2026-04-28,Sales: 2268 Cr (YoY +9.7%); NetProfit: 156 Cr (YoY +113.7%); EPS: 4.79,"Sales last 3Q: 595, 538, 602 Cr; Net Profit last 3Q: 41, 39, 50 Cr",Debt: 142 Cr,ROCE: 7%; EPS: 4.79; NPM: 6.88%,True,2026-04-29T05:24:31Z,HONASA vs Nifty 500: stock 60-session return 28.17% vs index -0.24% (+28.40 percentage points excess). Index membership tag: NIFTY 500.,WEAK_HOLD
THERMAX,NIFTY 500,2026-04-28,4015.3,4305.0,-6.73,93.27,19.16,41.2576,43.65,0.752583,1.2441,104.9854,-10.79,,,,1.2439061674050487,-0.4697587398577437,-0.14673405747415483,1.4111576135720607,0.8070187169195684,0.5691179401129559,50.7,HOLD,15.0,8.0,STRONG_BULLISH,39.8,2026-04-28,Sales: 10351 Cr (YoY -0.4%); NetProfit: 681 Cr (YoY +8.6%); EPS: 57.24,"Sales last 3Q: 2158, 2474, 2635 Cr; Net Profit last 3Q: 151, 119, 205 Cr",Debt: 1811 Cr,ROCE: 17%; EPS: 57.24; NPM: 6.58%,True,2026-04-29T05:24:31Z,THERMAX vs Nifty 500: stock 60-session return 41.83% vs index -0.24% (+42.07 percentage points excess). Index membership tag: NIFTY 500.,WEAK_HOLD
SANSERA,NIFTY MICROCAP 250,2026-04-28,2576.7,2672.5,-3.58,96.42,14.73,55.6,54.23,0.919132,1.1364,30.6927,-6.82,48.59,39.29,49.57,1.9514389987624192,-0.19975722767889667,-0.19896434517785075,0.10407868016658749,1.1504424743972415,0.5614477160939002,51.3,HOLD,15.0,8.0,STRONG_BULLISH,30.78,2026-04-28,Sales: 3281 Cr (YoY +8.8%); NetProfit: 263 Cr (YoY +21.2%); EPS: 42.21,"Sales last 3Q: 766, 825, 908 Cr; Net Profit last 3Q: 63, 71, 69 Cr",Debt: 439 Cr,ROCE: 13%; EPS: 42.21; NPM: 8.02%,True,2026-04-29T05:24:31Z,SANSERA vs NIFTY MICROCAP250: stock 60-session return 56.50% vs index 12.10% (+44.39 percentage points excess). Index membership tag: NIFTY MICROCAP 250.,WEAK_HOLD
KTKBANK,NIFTY MICROCAP 250,2026-04-28,263.63,265.01,-0.52,99.48,17.5,45.2583,46.94,0.838264,0.8433,55.8282,-8.01,,,,1.4412669018993756,-0.33085667761182325,-0.3411063816305275,0.546303589620858,1.4840541245184093,0.5599323113592585,66.7,BUY,16.0,18.0,STRONG_BULLISH,31.7,2026-04-28,Revenue: 8919 Cr (YoY -1.1%); NetProfit: 1155 Cr (YoY -9.3%); EPS: 30.55,"Sales last 3Q: 2261, 2179, 2220 Cr; Net Profit last 3Q: 292, 319, 291 Cr",,ROE: 11%; EPS: 30.55; NPM: 12.95%,True,2026-04-29T05:24:31Z,KTKBANK vs NIFTY MICROCAP250: stock 60-session return 47.45% vs index 12.10% (+35.35 percentage points excess). Index membership tag: NIFTY MICROCAP 250.,HOLD
LLOYDSME,NIFTY 500,2026-04-28,1751.9,1761.0,-0.52,99.48,31.38,54.7775,59.52,1.062941,1.108,-2.7266,-9.8,,,,1.9108637983920882,0.03337925146494577,-0.21273723441447995,-0.4838884148394836,1.4840541245184093,0.546334305024296,52.7,HOLD,16.0,6.0,STRONG_BULLISH,44.35,2026-04-28,Sales: 12286 Cr (YoY +82.8%); NetProfit: 2500 Cr (YoY +72.4%); EPS: 46.23,"Sales last 3Q: 2384, 3651, 5058 Cr; Net Profit last 3Q: 642, 567, 1090 Cr",Debt: 8163 Cr,ROCE: 38%; EPS: 46.23; NPM: 20.35%,True,2026-04-29T05:24:31Z,LLOYDSME vs Nifty 500: stock 60-session return 59.16% vs index -0.24% (+59.40 percentage points excess). Index membership tag: NIFTY 500.,WEAK_HOLD
VIJAYA,NIFTY 500,2026-04-28,1110.4,1180.0,-5.9,94.1,14.11,17.534,28.91,1.605913,1.6365,70.1218,-9.79,,,,0.07358419353807356,0.9136202680472908,0.043564595217862795,0.7977800259668848,0.8975081514295584,0.545211446839934,51.3,HOLD,12.0,8.0,BULLISH,12.83,2026-04-28,Sales: 768 Cr (YoY +12.8%); NetProfit: 160 Cr (YoY +11.1%); EPS: 15.55,"Sales last 3Q: 188, 202, 205 Cr; Net Profit last 3Q: 39, 43, 43 Cr",Debt: 365 Cr,ROCE: 20%; EPS: 15.55; NPM: 20.83%,True,2026-04-29T05:24:31Z,VIJAYA vs Nifty 500: stock 60-session return 14.66% vs index -0.24% (+14.90 percentage points excess). Index membership tag: NIFTY 500.,WEAK_HOLD
SCHNEIDER,NIFTY 500,2026-02-23,914.45,948.8,-3.62,96.38,25.83,12.8115,57.88,2.63098,3.0267,-64.4344,-8.84,,,,-0.15938405418093995,2.5754113330469863,0.7177572225686345,-1.5695531626114485,1.1460815377943503,0.5420625753235165,,,,,,,,Sales: 2888 Cr (YoY +9.5%); NetProfit: 245 Cr (YoY -8.6%); EPS: 10.25,"Sales last 3Q: 622, 650, 1029 Cr; Net Profit last 3Q: 41, 52, 97 Cr",Debt: 527 Cr,ROCE: 41%; EPS: 10.25; NPM: 8.48%,True,2026-04-29T05:24:31Z,SCHNEIDER vs Nifty 500: stock 60-session return 11.34% vs index -0.24% (+11.58 percentage points excess). Index membership tag: NIFTY 500.,REVIEW_NO_TECH
SHAILY,NIFTY MICROCAP 250,2026-04-28,2489.4,2799.9,-11.09,88.91,20.78,36.9594,36.66,0.63207,2.5932,110.0366,-80.88,52.91,50.83,52.39,1.0318692966065601,-0.6651288245608005,0.5075266773545937,1.5000266021593345,0.3316766272044403,0.5411940757528256,40.7,WEAK_HOLD,11.0,0.0,BULLISH,16.71,2026-04-28,Sales: 972 Cr (YoY +23.5%); NetProfit: 158 Cr (YoY +69.9%); EPS: 34.45,"Sales last 3Q: 247, 257, 250 Cr; Net Profit last 3Q: 41, 51, 37 Cr",Debt: 189 Cr,ROCE: 17%; EPS: 34.45; NPM: 16.26%,True,2026-04-29T05:24:31Z,SHAILY vs NIFTY MICROCAP250: stock 60-session return 35.23% vs index 12.10% (+23.12 percentage points excess). Index membership tag: NIFTY MICROCAP 250.,SELL
TATACHEM,NIFTY 500,2026-04-28,802.15,1026.65,-21.87,78.13,17.56,11.6627,37.53,2.08506,3.0287,100.9003,-10.63,,,,-0.21605613951277755,1.6903911556296722,0.718727144345862,1.3392858394831573,-0.8435957872747072,0.5377504425342414,60.7,HOLD,18.0,14.0,BEARISH,16.22,2026-04-28,Sales: 14655 Cr (YoY -1.6%); NetProfit: 352 Cr (YoY -9%); EPS: 7.06,"Sales last 3Q: 3719, 3877, 3550 Cr; Net Profit last 3Q: 316, 154, -69 Cr",Debt: 7495 Cr,ROCE: 4%; EPS: 7.06; NPM: 2.4%,True,2026-04-29T05:24:31Z,TATACHEM vs Nifty 500: stock 60-session return 12.88% vs index -0.24% (+13.11 percentage points excess). Index membership tag: NIFTY 500.,WEAK_HOLD
ASTERDM,NIFTY 500,2026-04-28,705.3,732.2,-3.67,96.33,7.15,29.6892,31.11,0.586959,0.8449,132.8353,-22.18,60.89,56.0,64.13,0.6732190574182544,-0.7382606849496348,-0.3403304442087456,1.9011386963359,1.1406303670407365,0.5272793983273021,70.7,BUY,14.0,8.0,STRONG_BULLISH,26.53,2026-04-28,Sales: 4461 Cr (YoY +7.8%); NetProfit: 359 Cr (YoY -93.4%); EPS: 6.36,"Sales last 3Q: 1078, 1197, 1186 Cr; Net Profit last 3Q: 94, 121, 59 Cr",Debt: 2089 Cr,ROCE: 139%; EPS: 6.36; NPM: 8.05%,True,2026-04-29T05:24:31Z,ASTERDM vs Nifty 500: stock 60-session return 27.26% vs index -0.24% (+27.50 percentage points excess). Index membership tag: NIFTY 500.,HOLD
SHARDACROP,NIFTY MICROCAP 250,2026-04-28,1162.6,1297.0,-10.36,89.64,8.61,34.9113,33.62,1.867601,0.4264,50.9311,-10.17,,,,0.9308333478181402,1.3378567132919825,-0.5432865760935808,0.4601457807812284,0.41126372020720264,0.5193625972009946,50.0,HOLD,6.0,16.0,BULLISH,3.6,2026-04-28,Sales: 5031 Cr (YoY +16.5%); NetProfit: 566 Cr (YoY +86.2%); EPS: 62.72,"Sales last 3Q: 985, 929, 1289 Cr; Net Profit last 3Q: 143, 74, 145 Cr",Debt: 4 Cr,ROCE: 16%; EPS: 62.72; NPM: 11.25%,True,2026-04-29T05:24:31Z,SHARDACROP vs NIFTY MICROCAP250: stock 60-session return 40.03% vs index 12.10% (+27.93 percentage points excess). Index membership tag: NIFTY MICROCAP 250.,WEAK_HOLD
PNBHOUSING,NIFTY 500,2026-04-28,1043.55,1141.9,-8.61,91.39,23.67,24.7879,39.0,1.772773,4.0596,-23.1826,-18.02,,,,0.4314303284515628,1.1841259589980766,1.2186733244177297,-0.8437838912690974,0.6020546965836876,0.5185000834363918,45.3,WEAK_HOLD,15.0,6.0,BULLISH,26.25,2026-04-28,Revenue: 8505 Cr (YoY +10.7%); NetProfit: 2291 Cr (YoY +18.3%); EPS: 87.94,"Sales last 3Q: 2128, 2119, 2182 Cr; Net Profit last 3Q: 582, 520, 656 Cr",,ROE: 12%; EPS: 87.94; NPM: 26.94%,True,2026-04-29T05:24:31Z,PNBHOUSING vs Nifty 500: stock 60-session return 26.43% vs index -0.24% (+26.66 percentage points excess). Index membership tag: NIFTY 500.,SELL
CGPOWER,NIFTY 500,2026-04-28,831.2,846.9,-1.85,98.15,15.27,44.2013,42.83,0.725935,1.1593,54.7206,-8.63,55.37,51.0,53.04,1.3891234529128225,-0.5129592411909364,-0.18785874082859697,0.5268168752244246,1.3390529824722808,0.5108350657179989,59.3,HOLD,15.0,8.0,STRONG_BULLISH,26.12,2026-04-28,Sales: 11729 Cr (YoY +18.4%); NetProfit: 1109 Cr (YoY +14%); EPS: 7.17,"Sales last 3Q: 2878, 2923, 3175 Cr; Net Profit last 3Q: 267, 284, 284 Cr",Debt: 117 Cr,ROCE: 36%; EPS: 7.17; NPM: 9.46%,True,2026-04-29T05:24:31Z,CGPOWER vs Nifty 500: stock 60-session return 56.64% vs index -0.24% (+56.87 percentage points excess). Index membership tag: NIFTY 500.,WEAK_HOLD
RADICO,NIFTY 500,2026-04-28,3399.2,3591.9,-5.36,94.64,20.64,25.1225,33.76,0.964674,1.6798,92.5454,-6.18,,,,0.44793666528306764,-0.12592665008522108,0.06456340169483614,1.1922927462087252,0.9563807955685882,0.5070493917339992,52.7,HOLD,16.0,11.0,BULLISH,27.16,2026-04-28,Sales: 5851 Cr (YoY +20.8%); NetProfit: 517 Cr (YoY +49.4%); EPS: 38.62,"Sales last 3Q: 1506, 1494, 1547 Cr; Net Profit last 3Q: 131, 140, 155 Cr",Debt: 624 Cr,ROCE: 16%; EPS: 38.62; NPM: 8.84%,True,2026-04-29T05:24:31Z,RADICO vs Nifty 500: stock 60-session return 16.25% vs index -0.24% (+16.49 percentage points excess). Index membership tag: NIFTY 500.,WEAK_HOLD
PTC,NIFTY MICROCAP 250,2026-04-28,205.71,207.0,-0.62,99.38,21.03,19.1621,33.82,1.056914,2.6624,43.5844,-17.72,,,,0.15390089107355817,0.023608558672422772,0.541085970846662,0.3308905942009858,1.4731517830111818,0.5045275595609621,65.3,BUY,16.0,16.0,STRONG_BULLISH,12.74,2026-04-28,Sales: 15797 Cr (YoY -2.7%); NetProfit: 968 Cr (YoY -0.8%); EPS: 28.78,"Sales last 3Q: 4009, 5459, 3405 Cr; Net Profit last 3Q: 243, 222, 131 Cr",Debt: 2264 Cr,ROCE: 12%; EPS: 28.78; NPM: 6.13%,True,2026-04-29T05:24:31Z,PTC vs NIFTY MICROCAP250: stock 60-session return 22.45% vs index 12.10% (+10.34 percentage points excess). Index membership tag: NIFTY MICROCAP 250.,HOLD
SUNFLAG,NIFTY MICROCAP 250,2026-04-28,294.48,322.0,-8.55,91.45,21.89,20.1131,51.72,2.873089,2.0319,-60.2487,-11.63,,,,0.20081519569627537,2.9679072118100436,0.23531813057572137,-1.495911468453674,0.608596101488024,0.5033450342232781,46.0,WEAK_HOLD,13.0,6.0,BULLISH,18.22,2026-04-28,Sales: 3822 Cr (YoY +8.1%); NetProfit: 211 Cr (YoY +30.2%); EPS: 11.73,"Sales last 3Q: 1023, 973, 942 Cr; Net Profit last 3Q: 63, 46, 60 Cr",Debt: 580 Cr,ROCE: 4%; EPS: 11.73; NPM: 5.52%,True,2026-04-29T05:24:31Z,SUNFLAG vs NIFTY MICROCAP250: stock 60-session return 22.75% vs index 12.10% (+10.65 percentage points excess). Index membership tag: NIFTY MICROCAP 250.,SELL
IMFA,NIFTY MICROCAP 250,2026-04-28,1631.9,1653.9,-1.33,98.67,22.97,35.2982,40.77,0.727964,2.6568,31.2116,-14.16,,,,0.9499197247461417,-0.5096699205212782,0.5383701898704253,0.11320801936874468,1.395745158309865,0.4975146343547797,65.3,BUY,18.0,14.0,STRONG_BULLISH,18.18,2026-04-28,Sales: 2630 Cr (YoY +2.5%); NetProfit: 369 Cr (YoY -2.6%); EPS: 68.28,"Sales last 3Q: 642, 719, 703 Cr; Net Profit last 3Q: 93, 98, 131 Cr",Debt: 435 Cr,ROCE: 21%; EPS: 68.28; NPM: 14.03%,True,2026-04-29T05:24:31Z,IMFA vs NIFTY MICROCAP250: stock 60-session return 43.88% vs index 12.10% (+31.78 percentage points excess). Index membership tag: NIFTY MICROCAP 250.,HOLD
ABB,NIFTY 500,2026-04-28,7288.0,7822.5,-6.83,93.17,14.62,45.874,44.5,0.754285,1.1224,74.7123,-12.16,61.29,73.0,55.43,1.4716403376051663,-0.46699953641774467,-0.20575379761844262,0.8785436251333955,0.7961163754123408,0.4947094008229431,64.7,HOLD,15.0,8.0,STRONG_BULLISH,28.32,2026-04-28,Sales: 13203 Cr (YoY +8.3%); NetProfit: 1668 Cr (YoY -10.9%); EPS: 78.73,"Sales last 3Q: 3175, 3311, 3557 Cr; Net Profit last 3Q: 352, 409, 433 Cr",Debt: 85 Cr,ROCE: 30%; EPS: 78.73; NPM: 12.63%,True,2026-04-29T05:24:31Z,ABB vs Nifty 500: stock 60-session return 54.82% vs index -0.24% (+55.05 percentage points excess). Index membership tag: NIFTY 500.,WEAK_HOLD
YATHARTH,NIFTY MICROCAP 250,2026-04-28,780.6,843.7,-7.48,92.52,12.46,42.452,41.08,0.696285,0.9946,96.9035,-11.9,,,,1.302827771444348,-0.5610264456539041,-0.26773179918327406,1.2689675837052006,0.7252511556153606,0.49365765318554616,68.7,BUY,18.0,16.0,STRONG_BULLISH,19.54,2026-04-28,Sales: 1089 Cr (YoY +26.6%); NetProfit: 165 Cr (YoY +26%); EPS: 17.37,"Sales last 3Q: 258, 279, 320 Cr; Net Profit last 3Q: 42, 41, 43 Cr",Debt: 26 Cr,ROCE: 10%; EPS: 17.37; NPM: 15.15%,True,2026-04-29T05:24:31Z,YATHARTH vs NIFTY MICROCAP250: stock 60-session return 40.14% vs index 12.10% (+28.04 percentage points excess). Index membership tag: NIFTY MICROCAP 250.,HOLD
CHENNPETRO,NIFTY 500,2026-04-28,1072.3,1103.0,-2.78,97.22,10.36,27.5464,27.52,0.50033,1.4601,114.3571,-15.1,68.3,82.0,71.74,0.5675114107878039,-0.878699600815484,-0.041982505533594706,1.57603991883484,1.2376612064550632,0.49210608594572564,79.3,BUY,16.0,14.0,STRONG_BULLISH,20.87,2026-04-28,Sales: 63640 Cr (YoY +7.9%); NetProfit: 3103 Cr (YoY +1350%); EPS: 208.36,"Sales last 3Q: 16327, 15683, 16817 Cr; Net Profit last 3Q: 719, 1002, 1422 Cr",Debt: 1964 Cr,ROCE: 36%; EPS: 208.36; NPM: 4.88%,True,2026-04-29T05:24:31Z,CHENNPETRO vs Nifty 500: stock 60-session return 27.78% vs index -0.24% (+28.02 percentage points excess). Index membership tag: NIFTY 500.,HOLD
RATNAMANI,NIFTY MICROCAP 250,2026-04-28,2676.3,3050.0,-12.25,87.75,13.56,30.9992,37.5,0.765306,0.5963,162.4286,-7.82,,,,0.7378433887071708,-0.4491328025092668,-0.4608917211181125,2.4217925290805464,0.2052094657205988,0.49096417197618736,,,,,,,,Sales: 5124 Cr (YoY -1.2%); NetProfit: 622 Cr (YoY +14.8%); EPS: 83.46,"Sales last 3Q: 1152, 1192, 1066 Cr; Net Profit last 3Q: 127, 156, 135 Cr",Debt: 241 Cr,ROCE: 22%; EPS: 83.46; NPM: 12.14%,True,2026-04-29T05:24:31Z,RATNAMANI vs NIFTY MICROCAP250: stock 60-session return 32.42% vs index 12.10% (+20.31 percentage points excess). Index membership tag: NIFTY MICROCAP 250.,REVIEW_NO_TECH
TATAPOWER,NIFTY 500,2026-04-28,461.8,464.9,-0.67,99.33,16.87,31.4374,30.07,0.509596,1.6567,81.8929,-12.47,,,,0.7594604741810664,-0.8636779914882039,0.05336080516785962,1.0048765082997273,1.4677006122575678,0.48434408168360343,56.7,HOLD,18.0,10.0,STRONG_BULLISH,28.99,2026-04-28,Sales: 64624 Cr (YoY -1.3%); NetProfit: 5008 Cr (YoY +4.9%); EPS: 11.88,"Sales last 3Q: 18035, 15545, 13948 Cr; Net Profit last 3Q: 1262, 1245, 1194 Cr",Debt: 70083 Cr,ROCE: 15%; EPS: 11.88; NPM: 7.75%,True,2026-04-29T05:24:31Z,TATAPOWER vs Nifty 500: stock 60-session return 32.80% vs index -0.24% (+33.03 percentage points excess). Index membership tag: NIFTY 500.,WEAK_HOLD
AUROPHARMA,"NIFTY 500,NIFTY MIDCAP SELECT",2026-04-28,1422.6,1459.5,-2.53,97.47,10.84,26.1716,26.55,0.531092,0.7374,130.8205,-6.92,67.41,70.0,70.43,0.4996903950198634,-0.8288296735409542,-0.39246373973471876,1.8656910327696907,1.2649170602231325,0.4818010149474027,64.7,HOLD,13.0,10.0,STRONG_BULLISH,30.71,2026-04-28,Sales: 33182 Cr (YoY +4.6%); NetProfit: 3485 Cr (YoY +0%); EPS: 60.04,"Sales last 3Q: 7868, 8286, 8646 Cr; Net Profit last 3Q: 824, 848, 910 Cr",Debt: 7794 Cr,ROCE: 11%; EPS: 60.04; NPM: 10.5%,True,2026-04-29T05:24:31Z,AUROPHARMA vs Nifty 500: stock 60-session return 25.93% vs index -0.24% (+26.16 percentage points excess). Index membership tag: NIFTY 500. AUROPHARMA vs NIFTY MID SELECT: stock 60-session return 25.93% vs index 6.38% (+19.55 percentage points excess). Index membership tag: NIFTY MIDCAP SELECT.,WEAK_HOLD
KSB,NIFTY 500,2026-04-28,989.05,1028.3,-3.82,96.18,21.39,44.0089,45.15,0.778443,0.8671,62.2397,-80.06,,,,1.379632062576954,-0.42783570756727674,-0.32956431248152135,0.6591052051433681,1.124276854779895,0.48112282049028376,49.3,WEAK_HOLD,15.0,8.0,STRONG_BULLISH,39.06,2026-04-28,Sales: 2696 Cr (YoY +6.4%); NetProfit: 270 Cr (YoY +9.3%); EPS: 15.54,"Sales last 3Q: 667, 650, 784 Cr; Net Profit last 3Q: 70, 68, 81 Cr",Debt: 5 Cr,ROCE: 25%; EPS: 15.54; NPM: 10.01%,True,2026-04-29T05:24:31Z,KSB vs Nifty 500: stock 60-session return 45.45% vs index -0.24% (+45.68 percentage points excess). Index membership tag: NIFTY 500.,SELL
JSWENERGY,NIFTY 500,2026-04-28,580.9,585.65,-0.81,99.19,15.51,31.5449,30.17,0.511418,1.5779,82.457,-16.0,,,,0.7647636158708057,-0.8607242496153025,0.015145887145099728,1.0148010799781564,1.452437334147449,0.47728473350524164,54.7,HOLD,16.0,10.0,STRONG_BULLISH,24.26,2026-04-28,Sales: 17592 Cr (YoY +49.8%); NetProfit: 2603 Cr (YoY +31.3%); EPS: 13.01,"Sales last 3Q: 5143, 5177, 4082 Cr; Net Profit last 3Q: 836, 824, 529 Cr",Debt: 69104 Cr,ROCE: 6%; EPS: 13.01; NPM: 14.8%,True,2026-04-29T05:24:31Z,JSWENERGY vs Nifty 500: stock 60-session return 32.01% vs index -0.24% (+32.24 percentage points excess). Index membership tag: NIFTY 500.,WEAK_HOLD
AARTIIND,NIFTY 500,2026-04-28,501.7,506.4,-0.93,99.07,14.81,42.4567,41.34,0.712825,1.2775,40.6758,-15.45,20.43,10.0,10.0,1.3030596297321784,-0.5342125649855235,-0.13053636379445707,0.2797177362256644,1.4393545243387758,0.4714765923033276,57.3,HOLD,14.0,6.0,STRONG_BULLISH,11.41,2026-04-28,Sales: 8042 Cr (YoY +10.6%); NetProfit: 378 Cr (YoY +14.2%); EPS: 10.43,"Sales last 3Q: 1675, 2100, 2318 Cr; Net Profit last 3Q: 43, 106, 133 Cr",Debt: 3973 Cr,ROCE: 6%; EPS: 10.43; NPM: 4.7%,True,2026-04-29T05:24:31Z,AARTIIND vs Nifty 500: stock 60-session return 43.28% vs index -0.24% (+43.52 percentage points excess). Index membership tag: NIFTY 500.,WEAK_HOLD
ADVENZYMES,NIFTY MICROCAP 250,2026-04-28,342.0,366.25,-6.62,93.38,16.65,23.4051,33.96,1.886669,2.3305,-10.3893,-15.27,10.0,10.0,10.0,0.36321466027880434,1.3687688702801735,0.38012745191577346,-0.6187031912980875,0.8190112925775189,0.4624838167508365,57.3,HOLD,18.0,6.0,BULLISH,18.62,2026-04-28,Sales: 710 Cr (YoY +11.5%); NetProfit: 155 Cr (YoY +15.7%); EPS: 13.61,"Sales last 3Q: 186, 185, 172 Cr; Net Profit last 3Q: 40, 45, 43 Cr",Debt: 35 Cr,ROCE: 20%; EPS: 13.61; NPM: 21.83%,True,2026-04-29T05:24:31Z,ADVENZYMES vs NIFTY MICROCAP250: stock 60-session return 28.33% vs index 12.10% (+16.23 percentage points excess). Index membership tag: NIFTY MICROCAP 250.,WEAK_HOLD
ENGINERSIN,NIFTY 500,2026-04-28,256.54,264.6,-3.05,96.95,21.9,49.4206,50.93,0.878147,0.7442,29.5798,-17.31,,,,1.646599614971022,-0.2662002082831034,-0.38916600569214566,0.08449871948421962,1.208224884385548,0.45679140097310816,48.0,WEAK_HOLD,15.0,6.0,STRONG_BULLISH,44.09,2026-04-28,Sales: 4012 Cr (YoY +29.9%); NetProfit: 776 Cr (YoY +33.8%); EPS: 13.81,"Sales last 3Q: 870, 921, 1210 Cr; Net Profit last 3Q: 65, 83, 347 Cr",Debt: 20 Cr,ROCE: 24%; EPS: 13.81; NPM: 19.34%,True,2026-04-29T05:24:31Z,ENGINERSIN vs Nifty 500: stock 60-session return 55.89% vs index -0.24% (+56.13 percentage points excess). Index membership tag: NIFTY 500.,SELL
JSFB,NIFTY MICROCAP 250,2026-04-28,491.5,552.5,-11.04,88.96,28.1,35.9918,43.78,1.368016,1.9973,34.7044,-10.07,,,,0.9841360882438457,0.5279526882791072,0.21853848382968732,0.17465908116349216,0.3371277979580542,0.4484828278948373,46.7,WEAK_HOLD,16.0,7.0,BULLISH,27.47,2026-04-28,Revenue: 5140 Cr (YoY +9.1%); NetProfit: 310 Cr (YoY -38.1%); EPS: 29.49,"Sales last 3Q: 1252, 1305, 1384 Cr; Net Profit last 3Q: 102, 75, 10 Cr",,ROE: 13%; EPS: 29.49; NPM: 6.03%,True,2026-04-29T05:24:31Z,JSFB vs NIFTY MICROCAP250: stock 60-session return 33.43% vs index 12.10% (+21.33 percentage points excess). Index membership tag: NIFTY MICROCAP 250.,SELL
INGERRAND,NIFTY MICROCAP 250,2026-04-28,4244.4,4477.8,-5.21,94.79,10.43,33.777,32.41,0.549251,1.2746,96.5203,-6.53,,,,0.874876569970035,-0.7993911451819986,-0.13194275037143685,1.262225701295745,0.9727343078294296,0.43570053670835485,,,,,,,,Sales: 1415 Cr (YoY +5.9%); NetProfit: 259 Cr (YoY -3.4%); EPS: 82,"Sales last 3Q: 315, 322, 455 Cr; Net Profit last 3Q: 59, 60, 72 Cr",Debt: 10 Cr,ROCE: 60%; EPS: 82; NPM: 18.3%,True,2026-04-29T05:24:31Z,INGERRAND vs NIFTY MICROCAP250: stock 60-session return 34.61% vs index 12.10% (+22.51 percentage points excess). Index membership tag: NIFTY MICROCAP 250.,REVIEW_NO_TECH
DMART,NIFTY 500,2026-04-28,4544.4,4949.5,-8.18,91.82,11.21,23.0191,24.31,1.105154,0.888,101.8321,-8.51,,,,0.3441726817463451,0.10181300869918727,-0.31942862990949494,1.3556795921687805,0.6489347650647667,0.42623428355391696,53.3,HOLD,13.0,8.0,STRONG_BULLISH,17.71,2026-04-28,Sales: 66009 Cr (YoY +11.2%); NetProfit: 2864 Cr (YoY +5.8%); EPS: 44.03,"Sales last 3Q: 16360, 16676, 18101 Cr; Net Profit last 3Q: 773, 685, 856 Cr",Debt: 1609 Cr,ROCE: 18%; EPS: 44.03; NPM: 4.34%,True,2026-04-29T05:24:31Z,DMART vs Nifty 500: stock 60-session return 23.81% vs index -0.24% (+24.04 percentage points excess). Index membership tag: NIFTY 500.,WEAK_HOLD
GESHIP,NIFTY 500,2026-04-28,1474.4,1509.0,-2.29,97.71,6.27,27.0017,25.63,0.434416,0.7248,120.3667,-8.14,,,,0.5406405151747713,-0.9855563197015569,-0.3985742469312515,1.6817706509012953,1.2910826798404789,0.42587265585674744,60.0,HOLD,8.0,18.0,STRONG_BULLISH,13.97,2026-04-28,Sales: 5121 Cr (YoY -3.8%); NetProfit: 2262 Cr (YoY -3.5%); EPS: 158.4,"Sales last 3Q: 1201, 1242, 1454 Cr; Net Profit last 3Q: 504, 581, 813 Cr",Debt: 1254 Cr,ROCE: 15%; EPS: 158.4; NPM: 44.17%,True,2026-04-29T05:24:31Z,GESHIP vs Nifty 500: stock 60-session return 31.93% vs index -0.24% (+32.16 percentage points excess). Index membership tag: NIFTY 500.,WEAK_HOLD
VSTIND,NIFTY MICROCAP 250,2026-04-28,260.47,334.65,-22.17,77.83,12.56,12.2567,30.19,1.677191,6.7984,2.9631,-89.2,,,,-0.18675319845505509,1.029172854884101,2.546884206152943,-0.3837858878429264,-0.8763028117963904,0.4258430325885344,48.0,WEAK_HOLD,11.0,11.0,BULLISH,12.41,2026-04-28,Sales: 471 Cr (YoY +23.9%); NetProfit: 62 Cr (YoY +0%); EPS: 3.65,"Sales last 3Q: 336, 373, 457 Cr; Net Profit last 3Q: 59, 60, 117 Cr",Debt: 0 Cr,ROCE: 28%; EPS: 3.65; NPM: 13.16%,True,2026-04-29T05:24:31Z,VSTIND vs NIFTY MICROCAP250: stock 60-session return 12.51% vs index 12.10% (+0.41 percentage points excess). Index membership tag: NIFTY MICROCAP 250.,SELL
ADANIENT,NIFTY 500,2026-04-28,2412.4,2695.0,-10.49,89.51,15.87,22.3117,37.16,2.064539,1.2532,18.3184,-28.2,10.0,10.0,10.0,0.30927554285033004,1.6571234624497544,-0.14232091338777006,-0.11363028512393697,0.39709067624780653,0.42150769660723675,60.0,HOLD,14.0,14.0,BULLISH,12.42,2026-04-28,Sales: 94995 Cr (YoY -3%); NetProfit: 14132 Cr (YoY +76.5%); EPS: 103.69,"Sales last 3Q: 21961, 21249, 24820 Cr; Net Profit last 3Q: 976, 3414, 5727 Cr",Debt: 109465 Cr,ROCE: 13%; EPS: 103.69; NPM: 14.88%,True,2026-04-29T05:24:31Z,ADANIENT vs Nifty 500: stock 60-session return 23.11% vs index -0.24% (+23.35 percentage points excess). Index membership tag: NIFTY 500.,WEAK_HOLD
CEIGALL,NIFTY MICROCAP 250,2026-04-28,331.3,341.0,-2.84,97.16,14.94,22.86,25.8,1.172826,1.4032,47.043,-5.78,52.84,47.0,53.04,0.33632403204553074,0.21151971562728009,-0.06957678009571445,0.3917399535468727,1.2311198015507265,0.4202253445349392,58.0,HOLD,13.0,8.0,STRONG_BULLISH,16.29,2026-04-28,Sales: 3648 Cr (YoY +6.1%); NetProfit: 252 Cr (YoY -12.2%); EPS: 14.88,"Sales last 3Q: 838, 807, 991 Cr; Net Profit last 3Q: 51, 56, 72 Cr",Debt: 1343 Cr,ROCE: 22%; EPS: 14.88; NPM: 6.91%,True,2026-04-29T05:24:31Z,CEIGALL vs NIFTY MICROCAP250: stock 60-session return 20.32% vs index 12.10% (+8.22 percentage points excess). Index membership tag: NIFTY MICROCAP 250.,WEAK_HOLD
ISGEC,NIFTY MICROCAP 250,2026-04-28,1094.95,1281.3,-14.54,85.46,17.74,53.8712,52.53,0.905722,0.66,76.3757,-15.96,,,,1.8661546140812904,-0.22149689755573962,-0.4299997125134195,0.9078088840057565,-0.04445415479491569,0.41560254664459445,,,,,,,,Sales: 6515 Cr (YoY +1.4%); NetProfit: 297 Cr (YoY +12.5%); EPS: 34.98,"Sales last 3Q: 1341, 1691, 1739 Cr; Net Profit last 3Q: 59, 56, 84 Cr",Debt: 925 Cr,ROCE: 17%; EPS: 34.98; NPM: 4.56%,True,2026-04-29T05:24:31Z,ISGEC vs NIFTY MICROCAP250: stock 60-session return 57.66% vs index 12.10% (+45.56 percentage points excess). Index membership tag: NIFTY MICROCAP 250.,REVIEW_NO_TECH
NTPCGREEN,NIFTY 500,2026-04-28,115.81,119.95,-3.45,96.55,19.36,25.1395,35.96,0.642128,1.014,101.3859,-6.77,,,,0.44877530164330565,-0.6488232615763643,-0.25832355794416817,1.347829310511424,1.1646155183566376,0.4108146621981669,51.3,HOLD,15.0,8.0,STRONG_BULLISH,33.6,2026-04-28,Sales: 2568 Cr (YoY +16.2%); NetProfit: 557 Cr (YoY +17.5%); EPS: 0.66,"Sales last 3Q: 680, 612, 653 Cr; Net Profit last 3Q: 220, 86, 17 Cr",Debt: 21826 Cr,ROCE: 6%; EPS: 0.66; NPM: 21.69%,True,2026-04-29T05:24:31Z,NTPCGREEN vs Nifty 500: stock 60-session return 28.59% vs index -0.24% (+28.83 percentage points excess). Index membership tag: NIFTY 500.,WEAK_HOLD
SAIL,NIFTY 500,2026-04-28,185.63,189.1,-1.84,98.16,15.62,20.5634,29.77,1.353404,1.045,37.1728,-20.02,,,,0.223029192932458,0.5042643917660253,-0.2432897703971434,0.2180872193145901,1.3401432166230036,0.40844685004778675,54.7,HOLD,13.0,8.0,STRONG_BULLISH,19.47,2026-04-28,Sales: 109313 Cr (YoY +6.7%); NetProfit: 2788 Cr (YoY +17.5%); EPS: 6.75,"Sales last 3Q: 25922, 26704, 27371 Cr; Net Profit last 3Q: 745, 419, 374 Cr",Debt: 33663 Cr,ROCE: 7%; EPS: 6.75; NPM: 2.55%,True,2026-04-29T05:24:31Z,SAIL vs Nifty 500: stock 60-session return 19.33% vs index -0.24% (+19.57 percentage points excess). Index membership tag: NIFTY 500.,WEAK_HOLD
LLOYDSENT,NIFTY MICROCAP 250,2026-04-28,71.01,96.4,-26.34,73.66,32.22,22.5073,71.6,3.978036,0.9305,-55.5251,-9.28,,,,0.3189247941481256,4.759196026978436,-0.29881779214341253,-1.4128061559554868,-1.3309304526477856,0.40711328407597536,,,,,,,,Sales: 1526 Cr (YoY +2.6%); NetProfit: 373 Cr (YoY +203.3%); EPS: 1.66,"Sales last 3Q: 331, 407, 299 Cr; Net Profit last 3Q: 249, 62, 38 Cr",Debt: 671 Cr,ROCE: 1%; EPS: 1.66; NPM: 24.44%,True,2026-04-29T05:24:31Z,LLOYDSENT vs NIFTY MICROCAP250: stock 60-session return 30.92% vs index 12.10% (+18.81 percentage points excess). Index membership tag: NIFTY MICROCAP 250.,REVIEW_NO_TECH
