SECTOR_NAME,SECTOR_STRENGTH,TOTAL_STOCKS,SCORE_DATE,SYMBOL,COMPANY_NAME,SECTOR,MARKET_CAP_CATEGORY,CURRENT_PRICE,CHANGE_1D,CHANGE_1W,CHANGE_1M,TECHNICAL_SCORE,RSI,RELATIVE_STRENGTH,TREND_SIGNAL,TRADING_SIGNAL,CAN_SLIM_SCORE,MINERVINI_SCORE,FUNDAMENTAL_SCORE,ENHANCED_FUND_SCORE,EARNINGS_QUALITY,SALES_GROWTH,FINANCIAL_STRENGTH,INSTITUTIONAL_BACKING,TRADING_VALUE,RANK
Pharma & Healthcare,57.72,16,2026-05-11,LAURUSLABS,LAURUSLABS,NA,LARGE_CAP,1266.8,3.13,8.61,16.9,62,71.7,NA,STRONG_BULLISH,HOLD,16,10,NA,73.1,NA,NA,NA,NA,NA,4
Pharma & Healthcare,57.72,16,2026-05-11,BIOCON,Biocon Limited,NA,SMALL_CAP,390.45,2.64,8.28,12.94,57.3,74.1,NA,BULLISH,HOLD,13,18,NA,58.99,NA,NA,NA,NA,NA,18
Pharma & Healthcare,57.72,16,2026-05-11,GLENMARK,GLENMARK,NA,LARGE_CAP,2347.3,-0.81,-1.94,8.22,57.3,65.8,NA,STRONG_BULLISH,HOLD,12,10,NA,60.6,NA,NA,NA,NA,NA,18
Pharma & Healthcare,57.72,16,2026-05-11,TORNTPHARM,Torrent Pharmaceuticals Limited,NA,LARGE_CAP,4517.1,3.11,6.24,10.32,57.3,71.3,NA,STRONG_BULLISH,HOLD,11,16,NA,56.67,NA,NA,NA,NA,NA,18
Pharma & Healthcare,57.72,16,2026-05-11,NATCOPHARM,NATCOPHARM,NA,LARGE_CAP,1206,2.66,8.2,7.32,54.7,76.2,NA,STRONG_BULLISH,HOLD,16,4,NA,53.91,NA,NA,NA,NA,NA,26
Energy - Power,51.06,20,2026-05-11,TDPOWERSYS,TDPOWERSYS,NA,LARGE_CAP,1178.7,-3.35,1.39,34.32,54.7,69.5,NA,STRONG_BULLISH,HOLD,16,6,NA,53.43,NA,NA,NA,NA,NA,26
Energy - Power,51.06,20,2026-05-11,ARROWGREEN,ARROWGREEN,NA,MID_CAP,593.9,2.25,12.48,10.78,51.3,66.4,NA,STRONG_BEARISH,HOLD,14,8,NA,59.66,NA,NA,NA,NA,NA,50
Energy - Power,51.06,20,2026-05-11,NTPC,NTPC Limited,NA,SMALL_CAP,392.95,-2.29,-1.77,3.78,50,45.5,NA,STRONG_BULLISH,HOLD,6,12,NA,52.87,NA,NA,NA,NA,NA,64
Energy - Power,51.06,20,2026-05-11,POWERINDIA,POWERINDIA,NA,LARGE_CAP,33020,-2.9,-2.1,20.89,50,68.5,NA,STRONG_BULLISH,HOLD,15,6,NA,54.8,NA,NA,NA,NA,NA,64
Energy - Power,51.06,20,2026-05-11,CGPOWER,CG Power and Industrial Solutions Limited,NA,MID_CAP,858.1,-1.77,6.96,19.08,49.3,66.8,NA,STRONG_BULLISH,WEAK_HOLD,14,8,NA,55.37,NA,NA,NA,NA,NA,76
Metals & Mining,50.12,24,2026-05-11,COALINDIA,COALINDIA,NA,SMALL_CAP,464.45,1.76,-3.23,2.28,53.3,64.2,NA,STRONG_BULLISH,HOLD,9,12,NA,71.16,NA,NA,NA,NA,NA,35
Metals & Mining,50.12,24,2026-05-11,SAIL,Steel Authority of India Limited,NA,MICRO_CAP,180.72,-2.25,-2.92,10.63,52.7,65,NA,STRONG_BULLISH,HOLD,12,8,NA,50.86,NA,NA,NA,NA,NA,40
Metals & Mining,50.12,24,2026-05-11,WELCORP,Welspun Corp Limited,NA,LARGE_CAP,1329.3,2.89,7.3,39.98,49.3,89,NA,STRONG_BULLISH,WEAK_HOLD,15,14,NA,49.35,NA,NA,NA,NA,NA,76
Metals & Mining,50.12,24,2026-05-11,RATNAMANI,RATNAMANI,NA,LARGE_CAP,3046.2,6.16,12.41,31.27,48,90.7,NA,STRONG_BULLISH,WEAK_HOLD,18,14,NA,NA,NA,NA,NA,NA,NA,96
Metals & Mining,50.12,24,2026-05-11,TATACONSUM,Tata Consumer Products Limited,NA,LARGE_CAP,1271,8.06,9.53,17.9,47.3,76.1,NA,STRONG_BULLISH,WEAK_HOLD,14,14,NA,NA,NA,NA,NA,NA,NA,102
Infrastructure,48.66,23,2026-05-11,SIEMENS,SIEMENS,NA,LARGE_CAP,3605.6,-5.68,-5.96,11.89,54.7,42.7,NA,STRONG_BULLISH,HOLD,12,8,NA,51.32,NA,NA,NA,NA,NA,26
Infrastructure,48.66,23,2026-05-11,NTPC,NTPC Limited,NA,SMALL_CAP,392.95,-2.29,-1.77,3.78,50,45.5,NA,STRONG_BULLISH,HOLD,6,12,NA,52.87,NA,NA,NA,NA,NA,64
Infrastructure,48.66,23,2026-05-11,ABB,ABB,NA,LARGE_CAP,6387.5,-8.91,-11.73,-3.42,48,31.1,NA,STRONG_BULLISH,WEAK_HOLD,7,4,NA,61.29,NA,NA,NA,NA,NA,96
Infrastructure,48.66,23,2026-05-11,CONCOR,CONCOR,NA,MID_CAP,530,-0.89,2.64,9.9,45.3,67.4,NA,BULLISH,WEAK_HOLD,7,8,NA,54,NA,NA,NA,NA,NA,143
Infrastructure,48.66,23,2026-05-11,JSWINFRA,JSWINFRA,NA,SMALL_CAP,287.35,1.3,4.81,11.94,45.3,59,NA,BULLISH,WEAK_HOLD,14,11,NA,NA,NA,NA,NA,NA,NA,143
Defence & Aerospace,47.46,16,2026-05-11,ASTRAMICRO,ASTRAMICRO,NA,LARGE_CAP,1135.2,-1.06,2.21,12.28,59.3,61.5,NA,STRONG_BULLISH,HOLD,16,6,NA,71.97,NA,NA,NA,NA,NA,10
Defence & Aerospace,47.46,16,2026-05-11,BELRISE,BELRISE,NA,SMALL_CAP,218.12,-1.92,1.1,7.86,46,46.2,NA,STRONG_BULLISH,WEAK_HOLD,11,8,NA,53.29,NA,NA,NA,NA,NA,131
Defence & Aerospace,47.46,16,2026-05-11,COCHINSHIP,COCHINSHIP,NA,LARGE_CAP,1716.5,-3.39,-0.16,20.55,46,67.5,NA,BULLISH,WEAK_HOLD,11,6,NA,74.88,NA,NA,NA,NA,NA,131
Defence & Aerospace,47.46,16,2026-05-11,BHARATFORG,BHARATFORG,NA,LARGE_CAP,1987,-0.14,7.65,14.23,44.7,66.6,NA,STRONG_BULLISH,WEAK_HOLD,11,6,NA,54.83,NA,NA,NA,NA,NA,159
Defence & Aerospace,47.46,16,2026-05-11,ASTRAL,ASTRAL,NA,LARGE_CAP,1572.1,0.15,0.8,0.54,41.3,45.7,NA,BULLISH,WEAK_HOLD,1,12,NA,62.97,NA,NA,NA,NA,NA,238
FMCG & Consumer Goods,46.26,20,2026-05-11,MARICO,Marico Limited,NA,MID_CAP,842.55,1.35,7.39,12.74,53.3,88.1,NA,STRONG_BULLISH,HOLD,12,15,NA,55.39,NA,NA,NA,NA,NA,35
FMCG & Consumer Goods,46.26,20,2026-05-11,COLPAL,Colgate-Palmolive (India) Limited,NA,LARGE_CAP,2139,-2.66,-1.56,12.18,48.7,51.3,NA,BULLISH,WEAK_HOLD,9,10,NA,53.47,NA,NA,NA,NA,NA,83
FMCG & Consumer Goods,46.26,20,2026-05-11,TATACONSUM,Tata Consumer Products Limited,NA,LARGE_CAP,1271,8.06,9.53,17.9,47.3,76.1,NA,STRONG_BULLISH,WEAK_HOLD,14,14,NA,NA,NA,NA,NA,NA,NA,102
FMCG & Consumer Goods,46.26,20,2026-05-11,JUBLINGREA,JUBLINGREA,NA,MID_CAP,740.45,-0.29,3.31,15.9,41.3,68.8,NA,BULLISH,WEAK_HOLD,13,6,NA,NA,NA,NA,NA,NA,NA,238
FMCG & Consumer Goods,46.26,20,2026-05-11,JUBLPHARMA,JUBLPHARMA,NA,MID_CAP,997.65,-1.05,7.11,13.5,40.7,77.1,NA,BULLISH,WEAK_HOLD,16,8,NA,NA,NA,NA,NA,NA,NA,258
Media & Entertainment,45.2,15,2026-05-11,DBL,DBL,NA,SMALL_CAP,487.35,1.8,2.62,13.15,50,74.8,NA,BULLISH,HOLD,12,13,NA,59.47,NA,NA,NA,NA,NA,64
Media & Entertainment,45.2,15,2026-05-11,DBCORP,DBCORP,NA,SMALL_CAP,230.81,-0.29,4.1,8.8,47.3,70.9,NA,BULLISH,WEAK_HOLD,11,8,NA,52.16,NA,NA,NA,NA,NA,102
Media & Entertainment,45.2,15,2026-05-11,LIQUIDBETF,LIQUIDBETF,NA,LARGE_CAP,1080.98,0.01,0.09,0.4,44.7,100,NA,STRONG_BULLISH,WEAK_HOLD,9,15,NA,NA,NA,NA,NA,NA,NA,159
Media & Entertainment,45.2,15,2026-05-11,SUNPHARMA,SUNPHARMA,NA,LARGE_CAP,1872.7,1.34,2.7,9.06,43.3,77.8,NA,STRONG_BULLISH,WEAK_HOLD,11,10,NA,54.04,NA,NA,NA,NA,NA,185
Media & Entertainment,45.2,15,2026-05-11,CONCORDBIO,CONCORDBIO,NA,LARGE_CAP,1198.8,2.12,0.3,13.66,40.7,68,NA,STRONG_BEARISH,WEAK_HOLD,9,13,NA,68.6,NA,NA,NA,NA,NA,258
Finance & NBFC,43.74,22,2026-05-11,PRECWIRE,PRECWIRE,NA,SMALL_CAP,410.5,-2.53,-5.09,24.81,46.7,64.8,NA,STRONG_BULLISH,WEAK_HOLD,15,6,NA,51.48,NA,NA,NA,NA,NA,116
Finance & NBFC,43.74,22,2026-05-11,LICHSGFIN,LICHSGFIN,NA,MID_CAP,585.6,0.71,5.13,10.01,46.7,70,NA,BULLISH,WEAK_HOLD,16,11,NA,NA,NA,NA,NA,NA,NA,116
Finance & NBFC,43.74,22,2026-05-11,PRECAM,PRECAM,NA,MICRO_CAP,170.61,1.4,6.64,20,44.7,73.1,NA,BULLISH,WEAK_HOLD,16,11,NA,NA,NA,NA,NA,NA,NA,159
Finance & NBFC,43.74,22,2026-05-11,HDFCSML250,HDFCSML250,NA,MICRO_CAP,173.11,-1.38,2.15,10.9,41.3,70.7,NA,BULLISH,WEAK_HOLD,12,10,NA,NA,NA,NA,NA,NA,NA,238
Finance & NBFC,43.74,22,2026-05-11,HDFCSILVER,HDFCSILVER,NA,SMALL_CAP,241.69,0.61,4.67,7.96,39.3,55.2,NA,BULLISH,WEAK_HOLD,9,11,NA,NA,NA,NA,NA,NA,NA,292
Energy - Oil & Gas,43.2,16,2026-05-11,BIOCON,Biocon Limited,NA,SMALL_CAP,390.45,2.64,8.28,12.94,57.3,74.1,NA,BULLISH,HOLD,13,18,NA,58.99,NA,NA,NA,NA,NA,18
Energy - Oil & Gas,43.2,16,2026-05-11,ONGC,Oil and Natural Gas Corporation Limited,NA,SMALL_CAP,281,0.64,-4.06,-2.63,42,47.7,NA,STRONG_BULLISH,WEAK_HOLD,5,6,NA,64.8,NA,NA,NA,NA,NA,230
Energy - Oil & Gas,43.2,16,2026-05-11,ATGL,ATGL,NA,MID_CAP,620.5,-1.98,-3.52,12.84,40.7,50.1,NA,STRONG_BULLISH,WEAK_HOLD,9,8,NA,52.51,NA,NA,NA,NA,NA,258
Energy - Oil & Gas,43.2,16,2026-05-11,CASTROLIND,CASTROLIND,NA,MICRO_CAP,182.75,-1.15,-1.64,1.86,40,52.3,NA,BULLISH,WEAK_HOLD,2,12,NA,65.12,NA,NA,NA,NA,NA,276
Energy - Oil & Gas,43.2,16,2026-05-11,HINDOILEXP,HINDOILEXP,NA,MICRO_CAP,165.11,0.56,2.03,16.58,36,62.8,NA,BULLISH,WEAK_HOLD,11,5,NA,NA,NA,NA,NA,NA,NA,379
Agriculture & Fertilizers,41.88,9,2026-05-11,DCMSHRIRAM,DCMSHRIRAM,NA,LARGE_CAP,1234,0.18,-1.44,11.29,58.7,56,NA,BULLISH,HOLD,14,11,NA,61.96,NA,NA,NA,NA,NA,14
Agriculture & Fertilizers,41.88,9,2026-05-11,NAVINFLUOR,NAVINFLUOR,NA,LARGE_CAP,7071.5,0.43,4.05,15.26,48.7,76.2,NA,STRONG_BULLISH,WEAK_HOLD,11,10,NA,69.95,NA,NA,NA,NA,NA,83
Agriculture & Fertilizers,41.88,9,2026-05-11,UPL,UPL,NA,MID_CAP,669,3.56,3.99,4.21,38,56.1,NA,STRONG_BEARISH,WEAK_HOLD,9,14,NA,NA,NA,NA,NA,NA,NA,326
Agriculture & Fertilizers,41.88,9,2026-05-11,RALLIS,RALLIS,NA,SMALL_CAP,267.1,-0.32,2.02,4.55,33.3,57.8,NA,BULLISH,SELL,7,8,NA,NA,NA,NA,NA,NA,NA,456
Agriculture & Fertilizers,41.88,9,2026-05-11,SUNFLAG,SUNFLAG,NA,SMALL_CAP,383.5,-7.78,19.41,60.55,30.7,77.9,NA,STRONG_BULLISH,SELL,13,4,NA,NA,NA,NA,NA,NA,NA,538
Auto & Auto Ancillaries,41.6,13,2026-05-11,BHARATFORG,BHARATFORG,NA,LARGE_CAP,1987,-0.14,7.65,14.23,44.7,66.6,NA,STRONG_BULLISH,WEAK_HOLD,11,6,NA,54.83,NA,NA,NA,NA,NA,159
Auto & Auto Ancillaries,41.6,13,2026-05-11,SANDHAR,SANDHAR,NA,MID_CAP,537.25,0.43,5.88,10.84,43.3,66.9,NA,STRONG_BULLISH,WEAK_HOLD,10,9,NA,47.8,NA,NA,NA,NA,NA,185
Auto & Auto Ancillaries,41.6,13,2026-05-11,BAJAJ-AUTO,Bajaj Auto Limited,NA,LARGE_CAP,10595.5,-1.08,4.57,11.33,42,69.5,NA,STRONG_BULLISH,WEAK_HOLD,9,4,NA,52.35,NA,NA,NA,NA,NA,230
Auto & Auto Ancillaries,41.6,13,2026-05-11,MOTHERSON,MOTHERSON,NA,MICRO_CAP,130.3,-1.31,8.39,11.46,40,59.3,NA,STRONG_BULLISH,WEAK_HOLD,8,2,NA,51.57,NA,NA,NA,NA,NA,276
Auto & Auto Ancillaries,41.6,13,2026-05-11,BALKRISIND,BALKRISIND,NA,LARGE_CAP,2181.9,-3.56,-1.05,-1.76,38,38.8,NA,STRONG_BEARISH,WEAK_HOLD,5,12,NA,51.38,NA,NA,NA,NA,NA,326
Chemicals,41.32,17,2026-05-11,DEEPAKFERT,DEEPAKFERT,NA,LARGE_CAP,1277.8,-4.78,-0.88,20.75,49.3,56.8,NA,BULLISH,WEAK_HOLD,13,6,NA,70.76,NA,NA,NA,NA,NA,76
Chemicals,41.32,17,2026-05-11,DEEPAKNTR,DEEPAKNTR,NA,LARGE_CAP,1863.6,-0.66,6.35,30.96,42.7,84.3,NA,BULLISH,WEAK_HOLD,12,6,NA,59.32,NA,NA,NA,NA,NA,208
Chemicals,41.32,17,2026-05-11,LXCHEM,LXCHEM,NA,MICRO_CAP,165.96,0.68,14.07,33.67,39.3,75.2,NA,BULLISH,WEAK_HOLD,18,4,NA,NA,NA,NA,NA,NA,NA,292
Chemicals,41.32,17,2026-05-11,UPL,UPL,NA,MID_CAP,669,3.56,3.99,4.21,38,56.1,NA,STRONG_BEARISH,WEAK_HOLD,9,14,NA,NA,NA,NA,NA,NA,NA,326
Chemicals,41.32,17,2026-05-11,AARTIIND,AARTIIND,NA,SMALL_CAP,487.45,0.41,-5,15.63,37.3,66.6,NA,STRONG_BULLISH,WEAK_HOLD,11,11,NA,20.43,NA,NA,NA,NA,NA,343
Paper & Packaging,40.78,9,2026-05-11,JKPAPER,JKPAPER,NA,SMALL_CAP,391.45,3.28,5.94,13.61,50,62.4,NA,STRONG_BULLISH,HOLD,16,12,NA,NA,NA,NA,NA,NA,NA,64
Paper & Packaging,40.78,9,2026-05-11,SOUTHWEST,SOUTHWEST,NA,SMALL_CAP,221.83,2.66,-11.75,-3.45,43.3,37.1,NA,STRONG_BULLISH,WEAK_HOLD,8,6,NA,70.44,NA,NA,NA,NA,NA,185
Paper & Packaging,40.78,9,2026-05-11,JKLAKSHMI,JKLAKSHMI,NA,MID_CAP,683.15,2.82,4.08,11.17,41.3,57.9,NA,BULLISH,WEAK_HOLD,7,18,NA,NA,NA,NA,NA,NA,NA,238
Paper & Packaging,40.78,9,2026-05-11,NRBBEARING,NRBBEARING,NA,SMALL_CAP,326.6,2.7,11.43,29.49,40,73,NA,BULLISH,WEAK_HOLD,16,4,NA,NA,NA,NA,NA,NA,NA,276
Paper & Packaging,40.78,9,2026-05-11,ENRIN,ENRIN,NA,LARGE_CAP,3157.8,-0.8,-4.91,14.09,29.3,51.6,NA,STRONG_BULLISH,SELL,8,8,NA,NA,NA,NA,NA,NA,NA,576
Banking - Private,40.66,8,2026-05-11,FEDERALBNK,Federal Bank Limited,NA,SMALL_CAP,292.45,-1.61,1.14,3.23,48,47.1,NA,STRONG_BULLISH,WEAK_HOLD,7,8,NA,55.83,NA,NA,NA,NA,NA,96
Banking - Private,40.66,8,2026-05-11,BANDHANBNK,BANDHANBNK,NA,SMALL_CAP,201.23,-2.37,-2.67,21.27,45.3,74.1,NA,STRONG_BULLISH,WEAK_HOLD,13,6,NA,65.58,NA,NA,NA,NA,NA,143
Banking - Private,40.66,8,2026-05-11,RBLBANK,RBL Bank Limited,NA,SMALL_CAP,337.5,-1.73,2.21,6.23,43.3,60.9,NA,STRONG_BULLISH,WEAK_HOLD,7,8,NA,50.62,NA,NA,NA,NA,NA,185
Banking - Private,40.66,8,2026-05-11,AXISBANK,Axis Bank Limited,NA,LARGE_CAP,1272.3,0.32,-0.22,-3.5,34,32.7,NA,BULLISH,SELL,2,13,NA,52.47,NA,NA,NA,NA,NA,437
Banking - Private,40.66,8,2026-05-11,INDUSINDBK,INDUSINDBK,NA,MID_CAP,922.3,-2.99,0.92,13.23,32.7,66.6,NA,STRONG_BULLISH,SELL,10,8,NA,NA,NA,NA,NA,NA,NA,483
Cement & Construction,40.519999999999996,14,2026-05-11,BIRLACORPN,BIRLACORPN,NA,LARGE_CAP,1062.65,6.8,10.71,14.12,52,67.9,NA,BULLISH,HOLD,13,10,NA,55.28,NA,NA,NA,NA,NA,45
Cement & Construction,40.519999999999996,14,2026-05-11,DALMIASUG,DALMIASUG,NA,SMALL_CAP,381.25,-1.04,-4.32,4.18,42.7,45.9,NA,STRONG_BULLISH,WEAK_HOLD,11,4,NA,69.58,NA,NA,NA,NA,NA,208
Cement & Construction,40.519999999999996,14,2026-05-11,JKLAKSHMI,JKLAKSHMI,NA,MID_CAP,683.15,2.82,4.08,11.17,41.3,57.9,NA,BULLISH,WEAK_HOLD,7,18,NA,NA,NA,NA,NA,NA,NA,238
Cement & Construction,40.519999999999996,14,2026-05-11,CREDITACC,Credit Access Grameen Limited,NA,LARGE_CAP,1480.8,-1.08,12.16,19.84,37.3,77.2,NA,BULLISH,WEAK_HOLD,12,4,NA,53.16,NA,NA,NA,NA,NA,343
Cement & Construction,40.519999999999996,14,2026-05-11,JSWCEMENT,JSWCEMENT,NA,MICRO_CAP,125.06,0.43,1.86,-0.83,29.3,35.4,NA,BULLISH,SELL,0,13,NA,NA,NA,NA,NA,NA,NA,576
Telecom,40.12,13,2026-05-11,TATACONSUM,Tata Consumer Products Limited,NA,LARGE_CAP,1271,8.06,9.53,17.9,47.3,76.1,NA,STRONG_BULLISH,WEAK_HOLD,14,14,NA,NA,NA,NA,NA,NA,NA,102
Telecom,40.12,13,2026-05-11,TATAPOWER,Tata Power Company Limited,NA,SMALL_CAP,433.2,-0.64,-1.86,9.75,43.3,49.7,NA,STRONG_BULLISH,WEAK_HOLD,11,10,NA,56.55,NA,NA,NA,NA,NA,185
Telecom,40.12,13,2026-05-11,TATASTEEL,Tata Steel Limited,NA,SMALL_CAP,212.08,-1.12,-0.08,3.35,43.3,50.7,NA,STRONG_BULLISH,WEAK_HOLD,6,10,NA,51.39,NA,NA,NA,NA,NA,185
Telecom,40.12,13,2026-05-11,COMMOIETF,COMMOIETF,NA,MICRO_CAP,104.39,-0.83,-0.71,6.47,36,59,NA,STRONG_BULLISH,WEAK_HOLD,8,12,NA,10,NA,NA,NA,NA,NA,379
Telecom,40.12,13,2026-05-11,BHARTIARTL,Bharti Airtel Limited,NA,LARGE_CAP,1759.8,-4.07,-3.68,-5.36,30.7,37.6,NA,STRONG_BEARISH,SELL,3,6,NA,52.75,NA,NA,NA,NA,NA,538
Logistics & Shipping,38.175,4,2026-05-11,CONCOR,CONCOR,NA,MID_CAP,530,-0.89,2.64,9.9,45.3,67.4,NA,BULLISH,WEAK_HOLD,7,8,NA,54,NA,NA,NA,NA,NA,143
Logistics & Shipping,38.175,4,2026-05-11,CONCORDBIO,CONCORDBIO,NA,LARGE_CAP,1198.8,2.12,0.3,13.66,40.7,68,NA,STRONG_BEARISH,WEAK_HOLD,9,13,NA,68.6,NA,NA,NA,NA,NA,258
Logistics & Shipping,38.175,4,2026-05-11,ADANIPORTS,Adani Ports and Special Economic Zone Limited,NA,LARGE_CAP,1767.3,0.39,1.42,22.1,36.7,80.5,NA,STRONG_BULLISH,WEAK_HOLD,14,8,NA,10,NA,NA,NA,NA,NA,358
Logistics & Shipping,38.175,4,2026-05-11,VRLLOG,VRLLOG,NA,SMALL_CAP,265.9,0.43,4.29,2.8,30,54.9,NA,STRONG_BEARISH,SELL,4,9,NA,NA,NA,NA,NA,NA,NA,557
Textiles,38,8,2026-05-11,WELSPUNLIV,WELSPUNLIV,NA,MICRO_CAP,136.08,1.7,5.1,11.71,50,68.5,NA,STRONG_BULLISH,HOLD,11,8,NA,49.31,NA,NA,NA,NA,NA,64
Textiles,38,8,2026-05-11,ARVIND,ARVIND,NA,SMALL_CAP,440.85,1.34,10.72,15.18,45.3,73.4,NA,STRONG_BULLISH,WEAK_HOLD,14,2,NA,57.39,NA,NA,NA,NA,NA,143
Textiles,38,8,2026-05-11,KPRMILL,KPRMILL,NA,MID_CAP,937.6,-1.9,-1.9,9.05,36.7,57.9,NA,BULLISH,WEAK_HOLD,6,10,NA,48.19,NA,NA,NA,NA,NA,358
Textiles,38,8,2026-05-11,RAYMOND,RAYMOND,NA,SMALL_CAP,492,-4.6,5.8,34.15,29.3,65.4,NA,BULLISH,SELL,13,6,NA,NA,NA,NA,NA,NA,NA,576
Textiles,38,8,2026-05-11,RELAXO,Relaxo Footwears Limited,NA,SMALL_CAP,310.35,0.49,3.09,10.39,28.7,55.1,NA,BULLISH,SELL,7,9,NA,NA,NA,NA,NA,NA,NA,596
IT & Software,36.92,15,2026-05-11,WSTCSTPAPR,WSTCSTPAPR,NA,MID_CAP,520.7,-0.57,4.93,15.99,41.3,67.2,NA,STRONG_BULLISH,WEAK_HOLD,14,6,NA,NA,NA,NA,NA,NA,NA,238
IT & Software,36.92,15,2026-05-11,ALLTIME,ALLTIME,NA,SMALL_CAP,263.19,-0.35,6.04,20.75,39.3,75.4,NA,BULLISH,WEAK_HOLD,6,6,NA,52.85,NA,NA,NA,NA,NA,292
IT & Software,36.92,15,2026-05-11,LTTS,LTTS,NA,LARGE_CAP,3788.4,-0.37,2.2,13.66,36,62.1,NA,BULLISH,WEAK_HOLD,9,10,NA,NA,NA,NA,NA,NA,NA,379
IT & Software,36.92,15,2026-05-11,COFORGE,COFORGE,NA,LARGE_CAP,1375.2,0.52,19.42,8.72,35.3,59.1,NA,STRONG_BEARISH,WEAK_HOLD,10,4,NA,54.71,NA,NA,NA,NA,NA,403
IT & Software,36.92,15,2026-05-11,MASFIN,MASFIN,NA,SMALL_CAP,347.4,0.19,0.13,12.01,32.7,79.8,NA,STRONG_BULLISH,SELL,10,11,NA,NA,NA,NA,NA,NA,NA,483
Consumer Durables,34.3,11,2026-05-11,TITAN,TITAN,NA,LARGE_CAP,4205.6,-6.73,-3.61,-5.28,46.7,31.8,NA,STRONG_BULLISH,WEAK_HOLD,6,6,NA,62.9,NA,NA,NA,NA,NA,116
Consumer Durables,34.3,11,2026-05-11,CROMPTON,CROMPTON,NA,SMALL_CAP,290.2,-1.06,4.41,21.98,42.7,69.4,NA,STRONG_BULLISH,WEAK_HOLD,9,8,NA,57.18,NA,NA,NA,NA,NA,208
Consumer Durables,34.3,11,2026-05-11,VGUARD,VGUARD,NA,SMALL_CAP,332.15,0.23,-0.75,1.22,28.7,52,NA,BULLISH,SELL,4,15,NA,NA,NA,NA,NA,NA,NA,596
Consumer Durables,34.3,11,2026-05-11,BLUESTARCO,BLUESTARCO,NA,LARGE_CAP,1661.1,-1.87,-7.83,0.33,26.7,27.8,NA,STRONG_BEARISH,SELL,0,4,NA,72.84,NA,NA,NA,NA,NA,666
Consumer Durables,34.3,11,2026-05-11,ORIENTELEC,ORIENTELEC,NA,MICRO_CAP,187.11,-0.65,1.23,17.16,26.7,56.3,NA,BULLISH,SELL,7,8,NA,NA,NA,NA,NA,NA,NA,666
Realty,29.86,8,2026-05-11,BRIGADE,BRIGADE,NA,MID_CAP,749.65,-1.13,-5.29,6.93,36,41.2,NA,BULLISH,WEAK_HOLD,4,6,NA,56.82,NA,NA,NA,NA,NA,379
Realty,29.86,8,2026-05-11,PRESTIGE,PRESTIGE,NA,LARGE_CAP,1455.5,-3.44,0.08,10.32,34,62.1,NA,BULLISH,SELL,8,8,NA,NA,NA,NA,NA,NA,NA,437
Realty,29.86,8,2026-05-11,OBEROIRLTY,OBEROIRLTY,NA,LARGE_CAP,1634.7,-4.01,-3.48,-1.14,30,40.9,NA,STRONG_BEARISH,SELL,5,6,NA,NA,NA,NA,NA,NA,NA,557
Realty,29.86,8,2026-05-11,SUNTECK,SUNTECK,NA,SMALL_CAP,323.65,-6.19,-4.53,2.97,25.3,48.7,NA,BULLISH,SELL,1,6,NA,NA,NA,NA,NA,NA,NA,708
Realty,29.86,8,2026-05-11,LODHA,LODHA,NA,MID_CAP,931.1,-3.22,0.81,17.93,24,62.6,NA,BULLISH,SELL,8,6,NA,NA,NA,NA,NA,NA,NA,764
Banking - PSU,28.42,7,2026-05-11,BANKBARODA,Bank of Baroda,NA,SMALL_CAP,266,0.8,0.34,-3,40,32.7,NA,STRONG_BEARISH,WEAK_HOLD,5,15,NA,53.65,NA,NA,NA,NA,NA,276
Banking - PSU,28.42,7,2026-05-11,CANBK,Canara Bank,NA,MICRO_CAP,129.43,-3.65,-3.98,-6.15,32.7,24.5,NA,STRONG_BEARISH,SELL,5,8,NA,54.62,NA,NA,NA,NA,NA,483
Banking - PSU,28.42,7,2026-05-11,SBIN,State Bank of India,NA,MID_CAP,973.6,-4.48,-8.87,-6.47,26.7,23.1,NA,BULLISH,SELL,6,6,NA,NA,NA,NA,NA,NA,NA,666
Banking - PSU,28.42,7,2026-05-11,PNBHOUSING,PNBHOUSING,NA,LARGE_CAP,1072.8,-1.69,2.94,24.32,26.7,82.1,NA,BULLISH,SELL,13,6,NA,NA,NA,NA,NA,NA,NA,666
Banking - PSU,28.42,7,2026-05-11,UNIONBANK,Union Bank of India,NA,MICRO_CAP,163.81,-1.46,0.02,-11.31,16,21.7,NA,BULLISH,SELL,1,10,NA,NA,NA,NA,NA,NA,NA,933
