SECTOR_NAME,SECTOR_STRENGTH,TOTAL_STOCKS,SCORE_DATE,SYMBOL,COMPANY_NAME,SECTOR,MARKET_CAP_CATEGORY,CURRENT_PRICE,CHANGE_1D,CHANGE_1W,CHANGE_1M,TECHNICAL_SCORE,RSI,RELATIVE_STRENGTH,TREND_SIGNAL,TRADING_SIGNAL,CAN_SLIM_SCORE,MINERVINI_SCORE,FUNDAMENTAL_SCORE,ENHANCED_FUND_SCORE,EARNINGS_QUALITY,SALES_GROWTH,FINANCIAL_STRENGTH,INSTITUTIONAL_BACKING,TRADING_VALUE,RANK,LEADERSHIP_SCORE,ROTATION_BUCKET
Metals & Mining,71.74,21,2026-05-15,NATIONALUM,National Aluminium Company Limited,NA,SMALL_CAP,403.6,-3.09,0.41,-6.73,74,35.8,16.56,STRONG_BULLISH,BUY,13,12,NA,72.1,NA,NA,NA,NA,NA,25,53.1,Weakening
Metals & Mining,71.74,21,2026-05-15,COALINDIA,COALINDIA,NA,SMALL_CAP,462.2,1.79,1.27,6.81,73.3,53.7,10.07,STRONG_BULLISH,BUY,14,12,NA,71.16,NA,NA,NA,NA,NA,27,53.1,Weakening
Metals & Mining,71.74,21,2026-05-15,WELCORP,Welspun Corp Limited,NA,LARGE_CAP,1309,-4.28,1.32,21.53,70.7,66.4,61.36,STRONG_BULLISH,BUY,20,6,NA,49.35,NA,NA,NA,NA,NA,38,53.1,Weakening
Metals & Mining,71.74,21,2026-05-15,HINDALCO,Hindalco Industries Limited,NA,LARGE_CAP,1067.5,-3.24,2.21,2.65,70.7,53.9,18.19,STRONG_BULLISH,BUY,15,6,NA,52.87,NA,NA,NA,NA,NA,38,53.1,Weakening
Metals & Mining,71.74,21,2026-05-15,SAILIFE,SAILIFE,NA,LARGE_CAP,1090.9,-1.94,-2.21,12.19,70,63.9,12.03,STRONG_BULLISH,BUY,21,10,NA,NA,NA,NA,NA,NA,NA,47,53.1,Weakening
Energy - Power,69.72,21,2026-05-15,TDPOWERSYS,TDPOWERSYS,NA,LARGE_CAP,1311.3,10.75,7.52,35.08,84,73.3,47.91,STRONG_BULLISH,STRONG_BUY,25,14,NA,53.43,NA,NA,NA,NA,NA,2,62.4,Leadership
Energy - Power,69.72,21,2026-05-15,POWERINDIA,POWERINDIA,NA,LARGE_CAP,32535,0.76,-4.32,15.15,70,51.9,30.02,STRONG_BULLISH,BUY,20,6,NA,54.8,NA,NA,NA,NA,NA,47,62.4,Leadership
Energy - Power,69.72,21,2026-05-15,ADANIGREEN,Adani Green Energy Limited,NA,LARGE_CAP,1379,-2.54,1.71,23.25,67.3,65.9,48.31,STRONG_BULLISH,BUY,23,6,NA,10,NA,NA,NA,NA,NA,72,62.4,Leadership
Energy - Power,69.72,21,2026-05-15,ARROWGREEN,ARROWGREEN,NA,SMALL_CAP,482.95,-4.71,-16.85,-13.97,65.3,40.8,22.4,BULLISH,BUY,16,4,NA,59.66,NA,NA,NA,NA,NA,95,62.4,Leadership
Energy - Power,69.72,21,2026-05-15,CGPOWER,CG Power and Industrial Solutions Limited,NA,MID_CAP,838.2,-1.18,-4.05,10.89,62,54.2,18.33,STRONG_BULLISH,HOLD,16,6,NA,55.37,NA,NA,NA,NA,NA,134,62.4,Leadership
Pharma & Healthcare,68.4,16,2026-05-15,AUROPHARMA,Aurobindo Pharma Limited,NA,LARGE_CAP,1511.8,0.06,1.65,9.04,70,74.1,26.62,STRONG_BULLISH,BUY,18,10,NA,67.41,NA,NA,NA,NA,NA,47,71.4,Leadership
Pharma & Healthcare,68.4,16,2026-05-15,LAURUSLABS,LAURUSLABS,NA,LARGE_CAP,1323.6,0.62,7.76,17.3,69.3,86.1,25.78,STRONG_BULLISH,BUY,20,6,NA,73.1,NA,NA,NA,NA,NA,53,71.4,Leadership
Pharma & Healthcare,68.4,16,2026-05-15,SUNPHARMA,SUNPHARMA,NA,LARGE_CAP,1878.2,0.81,1.64,10.93,68,83,10.87,STRONG_BULLISH,BUY,16,13,NA,54.04,NA,NA,NA,NA,NA,65,71.4,Leadership
Pharma & Healthcare,68.4,16,2026-05-15,TORNTPHARM,Torrent Pharmaceuticals Limited,NA,LARGE_CAP,4405.7,0.04,0.57,6.01,68,66.1,4.41,STRONG_BULLISH,BUY,10,15,NA,56.67,NA,NA,NA,NA,NA,65,71.4,Leadership
Pharma & Healthcare,68.4,16,2026-05-15,BIOCON,Biocon Limited,NA,SMALL_CAP,430.1,2.65,13.07,22.62,66.7,94.5,13.08,STRONG_BULLISH,BUY,19,7,NA,58.99,NA,NA,NA,NA,NA,80,71.4,Leadership
Infrastructure,64,19,2026-05-15,ADANIGREEN,Adani Green Energy Limited,NA,LARGE_CAP,1379,-2.54,1.71,23.25,67.3,65.9,48.31,STRONG_BULLISH,BUY,23,6,NA,10,NA,NA,NA,NA,NA,72,60.9,Leadership
Infrastructure,64,19,2026-05-15,ADANIPORTS,Adani Ports and Special Economic Zone Limited,NA,LARGE_CAP,1795.1,1.22,1.97,15.83,66,73.8,20.77,STRONG_BULLISH,BUY,19,13,NA,10,NA,NA,NA,NA,NA,91,60.9,Leadership
Infrastructure,64,19,2026-05-15,BHEL,BHEL,NA,SMALL_CAP,398.3,-3.59,-1.56,28.79,65.3,71.1,53.07,STRONG_BULLISH,BUY,20,6,NA,53.94,NA,NA,NA,NA,NA,95,60.9,Leadership
Infrastructure,64,19,2026-05-15,ADANIENT,Adani Enterprises Limited,NA,LARGE_CAP,2716,0.11,8.38,23.25,62.7,77.4,28.38,BULLISH,HOLD,23,6,NA,10,NA,NA,NA,NA,NA,123,60.9,Leadership
Infrastructure,64,19,2026-05-15,NTPC,NTPC Limited,NA,SMALL_CAP,395.25,-0.26,-1.72,1.14,58.7,43.6,6.24,STRONG_BULLISH,HOLD,9,10,NA,52.87,NA,NA,NA,NA,NA,175,60.9,Leadership
Defence & Aerospace,61.86,15,2026-05-15,BELRISE,BELRISE,NA,SMALL_CAP,209.46,-0.1,-5.81,0.27,64.7,47.2,14.32,STRONG_BULLISH,HOLD,14,4,NA,53.29,NA,NA,NA,NA,NA,107,62.4,Leadership
Defence & Aerospace,61.86,15,2026-05-15,ASTRAMICRO,ASTRAMICRO,NA,LARGE_CAP,1106.6,-0.49,-3.56,2.97,64.7,46.7,16.99,STRONG_BULLISH,HOLD,14,4,NA,71.97,NA,NA,NA,NA,NA,107,62.4,Leadership
Defence & Aerospace,61.86,15,2026-05-15,AEROFLEX,AEROFLEX,NA,SMALL_CAP,370.85,2.74,-15.59,25.19,61.3,67.9,60.6,STRONG_BULLISH,HOLD,20,12,NA,10,NA,NA,NA,NA,NA,143,62.4,Leadership
Defence & Aerospace,61.86,15,2026-05-15,RRKABEL,RRKABEL,NA,LARGE_CAP,1953.8,-4.1,0.59,34.28,59.3,80.8,27.78,STRONG_BULLISH,HOLD,20,6,NA,48.48,NA,NA,NA,NA,NA,164,62.4,Leadership
Defence & Aerospace,61.86,15,2026-05-15,CHALET,CHALET,NA,MID_CAP,784.65,4.24,-0.58,2.08,59.3,46.3,-0.16,STRONG_BEARISH,HOLD,9,16,NA,66.69,NA,NA,NA,NA,NA,164,62.4,Leadership
Energy - Oil & Gas,60.54,16,2026-05-15,ATGL,ATGL,NA,MID_CAP,616.25,0.6,-2.65,3.12,68,46.5,23.11,BULLISH,BUY,16,5,NA,52.51,NA,NA,NA,NA,NA,65,46.5,Lagging
Energy - Oil & Gas,60.54,16,2026-05-15,BIOCON,Biocon Limited,NA,SMALL_CAP,430.1,2.65,13.07,22.62,66.7,94.5,13.08,STRONG_BULLISH,BUY,19,7,NA,58.99,NA,NA,NA,NA,NA,80,46.5,Lagging
Energy - Oil & Gas,60.54,16,2026-05-15,ONGC,Oil and Natural Gas Corporation Limited,NA,SMALL_CAP,299.35,-0.52,7.22,5.87,64.7,60.7,9.77,STRONG_BULLISH,HOLD,12,8,NA,64.8,NA,NA,NA,NA,NA,107,46.5,Lagging
Energy - Oil & Gas,60.54,16,2026-05-15,HINDOILEXP,HINDOILEXP,NA,MICRO_CAP,169.19,3.9,3.05,6.89,53.3,67.9,32.02,BULLISH,HOLD,16,11,NA,NA,NA,NA,NA,NA,NA,254,46.5,Lagging
Energy - Oil & Gas,60.54,16,2026-05-15,OIL,OIL,NA,MID_CAP,518.3,0.14,14.11,12.09,50,65.8,9.85,STRONG_BULLISH,HOLD,14,4,NA,NA,NA,NA,NA,NA,NA,325,46.5,Lagging
Logistics & Shipping,60,2,2026-05-15,ADANIPORTS,Adani Ports and Special Economic Zone Limited,NA,LARGE_CAP,1795.1,1.22,1.97,15.83,66,73.8,20.77,STRONG_BULLISH,BUY,19,13,NA,10,NA,NA,NA,NA,NA,91,71,Leadership
Logistics & Shipping,60,2,2026-05-15,CONCOR,CONCOR,NA,MID_CAP,518.8,-0.79,-2.98,3.3,54,59.9,7.41,BULLISH,HOLD,7,10,NA,54,NA,NA,NA,NA,NA,235,71,Leadership
FMCG & Consumer Goods,58.379999999999995,19,2026-05-15,MARICO,Marico Limited,NA,MID_CAP,841.15,0.74,1.18,13,65.3,76.6,9.4,STRONG_BULLISH,BUY,14,15,NA,55.39,NA,NA,NA,NA,NA,95,46,Lagging
FMCG & Consumer Goods,58.379999999999995,19,2026-05-15,NESTLEIND,Nestle India Limited,NA,LARGE_CAP,1430.5,-1.99,-3.5,13.77,62.7,52.9,13.49,STRONG_BULLISH,HOLD,17,8,NA,NA,NA,NA,NA,NA,NA,123,46,Lagging
FMCG & Consumer Goods,58.379999999999995,19,2026-05-15,RADICO,RADICO,NA,LARGE_CAP,3499.2,1.1,0.63,15.24,57.3,73.2,34.81,STRONG_BULLISH,HOLD,16,11,NA,NA,NA,NA,NA,NA,NA,187,46,Lagging
FMCG & Consumer Goods,58.379999999999995,19,2026-05-15,VBL,VBL,NA,MID_CAP,503.8,-0.27,-0.99,9.43,53.3,56.7,14.35,BULLISH,HOLD,14,8,NA,NA,NA,NA,NA,NA,NA,254,46,Lagging
FMCG & Consumer Goods,58.379999999999995,19,2026-05-15,TATACONSUM,Tata Consumer Products Limited,NA,LARGE_CAP,1234,0.46,4.91,11.92,53.3,61.4,10.89,STRONG_BULLISH,HOLD,15,9,NA,NA,NA,NA,NA,NA,NA,254,46,Lagging
Textiles,58.28,7,2026-05-15,WELSPUNLIV,WELSPUNLIV,NA,MICRO_CAP,141.02,5.06,5.4,13.88,75.3,72.4,15.26,STRONG_BULLISH,BUY,21,14,NA,49.31,NA,NA,NA,NA,NA,21,63.8,Leadership
Textiles,58.28,7,2026-05-15,ARVIND,ARVIND,NA,SMALL_CAP,451.1,2.76,3.7,17.12,70.7,78.6,31.02,STRONG_BULLISH,BUY,20,14,NA,57.39,NA,NA,NA,NA,NA,38,63.8,Leadership
Textiles,58.28,7,2026-05-15,RAYMONDREL,RAYMONDREL,NA,MID_CAP,551.85,-2.14,-12.35,21.27,50.7,67.7,34,BULLISH,HOLD,18,6,NA,NA,NA,NA,NA,NA,NA,314,63.8,Leadership
Textiles,58.28,7,2026-05-15,KPRMILL,KPRMILL,NA,MID_CAP,923.45,3.5,-3.38,3.31,50,48,5.6,BULLISH,HOLD,6,12,NA,48.19,NA,NA,NA,NA,NA,325,63.8,Leadership
Textiles,58.28,7,2026-05-15,RAYMOND,RAYMOND,NA,SMALL_CAP,453.55,-1.36,-12.05,7.72,44.7,54.5,15.91,STRONG_BULLISH,WEAK_HOLD,14,2,NA,NA,NA,NA,NA,NA,NA,425,63.8,Leadership
Chemicals,58.26,17,2026-05-15,DEEPAKFERT,DEEPAKFERT,NA,LARGE_CAP,1318.5,1.47,-1.75,10,70.7,62,35.12,BULLISH,BUY,16,7,NA,70.76,NA,NA,NA,NA,NA,38,55,Improving
Chemicals,58.26,17,2026-05-15,ALKYLAMINE,ALKYLAMINE,NA,LARGE_CAP,1722.6,-1.57,0.9,20.74,59.3,66.3,18.8,BULLISH,HOLD,16,8,NA,54.48,NA,NA,NA,NA,NA,164,55,Improving
Chemicals,58.26,17,2026-05-15,DEEPAKNTR,DEEPAKNTR,NA,LARGE_CAP,1826.4,-0.75,-2.64,19.08,57.3,75.5,18.29,BULLISH,HOLD,16,6,NA,59.32,NA,NA,NA,NA,NA,187,55,Improving
Chemicals,58.26,17,2026-05-15,JGCHEM,JGCHEM,NA,SMALL_CAP,392.65,-5.65,-6.01,4.94,56.7,47.2,11.29,STRONG_BULLISH,HOLD,15,4,NA,NA,NA,NA,NA,NA,NA,191,55,Improving
Chemicals,58.26,17,2026-05-15,AARTIIND,AARTIIND,NA,SMALL_CAP,466.25,-0.37,-3.96,6.47,47.3,47.1,7.02,STRONG_BULLISH,WEAK_HOLD,11,6,NA,20.43,NA,NA,NA,NA,NA,372,55,Improving
Paper & Packaging,57.34,9,2026-05-15,SOUTHWEST,SOUTHWEST,NA,SMALL_CAP,238.44,2.3,10.34,-3.77,81.3,59,28.54,STRONG_BULLISH,STRONG_BUY,16,14,NA,70.44,NA,NA,NA,NA,NA,9,56.9,Improving
Paper & Packaging,57.34,9,2026-05-15,NRBBEARING,NRBBEARING,NA,SMALL_CAP,346.9,2.15,9.09,23.39,60.7,91,30.73,STRONG_BULLISH,HOLD,21,10,NA,NA,NA,NA,NA,NA,NA,149,56.9,Improving
Paper & Packaging,57.34,9,2026-05-15,ENRIN,ENRIN,NA,LARGE_CAP,3086.1,-0.6,-3.05,6.37,50.7,40.7,8.04,BULLISH,HOLD,9,4,NA,NA,NA,NA,NA,NA,NA,314,56.9,Improving
Paper & Packaging,57.34,9,2026-05-15,JKPAPER,JKPAPER,NA,SMALL_CAP,381.65,1.07,0.7,0.81,48.7,56.9,8.19,STRONG_BULLISH,WEAK_HOLD,8,11,NA,NA,NA,NA,NA,NA,NA,354,56.9,Improving
Paper & Packaging,57.34,9,2026-05-15,JAINREC,JAINREC,NA,MID_CAP,566.15,0.2,-0.94,35.44,45.3,82.3,45.89,STRONG_BULLISH,WEAK_HOLD,15,6,NA,NA,NA,NA,NA,NA,NA,414,56.9,Improving
Auto & Auto Ancillaries,56,12,2026-05-15,WHEELS,WHEELS,NA,LARGE_CAP,1467.3,10.32,10.36,42.76,78,87.5,65.45,STRONG_BULLISH,BUY,25,14,NA,46.83,NA,NA,NA,NA,NA,16,49,Lagging
Auto & Auto Ancillaries,56,12,2026-05-15,BAJAJ-AUTO,Bajaj Auto Limited,NA,LARGE_CAP,10377.5,-0.7,-3.12,5.62,60,67,6.81,STRONG_BULLISH,HOLD,11,10,NA,52.35,NA,NA,NA,NA,NA,160,49,Lagging
Auto & Auto Ancillaries,56,12,2026-05-15,MOTHERSON,MOTHERSON,NA,MICRO_CAP,129.92,3.02,-1.6,5.78,58.7,55.9,0.18,STRONG_BULLISH,HOLD,8,12,NA,51.57,NA,NA,NA,NA,NA,175,49,Lagging
Auto & Auto Ancillaries,56,12,2026-05-15,BHARATFORG,BHARATFORG,NA,LARGE_CAP,1913.1,-1.84,-3.85,3.09,50,56.7,2.84,STRONG_BULLISH,HOLD,7,4,NA,54.83,NA,NA,NA,NA,NA,325,49,Lagging
Auto & Auto Ancillaries,56,12,2026-05-15,ASHOKLEY,Ashok Leyland Limited,NA,MICRO_CAP,153.13,-0.78,-9.16,-13.35,33.3,29.1,-24.72,STRONG_BEARISH,SELL,1,8,NA,71.08,NA,NA,NA,NA,NA,609,49,Lagging
Media & Entertainment,55.88,14,2026-05-15,SUNPHARMA,SUNPHARMA,NA,LARGE_CAP,1878.2,0.81,1.64,10.93,68,83,10.87,STRONG_BULLISH,BUY,16,13,NA,54.04,NA,NA,NA,NA,NA,65,54.4,Improving
Media & Entertainment,55.88,14,2026-05-15,DBREALTY,DBREALTY,NA,MICRO_CAP,117.72,-7.2,-17.09,7.78,54.7,59.7,6.21,BULLISH,HOLD,9,6,NA,72.04,NA,NA,NA,NA,NA,221,54.4,Improving
Media & Entertainment,55.88,14,2026-05-15,DBL,DBL,NA,SMALL_CAP,441.5,-6.52,-7.78,-3.02,54,44.5,8.87,BULLISH,HOLD,7,6,NA,59.47,NA,NA,NA,NA,NA,235,54.4,Improving
Media & Entertainment,55.88,14,2026-05-15,SUNFLAG,SUNFLAG,NA,SMALL_CAP,373.45,-1.23,-10.2,37.83,52.7,71.1,54.53,STRONG_BULLISH,HOLD,20,6,NA,NA,NA,NA,NA,NA,NA,272,54.4,Improving
Media & Entertainment,55.88,14,2026-05-15,LIQUIDBEES,LIQUIDBEES,NA,LARGE_CAP,1000,0,0,0,50,60,2.75,BULLISH,HOLD,7,10,NA,NA,NA,NA,NA,NA,NA,325,54.4,Improving
Telecom,54.66,13,2026-05-15,TATASTEEL,Tata Steel Limited,NA,SMALL_CAP,216.84,-1.94,1.1,2.92,60.7,59.3,4.87,STRONG_BULLISH,HOLD,8,6,NA,51.39,NA,NA,NA,NA,NA,149,50.7,Improving
Telecom,54.66,13,2026-05-15,IDEAFORGE,IDEAFORGE,NA,MID_CAP,818.7,-3.48,0.56,75.65,55.3,76.8,100.98,STRONG_BULLISH,HOLD,20,6,NA,NA,NA,NA,NA,NA,NA,209,50.7,Improving
Telecom,54.66,13,2026-05-15,COMMOIETF,COMMOIETF,NA,MICRO_CAP,103.96,-1.35,-1.24,2.55,54,54.1,5.43,STRONG_BULLISH,HOLD,9,10,NA,10,NA,NA,NA,NA,NA,235,50.7,Improving
Telecom,54.66,13,2026-05-15,TATACONSUM,Tata Consumer Products Limited,NA,LARGE_CAP,1234,0.46,4.91,11.92,53.3,61.4,10.89,STRONG_BULLISH,HOLD,15,9,NA,NA,NA,NA,NA,NA,NA,254,50.7,Improving
Telecom,54.66,13,2026-05-15,TATACOMM,TATACOMM,NA,LARGE_CAP,1680,1.44,5.51,7.6,50,72.6,7.91,BULLISH,HOLD,12,6,NA,NA,NA,NA,NA,NA,NA,325,50.7,Improving
Finance & NBFC,53.32,21,2026-05-15,PRECWIRE,PRECWIRE,NA,SMALL_CAP,376.05,-0.04,-10.71,2.55,59.3,45.4,23.18,STRONG_BULLISH,HOLD,15,2,NA,51.48,NA,NA,NA,NA,NA,164,42.3,Lagging
Finance & NBFC,53.32,21,2026-05-15,PFC,PFC,NA,SMALL_CAP,445.75,-1.26,-3.38,-2.87,58,39.1,10.47,STRONG_BULLISH,HOLD,11,10,NA,52.49,NA,NA,NA,NA,NA,182,42.3,Lagging
Finance & NBFC,53.32,21,2026-05-15,HDFCSILVER,HDFCSILVER,NA,SMALL_CAP,248.93,-7.97,3.63,4.62,51.3,63.1,1.02,STRONG_BULLISH,HOLD,12,4,NA,NA,NA,NA,NA,NA,NA,303,42.3,Lagging
Finance & NBFC,53.32,21,2026-05-15,POLICYBZR,POLICYBZR,NA,LARGE_CAP,1688.3,0.41,2.63,8.89,50.7,48.6,16.7,BULLISH,HOLD,15,6,NA,NA,NA,NA,NA,NA,NA,314,42.3,Lagging
Finance & NBFC,53.32,21,2026-05-15,LICHSGFIN,LICHSGFIN,NA,MID_CAP,547.05,-2.38,-5.92,2.28,47.3,52.2,4.47,STRONG_BULLISH,WEAK_HOLD,8,10,NA,NA,NA,NA,NA,NA,NA,372,42.3,Lagging
Consumer Durables,52.82,13,2026-05-15,CROMPTON,CROMPTON,NA,SMALL_CAP,301.95,4.5,2.95,15.7,78.7,79.9,19.85,STRONG_BULLISH,BUY,21,13,NA,57.18,NA,NA,NA,NA,NA,14,47.4,Lagging
Consumer Durables,52.82,13,2026-05-15,BUTTERFLY,BUTTERFLY,NA,MID_CAP,711.6,1.64,13.97,15.28,60.7,79.4,21.01,STRONG_BULLISH,HOLD,16,6,NA,51.8,NA,NA,NA,NA,NA,149,47.4,Lagging
Consumer Durables,52.82,13,2026-05-15,ORIENTELEC,ORIENTELEC,NA,MICRO_CAP,192.73,0.78,2.33,13.38,46.7,58.2,6.86,STRONG_BULLISH,WEAK_HOLD,9,9,NA,NA,NA,NA,NA,NA,NA,380,47.4,Lagging
Consumer Durables,52.82,13,2026-05-15,TITAN,TITAN,NA,LARGE_CAP,4169.1,0.82,-7.54,-6.55,39.3,38,-0.92,STRONG_BULLISH,WEAK_HOLD,1,8,NA,62.9,NA,NA,NA,NA,NA,517,47.4,Lagging
Consumer Durables,52.82,13,2026-05-15,ORIENTHOT,ORIENTHOT,NA,MICRO_CAP,101.1,2.42,-6.43,1.65,38.7,60,2.36,BULLISH,WEAK_HOLD,5,14,NA,NA,NA,NA,NA,NA,NA,527,47.4,Lagging
Cement & Construction,46.42,12,2026-05-15,DALMIASUG,DALMIASUG,NA,SMALL_CAP,342.1,-0.96,-11.2,-9.25,55.3,32.4,16,BULLISH,HOLD,9,4,NA,69.58,NA,NA,NA,NA,NA,209,37.3,Lagging
Cement & Construction,46.42,12,2026-05-15,CREDITACC,Credit Access Grameen Limited,NA,LARGE_CAP,1315.2,-0.87,-12.14,6.18,48.7,57.2,6.7,BULLISH,WEAK_HOLD,7,6,NA,53.16,NA,NA,NA,NA,NA,354,37.3,Lagging
Cement & Construction,46.42,12,2026-05-15,ORIENTELEC,ORIENTELEC,NA,MICRO_CAP,192.73,0.78,2.33,13.38,46.7,58.2,6.86,STRONG_BULLISH,WEAK_HOLD,9,9,NA,NA,NA,NA,NA,NA,NA,380,37.3,Lagging
Cement & Construction,46.42,12,2026-05-15,JSWCEMENT,JSWCEMENT,NA,MICRO_CAP,123.17,0.75,-1.09,-2.42,42.7,48.8,1.22,BULLISH,WEAK_HOLD,1,15,NA,NA,NA,NA,NA,NA,NA,461,37.3,Lagging
Cement & Construction,46.42,12,2026-05-15,ORIENTHOT,ORIENTHOT,NA,MICRO_CAP,101.1,2.42,-6.43,1.65,38.7,60,2.36,BULLISH,WEAK_HOLD,5,14,NA,NA,NA,NA,NA,NA,NA,527,37.3,Lagging
Banking - Private,45.04,8,2026-05-15,RBLBANK,RBL Bank Limited,NA,SMALL_CAP,338.1,0.27,-1.56,7.03,67.3,58.6,8.48,STRONG_BULLISH,BUY,12,12,NA,50.62,NA,NA,NA,NA,NA,72,48.7,Lagging
Banking - Private,45.04,8,2026-05-15,BANDHANBNK,BANDHANBNK,NA,MICRO_CAP,194.46,-2.3,-5.65,11.64,64,65.5,9.6,STRONG_BULLISH,HOLD,14,6,NA,65.58,NA,NA,NA,NA,NA,116,48.7,Lagging
Banking - Private,45.04,8,2026-05-15,FEDERALBNK,Federal Bank Limited,NA,SMALL_CAP,281.3,0.37,-5.37,-1.09,33.3,35.8,-3.44,STRONG_BULLISH,SELL,1,6,NA,55.83,NA,NA,NA,NA,NA,609,48.7,Lagging
Banking - Private,45.04,8,2026-05-15,INDUSINDBK,INDUSINDBK,NA,MID_CAP,886.4,-2.37,-6.77,4.54,31.3,58.1,-4.61,STRONG_BULLISH,SELL,6,8,NA,NA,NA,NA,NA,NA,NA,642,48.7,Lagging
Banking - Private,45.04,8,2026-05-15,KOTAKBANK,Kotak Mahindra Bank Limited,NA,SMALL_CAP,387.05,1,1.64,2.08,29.3,66.1,-4.04,BULLISH,SELL,4,13,NA,NA,NA,NA,NA,NA,NA,668,48.7,Lagging
Agriculture & Fertilizers,41.2,7,2026-05-15,GNFC,GNFC,NA,MID_CAP,514.35,-1.08,3.67,11.08,56,67.5,15.81,BULLISH,HOLD,17,4,NA,NA,NA,NA,NA,NA,NA,202,41.3,Lagging
Agriculture & Fertilizers,41.2,7,2026-05-15,SUNFLAG,SUNFLAG,NA,SMALL_CAP,373.45,-1.23,-10.2,37.83,52.7,71.1,54.53,STRONG_BULLISH,HOLD,20,6,NA,NA,NA,NA,NA,NA,NA,272,41.3,Lagging
Agriculture & Fertilizers,41.2,7,2026-05-15,GSFC,GSFC,NA,MICRO_CAP,170,0.12,-3.38,-0.61,38.7,46.1,3.44,STRONG_BEARISH,WEAK_HOLD,5,7,NA,NA,NA,NA,NA,NA,NA,527,41.3,Lagging
Agriculture & Fertilizers,41.2,7,2026-05-15,RALLIS,RALLIS,NA,SMALL_CAP,263.7,-1.01,-1.59,0.04,29.3,63.6,-1.8,BULLISH,SELL,3,12,NA,NA,NA,NA,NA,NA,NA,668,41.3,Lagging
Agriculture & Fertilizers,41.2,7,2026-05-15,RCF,RCF,NA,MICRO_CAP,124.63,-0.18,-4.56,-3.17,29.3,41.7,1.05,STRONG_BEARISH,SELL,4,4,NA,NA,NA,NA,NA,NA,NA,668,41.3,Lagging
IT & Software,36.8,11,2026-05-15,COFORGE,COFORGE,NA,LARGE_CAP,1282.1,0.59,-6.29,-2.37,53.3,64.9,10.87,BULLISH,HOLD,9,9,NA,54.71,NA,NA,NA,NA,NA,254,24.8,Lagging
IT & Software,36.8,11,2026-05-15,TECHM,Tech Mahindra Limited,NA,LARGE_CAP,1370.5,2.02,-6.32,-8.08,46.7,51.8,3.68,BULLISH,WEAK_HOLD,6,16,NA,NA,NA,NA,NA,NA,NA,380,24.8,Lagging
IT & Software,36.8,11,2026-05-15,PERSISTENT,PERSISTENT,NA,LARGE_CAP,4702.1,1.58,-8.05,-14.52,33.3,47.8,2.09,STRONG_BEARISH,SELL,1,11,NA,NA,NA,NA,NA,NA,NA,609,24.8,Lagging
IT & Software,36.8,11,2026-05-15,INFY,Infosys Limited,NA,LARGE_CAP,1119,2.19,-5.11,-15.18,26,42.2,-11.19,STRONG_BEARISH,SELL,1,13,NA,NA,NA,NA,NA,NA,NA,710,24.8,Lagging
IT & Software,36.8,11,2026-05-15,REDINGTON,REDINGTON,NA,SMALL_CAP,221.29,1.91,-0.78,-2.85,24.7,54.9,-18.35,STRONG_BEARISH,SELL,1,8,NA,NA,NA,NA,NA,NA,NA,723,24.8,Lagging
Banking - PSU,30.14,7,2026-05-15,PNBHOUSING,PNBHOUSING,NA,LARGE_CAP,1069.4,-0.03,-2,19.65,54.7,61.2,32.41,STRONG_BULLISH,HOLD,20,6,NA,NA,NA,NA,NA,NA,NA,221,35.1,Lagging
Banking - PSU,30.14,7,2026-05-15,CANBK,Canara Bank,NA,MICRO_CAP,128.07,-2.12,-4.67,-9.19,30.7,24.3,-15.87,STRONG_BEARISH,SELL,3,12,NA,54.62,NA,NA,NA,NA,NA,651,35.1,Lagging
Banking - PSU,30.14,7,2026-05-15,BANKBARODA,Bank of Baroda,NA,SMALL_CAP,261.4,-2.39,-0.95,-6.44,28,37.4,-16.06,STRONG_BEARISH,SELL,0,12,NA,53.65,NA,NA,NA,NA,NA,685,35.1,Lagging
Banking - PSU,30.14,7,2026-05-15,INDIANB,Indian Bank,NA,MID_CAP,820.6,-1.34,-5.19,-12.71,19.3,29,-14.41,BULLISH,SELL,1,10,NA,NA,NA,NA,NA,NA,NA,780,35.1,Lagging
Banking - PSU,30.14,7,2026-05-15,SBIN,State Bank of India,NA,MID_CAP,963.2,-1.7,-5.5,-9.74,18,22.8,-17.1,BULLISH,SELL,1,6,NA,NA,NA,NA,NA,NA,NA,794,35.1,Lagging
Realty,23.34,6,2026-05-15,OBEROIRLTY,OBEROIRLTY,NA,LARGE_CAP,1617.2,-1.25,-5.04,-5.45,35.3,38.4,8.94,STRONG_BEARISH,WEAK_HOLD,7,8,NA,NA,NA,NA,NA,NA,NA,581,24,Lagging
Realty,23.34,6,2026-05-15,GODREJPROP,GODREJPROP,NA,LARGE_CAP,1714.1,-1.12,-8.51,-1.91,24.7,45,1.77,STRONG_BEARISH,SELL,4,2,NA,NA,NA,NA,NA,NA,NA,723,24,Lagging
Realty,23.34,6,2026-05-15,PRESTIGE,PRESTIGE,NA,LARGE_CAP,1342.2,-2.01,-10.95,0.32,22.7,46.1,-0.9,BULLISH,SELL,3,2,NA,NA,NA,NA,NA,NA,NA,751,24,Lagging
Realty,23.34,6,2026-05-15,DLF,DLF,NA,MID_CAP,566.75,-2.83,-6.82,-3.89,18,43.5,-3.4,STRONG_BEARISH,SELL,0,4,NA,NA,NA,NA,NA,NA,NA,794,24,Lagging
Realty,23.34,6,2026-05-15,LODHA,LODHA,NA,MID_CAP,849.95,-2.62,-11.66,-2.7,16,51.5,-11.25,BULLISH,SELL,3,2,NA,NA,NA,NA,NA,NA,NA,820,24,Lagging
