INDEX_NAME,INDEX_STRENGTH,SYMBOL,COMPANY_NAME,MARKET_CAP_CATEGORY,CURRENT_PRICE,CHANGE_1D,CHANGE_1W,CHANGE_1M,TECHNICAL_SCORE,RSI,RELATIVE_STRENGTH,CAN_SLIM_SCORE,MINERVINI_SCORE,ENHANCED_FUND_SCORE,TREND_SIGNAL,TRADING_SIGNAL
Nifty Infrastructure,61.86,ABB,ABB,LARGE_CAP,7188,0.08,-1.05,14.66,65.3,60.1,26.03,18,11,NA,STRONG_BULLISH,BUY
Nifty Infrastructure,61.86,BHEL,BHEL,SMALL_CAP,406.45,5.31,17.98,60.28,65.3,89.8,60.5,21,14,NA,STRONG_BULLISH,BUY
Nifty Infrastructure,61.86,NTPC,NTPC Limited,SMALL_CAP,400.35,1.39,-0.24,8.54,64.7,59.1,10.59,16,12,NA,STRONG_BULLISH,HOLD
Nifty Infrastructure,61.86,POWERGRID,Power Grid Corporation of India Limited,SMALL_CAP,313.8,-0.68,-2.04,6.23,57.3,52.8,6.86,12,12,NA,STRONG_BULLISH,HOLD
Nifty Infrastructure,61.86,SIEMENS,SIEMENS,LARGE_CAP,3871.5,0.77,2.51,25.88,56.7,76.2,24.96,20,8,NA,STRONG_BULLISH,HOLD
Nifty 50,61.08,COALINDIA,COALINDIA,SMALL_CAP,466.65,-0.75,-2.76,0.79,66.7,74,12.49,17,12,NA,STRONG_BULLISH,BUY
Nifty 50,61.08,NTPC,NTPC Limited,SMALL_CAP,400.35,1.39,-0.24,8.54,64.7,59.1,10.59,16,12,NA,STRONG_BULLISH,HOLD
Nifty 50,61.08,HINDALCO,Hindalco Industries Limited,LARGE_CAP,1055.7,0.95,-1.08,10.6,60.7,55.1,16.93,18,8,NA,STRONG_BULLISH,HOLD
Nifty 50,61.08,POWERGRID,Power Grid Corporation of India Limited,SMALL_CAP,313.8,-0.68,-2.04,6.23,57.3,52.8,6.86,12,12,NA,STRONG_BULLISH,HOLD
Nifty 50,61.08,JSWSTEEL,JSW Steel Limited,LARGE_CAP,1283.4,0.79,0.29,11.42,56,68.9,4.84,9,13,NA,STRONG_BULLISH,HOLD
Nifty Metal,60.28,COALINDIA,COALINDIA,SMALL_CAP,466.65,-0.75,-2.76,0.79,66.7,74,12.49,17,12,NA,STRONG_BULLISH,BUY
Nifty Metal,60.28,HINDCOPPER,Hindustan Copper Limited,MID_CAP,568.6,3.29,2.4,12.73,62,51.9,1.24,14,14,NA,STRONG_BULLISH,HOLD
Nifty Metal,60.28,HINDALCO,Hindalco Industries Limited,LARGE_CAP,1055.7,0.95,-1.08,10.6,60.7,55.1,16.93,18,8,NA,STRONG_BULLISH,HOLD
Nifty Metal,60.28,JSWSTEEL,JSW Steel Limited,LARGE_CAP,1283.4,0.79,0.29,11.42,56,68.9,4.84,9,13,NA,STRONG_BULLISH,HOLD
Nifty Metal,60.28,SAIL,Steel Authority of India Limited,MICRO_CAP,187.28,0.67,0.6,16.6,56,85,20.56,20,11,NA,STRONG_BULLISH,HOLD
Nifty Midcap 50,58.8,NTPC,NTPC Limited,SMALL_CAP,400.35,1.39,-0.24,8.54,64.7,59.1,10.59,16,12,NA,STRONG_BULLISH,HOLD
Nifty Midcap 50,58.8,AUROPHARMA,Aurobindo Pharma Limited,LARGE_CAP,1478.7,-0.36,5.86,11.18,62,66.7,26.59,20,8,NA,STRONG_BULLISH,HOLD
Nifty Midcap 50,58.8,POWERGRID,Power Grid Corporation of India Limited,SMALL_CAP,313.8,-0.68,-2.04,6.23,57.3,52.8,6.86,12,12,NA,STRONG_BULLISH,HOLD
Nifty Midcap 50,58.8,ADANIPORTS,Adani Ports and Special Economic Zone Limited,LARGE_CAP,1732.8,-0.89,4.32,25.47,56,80.2,14.86,18,8,NA,STRONG_BULLISH,HOLD
Nifty Midcap 50,58.8,DIVISLAB,DIVISLAB,LARGE_CAP,6702.5,0.01,2.58,14.57,54,78.2,6.79,13,13,NA,BULLISH,HOLD
Nifty Auto,58.28,BHARATFORG,BHARATFORG,LARGE_CAP,1992.9,6.36,4.46,19.24,76,68.6,13.71,23,16,NA,STRONG_BULLISH,BUY
Nifty Auto,58.28,BAJAJ-AUTO,Bajaj Auto Limited,LARGE_CAP,10605,2.77,11.12,17.19,66.7,70.6,9.36,19,12,NA,STRONG_BULLISH,BUY
Nifty Auto,58.28,MOTHERSON,MOTHERSON,MICRO_CAP,130.43,2.37,5.83,20.28,60,59.8,0.78,14,14,NA,STRONG_BULLISH,HOLD
Nifty Auto,58.28,TVSMOTOR,TVS Motor Company Limited,LARGE_CAP,3706.7,2.45,4.3,6.8,44.7,46.7,-2.86,7,15,NA,BULLISH,WEAK_HOLD
Nifty Auto,58.28,HEROMOTOCO,Hero MotoCorp Limited,LARGE_CAP,5343,3.35,4.47,5.78,44,60,-0.96,9,10,NA,STRONG_BEARISH,WEAK_HOLD
Nifty Pharma,57.74,AUROPHARMA,Aurobindo Pharma Limited,LARGE_CAP,1478.7,-0.36,5.86,11.18,62,66.7,26.59,20,8,NA,STRONG_BULLISH,HOLD
Nifty Pharma,57.74,LUPIN,Lupin Limited,LARGE_CAP,2460.1,0.7,6.43,7.04,62,69.9,10.74,17,6,NA,STRONG_BULLISH,HOLD
Nifty Pharma,57.74,GLENMARK,GLENMARK,LARGE_CAP,2371.6,-0.25,-1.75,12.18,56.7,66.8,17.96,16,10,NA,STRONG_BULLISH,HOLD
Nifty Pharma,57.74,DIVISLAB,DIVISLAB,LARGE_CAP,6702.5,0.01,2.58,14.57,54,78.2,6.79,13,13,NA,BULLISH,HOLD
Nifty Pharma,57.74,APOLLOHOSP,APOLLOHOSP,LARGE_CAP,7837,0.99,1.66,6.97,54,63.8,3.58,10,12,NA,STRONG_BULLISH,HOLD
Nifty Next 50,56.94,NTPC,NTPC Limited,SMALL_CAP,400.35,1.39,-0.24,8.54,64.7,59.1,10.59,16,12,NA,STRONG_BULLISH,HOLD
Nifty Next 50,56.94,POWERGRID,Power Grid Corporation of India Limited,SMALL_CAP,313.8,-0.68,-2.04,6.23,57.3,52.8,6.86,12,12,NA,STRONG_BULLISH,HOLD
Nifty Next 50,56.94,ADANIPORTS,Adani Ports and Special Economic Zone Limited,LARGE_CAP,1732.8,-0.89,4.32,25.47,56,80.2,14.86,18,8,NA,STRONG_BULLISH,HOLD
Nifty Next 50,56.94,DIVISLAB,DIVISLAB,LARGE_CAP,6702.5,0.01,2.58,14.57,54,78.2,6.79,13,13,NA,BULLISH,HOLD
Nifty Next 50,56.94,MARICO,Marico Limited,MID_CAP,832.15,2.13,6.78,10.47,52.7,89.3,7.02,14,10,NA,STRONG_BULLISH,HOLD
Nifty 500,56.54,HINDALCO,Hindalco Industries Limited,LARGE_CAP,1055.7,0.95,-1.08,10.6,60.7,55.1,16.93,18,8,NA,STRONG_BULLISH,HOLD
Nifty 500,56.54,JSWSTEEL,JSW Steel Limited,LARGE_CAP,1283.4,0.79,0.29,11.42,56,68.9,4.84,9,13,NA,STRONG_BULLISH,HOLD
Nifty 500,56.54,ADANIPORTS,Adani Ports and Special Economic Zone Limited,LARGE_CAP,1732.8,-0.89,4.32,25.47,56,80.2,14.86,18,8,NA,STRONG_BULLISH,HOLD
Nifty 500,56.54,ASIANPAINT,ASIANPAINT,LARGE_CAP,2530.6,0.46,3.4,15.75,55.3,62.4,5.76,12,10,NA,STRONG_BULLISH,HOLD
Nifty 500,56.54,TATASTEEL,Tata Steel Limited,SMALL_CAP,217.09,0.75,0.56,9.57,54.7,63.3,6.04,12,10,NA,STRONG_BULLISH,HOLD
Nifty Energy,56.4,NTPC,NTPC Limited,SMALL_CAP,400.35,1.39,-0.24,8.54,64.7,59.1,10.59,16,12,NA,STRONG_BULLISH,HOLD
Nifty Energy,56.4,POWERGRID,Power Grid Corporation of India Limited,SMALL_CAP,313.8,-0.68,-2.04,6.23,57.3,52.8,6.86,12,12,NA,STRONG_BULLISH,HOLD
Nifty Energy,56.4,TATAPOWER,Tata Power Company Limited,SMALL_CAP,439.25,-0.9,-2.71,13.3,56,58.7,19.3,18,10,NA,STRONG_BULLISH,HOLD
Nifty Energy,56.4,TORNTPOWER,TORNTPOWER,SMALL_CAP,1712.5,-1.24,0.63,22.37,53.3,70.1,15.09,18,6,NA,STRONG_BULLISH,HOLD
Nifty Energy,56.4,ADANIGREEN,Adani Green Energy Limited,LARGE_CAP,1365,0.89,9.66,47.51,50.7,89.8,40.14,20,6,NA,STRONG_BULLISH,HOLD
NIFTY SMLCAP 100,54.82,AUROPHARMA,Aurobindo Pharma Limited,LARGE_CAP,1478.7,-0.36,5.86,11.18,62,66.7,26.59,20,8,NA,STRONG_BULLISH,HOLD
NIFTY SMLCAP 100,54.82,ADANIENSOL,ADANIENSOL,LARGE_CAP,1387.1,-1.44,-2.19,40.64,54.7,70,38.08,20,6,NA,STRONG_BULLISH,HOLD
NIFTY SMLCAP 100,54.82,DIVISLAB,DIVISLAB,LARGE_CAP,6702.5,0.01,2.58,14.57,54,78.2,6.79,13,13,NA,BULLISH,HOLD
NIFTY SMLCAP 100,54.82,MARICO,Marico Limited,MID_CAP,832.15,2.13,6.78,10.47,52.7,89.3,7.02,14,10,NA,STRONG_BULLISH,HOLD
NIFTY SMLCAP 100,54.82,ADANIGREEN,Adani Green Energy Limited,LARGE_CAP,1365,0.89,9.66,47.51,50.7,89.8,40.14,20,6,NA,STRONG_BULLISH,HOLD
NIFTY SMLCAP 50,54.82,AUROPHARMA,Aurobindo Pharma Limited,LARGE_CAP,1478.7,-0.36,5.86,11.18,62,66.7,26.59,20,8,NA,STRONG_BULLISH,HOLD
NIFTY SMLCAP 50,54.82,ADANIENSOL,ADANIENSOL,LARGE_CAP,1387.1,-1.44,-2.19,40.64,54.7,70,38.08,20,6,NA,STRONG_BULLISH,HOLD
NIFTY SMLCAP 50,54.82,DIVISLAB,DIVISLAB,LARGE_CAP,6702.5,0.01,2.58,14.57,54,78.2,6.79,13,13,NA,BULLISH,HOLD
NIFTY SMLCAP 50,54.82,MARICO,Marico Limited,MID_CAP,832.15,2.13,6.78,10.47,52.7,89.3,7.02,14,10,NA,STRONG_BULLISH,HOLD
NIFTY SMLCAP 50,54.82,ADANIGREEN,Adani Green Energy Limited,LARGE_CAP,1365,0.89,9.66,47.51,50.7,89.8,40.14,20,6,NA,STRONG_BULLISH,HOLD
NIFTY SMLCAP 250,54.82,AUROPHARMA,Aurobindo Pharma Limited,LARGE_CAP,1478.7,-0.36,5.86,11.18,62,66.7,26.59,20,8,NA,STRONG_BULLISH,HOLD
NIFTY SMLCAP 250,54.82,ADANIENSOL,ADANIENSOL,LARGE_CAP,1387.1,-1.44,-2.19,40.64,54.7,70,38.08,20,6,NA,STRONG_BULLISH,HOLD
NIFTY SMLCAP 250,54.82,DIVISLAB,DIVISLAB,LARGE_CAP,6702.5,0.01,2.58,14.57,54,78.2,6.79,13,13,NA,BULLISH,HOLD
NIFTY SMLCAP 250,54.82,MARICO,Marico Limited,MID_CAP,832.15,2.13,6.78,10.47,52.7,89.3,7.02,14,10,NA,STRONG_BULLISH,HOLD
NIFTY SMLCAP 250,54.82,ADANIGREEN,Adani Green Energy Limited,LARGE_CAP,1365,0.89,9.66,47.51,50.7,89.8,40.14,20,6,NA,STRONG_BULLISH,HOLD
Nifty 200,53.74,ADANIPORTS,Adani Ports and Special Economic Zone Limited,LARGE_CAP,1732.8,-0.89,4.32,25.47,56,80.2,14.86,18,8,NA,STRONG_BULLISH,HOLD
Nifty 200,53.74,ASIANPAINT,ASIANPAINT,LARGE_CAP,2530.6,0.46,3.4,15.75,55.3,62.4,5.76,12,10,NA,STRONG_BULLISH,HOLD
Nifty 200,53.74,DIVISLAB,DIVISLAB,LARGE_CAP,6702.5,0.01,2.58,14.57,54,78.2,6.79,13,13,NA,BULLISH,HOLD
Nifty 200,53.74,NESTLEIND,Nestle India Limited,LARGE_CAP,1476,-0.68,0.71,20.71,52.7,91.4,15.81,16,8,NA,STRONG_BULLISH,HOLD
Nifty 200,53.74,ADANIGREEN,Adani Green Energy Limited,LARGE_CAP,1365,0.89,9.66,47.51,50.7,89.8,40.14,20,6,NA,STRONG_BULLISH,HOLD
Nifty FMCG,52.54,RADICO,RADICO,LARGE_CAP,3407,1.48,-1.49,29.59,65.3,70.2,25.37,19,11,NA,STRONG_BULLISH,BUY
Nifty FMCG,52.54,MARICO,Marico Limited,MID_CAP,832.15,2.13,6.78,10.47,52.7,89.3,7.02,14,10,NA,STRONG_BULLISH,HOLD
Nifty FMCG,52.54,NESTLEIND,Nestle India Limited,LARGE_CAP,1476,-0.68,0.71,20.71,52.7,91.4,15.81,16,8,NA,STRONG_BULLISH,HOLD
Nifty FMCG,52.54,VBL,VBL,MID_CAP,510.6,0.32,-2.39,27.38,48,70.1,12.95,16,6,NA,BULLISH,WEAK_HOLD
Nifty FMCG,52.54,TATACONSUM,Tata Consumer Products Limited,LARGE_CAP,1151.7,-0.04,-1.4,8.45,44,63.1,-0.4,6,10,NA,STRONG_BULLISH,WEAK_HOLD
Nifty 100,49.32,ASIANPAINT,ASIANPAINT,LARGE_CAP,2530.6,0.46,3.4,15.75,55.3,62.4,5.76,12,10,NA,STRONG_BULLISH,HOLD
Nifty 100,49.32,NESTLEIND,Nestle India Limited,LARGE_CAP,1476,-0.68,0.71,20.71,52.7,91.4,15.81,16,8,NA,STRONG_BULLISH,HOLD
Nifty 100,49.32,SUNPHARMA,SUNPHARMA,LARGE_CAP,1834.4,-0.85,3.13,6.78,49.3,70,7.42,12,8,NA,STRONG_BULLISH,WEAK_HOLD
Nifty 100,49.32,TITAN,TITAN,LARGE_CAP,4307.5,-1.2,-2.98,1.82,47.3,31.6,2.96,7,8,NA,STRONG_BULLISH,WEAK_HOLD
Nifty 100,49.32,RELIANCE,Reliance Industries Limited,LARGE_CAP,1436.2,-0.12,0.76,10.09,42,69.4,2.25,7,8,NA,BULLISH,WEAK_HOLD
Nifty Consumer Durables,46.12,ORIENTELEC,ORIENTELEC,MICRO_CAP,192.09,4.57,3.19,23.96,64.7,70.2,10.21,19,16,NA,BULLISH,HOLD
Nifty Consumer Durables,46.12,CROMPTON,CROMPTON,SMALL_CAP,290.75,2.36,5.34,23.96,50,71.3,9.7,13,6,NA,STRONG_BULLISH,HOLD
Nifty Consumer Durables,46.12,TITAN,TITAN,LARGE_CAP,4307.5,-1.2,-2.98,1.82,47.3,31.6,2.96,7,8,NA,STRONG_BULLISH,WEAK_HOLD
Nifty Consumer Durables,46.12,WHIRLPOOL,WHIRLPOOL,SMALL_CAP,978.65,0.91,-1.55,19.17,41.3,80.5,7.48,12,11,NA,BULLISH,WEAK_HOLD
Nifty Consumer Durables,46.12,BLUESTARCO,BLUESTARCO,LARGE_CAP,1748.6,-3.21,-4.83,13.51,27.3,39.2,-10.84,8,8,NA,STRONG_BEARISH,SELL
Nifty Realty,42.94,BRIGADE,BRIGADE,MID_CAP,773.15,-4.43,-3.05,11.81,46,60.7,4.82,8,8,NA,BULLISH,WEAK_HOLD
Nifty Realty,42.94,OBEROIRLTY,OBEROIRLTY,SMALL_CAP,1675,0.1,-1.49,7.35,44.7,43,11.82,12,8,NA,STRONG_BEARISH,WEAK_HOLD
Nifty Realty,42.94,DLF,DLF,MID_CAP,618.85,1.52,4.1,15.87,44,61.1,0.09,7,15,NA,BULLISH,WEAK_HOLD
Nifty Realty,42.94,GODREJPROP,GODREJPROP,LARGE_CAP,1878.6,0.61,0.88,17.05,41.3,63.2,3.34,9,11,NA,BULLISH,WEAK_HOLD
Nifty Realty,42.94,PRESTIGE,PRESTIGE,MID_CAP,1483.5,1.94,3.47,21.39,38.7,74.4,-0.21,8,8,NA,BULLISH,WEAK_HOLD
Nifty Private Bank,40.94,BANDHANBNK,BANDHANBNK,SMALL_CAP,207.63,-0.6,4.7,39.23,49.3,84.6,22.88,20,4,NA,STRONG_BULLISH,WEAK_HOLD
Nifty Private Bank,40.94,RBLBANK,RBL Bank Limited,SMALL_CAP,345.75,2.95,1.33,10.6,46.7,67.4,4.33,9,9,NA,STRONG_BULLISH,WEAK_HOLD
Nifty Private Bank,40.94,FEDERALBNK,Federal Bank Limited,SMALL_CAP,297.05,1.38,4.32,7.96,44.7,66.6,3.39,7,8,NA,STRONG_BULLISH,WEAK_HOLD
Nifty Private Bank,40.94,INDUSINDBK,INDUSINDBK,MID_CAP,946.95,0.02,3.63,20.66,40,76.5,2.47,11,6,NA,STRONG_BULLISH,WEAK_HOLD
Nifty Private Bank,40.94,HDFCBANK,HDFC Bank Limited,MID_CAP,796.05,-0.06,2.19,3.12,24,50.3,-12.7,1,12,NA,STRONG_BEARISH,SELL
Nifty Oil & Gas,37.86,ONGC,Oil and Natural Gas Corporation Limited,SMALL_CAP,283.9,1.1,-5.81,-0.96,44,51.2,3.73,6,6,NA,STRONG_BULLISH,WEAK_HOLD
Nifty Oil & Gas,37.86,RELIANCE,Reliance Industries Limited,LARGE_CAP,1436.2,-0.12,0.76,10.09,42,69.4,2.25,7,8,NA,BULLISH,WEAK_HOLD
Nifty Oil & Gas,37.86,PETRONET,PETRONET,SMALL_CAP,282.1,-0.42,0.71,10.59,37.3,63.7,-6.17,7,10,NA,STRONG_BEARISH,WEAK_HOLD
Nifty Oil & Gas,37.86,GAIL,GAIL,MICRO_CAP,167.26,0.95,0.97,15.05,36,71.2,0.59,7,13,NA,BULLISH,WEAK_HOLD
Nifty Oil & Gas,37.86,OIL,OIL,SMALL_CAP,452.85,0.58,-8.12,-6.03,30,45.3,-4.64,1,6,NA,STRONG_BULLISH,SELL
Nifty Bank,32.94,FEDERALBNK,Federal Bank Limited,SMALL_CAP,297.05,1.38,4.32,7.96,44.7,66.6,3.39,7,8,NA,STRONG_BULLISH,WEAK_HOLD
Nifty Bank,32.94,INDUSINDBK,INDUSINDBK,MID_CAP,946.95,0.02,3.63,20.66,40,76.5,2.47,11,6,NA,STRONG_BULLISH,WEAK_HOLD
Nifty Bank,32.94,SBIN,State Bank of India,LARGE_CAP,1092,-0.36,0.47,5.98,34,57.2,-9.07,2,10,NA,STRONG_BULLISH,SELL
Nifty Bank,32.94,HDFCBANK,HDFC Bank Limited,MID_CAP,796.05,-0.06,2.19,3.12,24,50.3,-12.7,1,12,NA,STRONG_BEARISH,SELL
Nifty Bank,32.94,CANBK,Canara Bank,MICRO_CAP,135.93,-1.53,-0.82,4.96,22,38,-8.67,2,8,NA,STRONG_BEARISH,SELL
Nifty PSU Bank,22.52,SBIN,State Bank of India,LARGE_CAP,1092,-0.36,0.47,5.98,34,57.2,-9.07,2,10,NA,STRONG_BULLISH,SELL
Nifty PSU Bank,22.52,CANBK,Canara Bank,MICRO_CAP,135.93,-1.53,-0.82,4.96,22,38,-8.67,2,8,NA,STRONG_BEARISH,SELL
Nifty PSU Bank,22.52,BANKBARODA,Bank of Baroda,SMALL_CAP,270.35,0.02,0.78,4.75,21.3,37.6,-10.84,1,10,NA,STRONG_BEARISH,SELL
Nifty PSU Bank,22.52,PNB,Punjab National Bank,MICRO_CAP,109.11,-0.97,-1.86,4.33,19.3,35.2,-13.12,1,8,NA,STRONG_BEARISH,SELL
Nifty PSU Bank,22.52,UNIONBANK,Union Bank of India,MICRO_CAP,167.28,-0.87,-0.02,-2.68,16,25,-11.38,1,10,NA,BULLISH,SELL
Nifty IT,20.92,COFORGE,COFORGE,LARGE_CAP,1285.3,0.38,6.75,4.44,29.3,46.7,-5.2,5,8,NA,STRONG_BEARISH,SELL
Nifty IT,20.92,TECHM,Tech Mahindra Limited,LARGE_CAP,1448.2,-1.26,-0.79,-1.71,25.3,43.8,-1.74,3,8,NA,BULLISH,SELL
Nifty IT,20.92,TCS,Tata Consultancy Services Limited,LARGE_CAP,2401.4,-1.4,-2.96,-5.45,19.3,29.3,-9.97,1,12,NA,STRONG_BEARISH,SELL
Nifty IT,20.92,WIPRO,Wipro Limited,MICRO_CAP,197.36,-0.88,-1.65,-3.6,16.7,28.2,-6.2,0,12,NA,STRONG_BEARISH,SELL
Nifty IT,20.92,MPHASIS,MPHASIS,LARGE_CAP,2193.1,-1.14,-2.56,-5.8,14,27.5,-7.37,0,10,NA,STRONG_BEARISH,SELL
