SECTOR_NAME,SECTOR_STRENGTH,TOTAL_STOCKS,RANK,SYMBOL,COMPANY_NAME,MARKET_CAP_CATEGORY,CURRENT_PRICE,CHANGE_1D,CHANGE_1W,CHANGE_1M,TECHNICAL_SCORE,RSI,TREND_SIGNAL,RELATIVE_STRENGTH,CAN_SLIM_SCORE,MINERVINI_SCORE,FUNDAMENTAL_SCORE,ENHANCED_FUND_SCORE,EARNINGS_QUALITY,SALES_GROWTH,FINANCIAL_STRENGTH,INSTITUTIONAL_BACKING,TRADING_VALUE,TRADING_SIGNAL,ANALYSIS_DATE
Defence & Aerospace,64.78,12,212,BELRISE,BELRISE INDUSTRIES LTD,SMALL_CAP,214.1,2.49,3.89,16.52,74,69.4,STRONG_BULLISH,26.22,16,16,15,53.29,50.22,51,57.27,60,1497817232.82,BUY,2026-04-17
Defence & Aerospace,64.78,12,341,ASTRAMICRO,ASTRA MICROWAVE LTD,MICRO_CAP,1093.45,1.74,7.66,15.58,69.3,70.7,BULLISH,12.19,14,8,25,71.97,73.91,94,57.05,50,681781305.55,BUY,2026-04-17
Defence & Aerospace,64.78,12,198,AEROFLEX,AEROFLEX INDUSTRIES LTD,SMALL_CAP,311.23,5.06,7.7,25.61,65.3,76.1,STRONG_BULLISH,75.58,20,12,0,10,10,10,10,10,1657940861.18,BUY,2026-04-17
Defence & Aerospace,64.78,12,136,ASTRAL,ASTRAL LIMITED,MID_CAP,1605,1.67,-1.53,-3.8,58,50.7,BEARISH,9.61,7,8,20,62.97,68.04,60,59.41,59.17,2600092912,HOLD,2026-04-17
Defence & Aerospace,64.78,12,58,COCHINSHIP,COCHIN SHIPYARD LIMITED,MID_CAP,1561.1,4.21,6.59,10.57,57.3,64.4,BEARISH,-5.04,8,14,25,74.88,76.52,94,58.86,60,5523881903.7,HOLD,2026-04-17
Infrastructure,63.08,21,89,ABB,ABB INDIA LIMITED,MID_CAP,7029.5,2.12,2.48,10.92,70.7,73.4,STRONG_BULLISH,26.92,16,9,20,61.29,55.43,73,59.32,60,3915571790.5,BUY,2026-04-17
Infrastructure,63.08,21,448,SPMLINFRA,SPML INFRA LIMITED,MICRO_CAP,210.99,7.44,11.72,23.03,62.7,69.6,BEARISH,24.99,20,12,0,NA,NA,NA,NA,NA,377459967.71,HOLD,2026-04-17
Infrastructure,63.08,21,32,BHEL,BHEL,LARGE_CAP,316.79,2.43,11.27,21.77,61.3,74.9,BULLISH,21.5,18,2,15,53.94,54.13,47,55.45,63,7839830551.35,HOLD,2026-04-17
Infrastructure,63.08,21,48,ADANIENSOL,ADANI ENERGY SOLUTION LTD,LARGE_CAP,1259.8,3.04,8.8,21.52,60.7,76.5,STRONG_BULLISH,41.7,18,12,0,10,10,10,10,10,6171291667.55,HOLD,2026-04-17
Infrastructure,63.08,21,98,NTPCGREEN,NTPC GREEN ENERGY LIMITED,MID_CAP,111.96,2.91,15.22,14.42,60,74.6,BULLISH,30.84,18,10,0,NA,NA,NA,NA,NA,3683131989.64,HOLD,2026-04-17
Energy - Power,62.92,22,112,CGPOWER,CG POWER AND IND SOL LTD,MID_CAP,774.8,2.5,5.98,9.57,69.3,67.2,STRONG_BULLISH,33.57,16,9,15,55.37,53.04,51,57.5,66,3181237792.9,BUY,2026-04-17
Energy - Power,62.92,22,213,TORNTPOWER,TORRENT POWER LTD,SMALL_CAP,1565,2.85,6.33,7.61,62.7,67.4,BULLISH,13.69,14,14,0,NA,NA,NA,NA,NA,1487956912.3,HOLD,2026-04-17
Energy - Power,62.92,22,88,QPOWER,QUALITY POWER ELEC EQUP L,MID_CAP,1206.05,5.98,25.36,46.06,61.3,80.1,STRONG_BULLISH,81.81,20,10,0,NA,NA,NA,NA,NA,3920987241.3,HOLD,2026-04-17
Energy - Power,62.92,22,288,KPIGREEN,KPI GREEN ENERGY LIMITED,SMALL_CAP,448.25,1.67,9.04,16.35,61.3,68.6,BULLISH,14.18,16,11,0,NA,NA,NA,NA,NA,908018863.9,HOLD,2026-04-17
Energy - Power,62.92,22,98,NTPCGREEN,NTPC GREEN ENERGY LIMITED,MID_CAP,111.96,2.91,15.22,14.42,60,74.6,BULLISH,30.84,18,10,0,NA,NA,NA,NA,NA,3683131989.64,HOLD,2026-04-17
Cement & Construction,59.480000000000004,14,525,DALMIASUG,DALMIA BHARAT SUG IN LTD,MICRO_CAP,394.15,4.56,6.18,31.19,76.7,68.8,STRONG_BULLISH,43.82,15,16,20,69.58,73.7,84,58.64,49.17,274301149.8,BUY,2026-04-17
Cement & Construction,59.480000000000004,14,742,BIRLACABLE,BIRLA CABLE LIMITED,MICRO_CAP,160.32,13.19,22.7,21.04,68,70.3,BEARISH,19.23,18,10,15,51.21,50.22,47,56.36,54,108079206.06,BUY,2026-04-17
Cement & Construction,59.480000000000004,14,922,BIRLAMONEY,ADITYA BIRLA MONEY LTD,MICRO_CAP,141.43,1.83,7.34,20.98,59.3,69.3,BEARISH,14.55,18,9,0,10,10,10,10,10,38960315.09,HOLD,2026-04-17
Cement & Construction,59.480000000000004,14,500,ORIENTELEC,ORIENT ELECTRIC LIMITED,MICRO_CAP,179.56,5.64,5.38,5.99,46.7,60.8,BEARISH,0.94,9,12,0,NA,NA,NA,NA,NA,298636834.91,WEAK_HOLD,2026-04-17
Cement & Construction,59.480000000000004,14,695,JSWCEMENT,JSW CEMENT LIMITED,MICRO_CAP,125.88,-0.27,-1.22,6.07,46.7,57.5,BULLISH,11.14,11,8,0,NA,NA,NA,NA,NA,128168174.91,WEAK_HOLD,2026-04-17
Pharma & Healthcare,56.4,17,153,AUROPHARMA,AUROBINDO PHARMA LTD,SMALL_CAP,1386,-0.04,2.71,9.22,64.7,70.1,STRONG_BULLISH,15.67,11,10,20,67.41,70.43,70,59.18,66,2234775090.3,HOLD,2026-04-17
Pharma & Healthcare,56.4,17,242,NATCOPHARM,NATCO PHARMA LTD.,SMALL_CAP,1119.7,3.03,1.4,16.89,60,67.9,STRONG_BULLISH,34.86,16,15,0,NA,NA,NA,NA,NA,1166533158.75,HOLD,2026-04-17
Pharma & Healthcare,56.4,17,134,APOLLOHOSP,APOLLO HOSPITALS ENTER. L,MID_CAP,7699,1.93,2.5,3.05,58.7,59.3,BULLISH,11.52,9,8,15,51.11,51.2,45.83,55.87,53.33,2632645155,HOLD,2026-04-17
Pharma & Healthcare,56.4,17,221,LAURUSLABS,LAURUS LABS LIMITED,SMALL_CAP,1135.75,0.66,3.41,15.49,51.3,67.8,STRONG_BULLISH,18.6,13,10,0,NA,NA,NA,NA,NA,1400152308.05,HOLD,2026-04-17
Pharma & Healthcare,56.4,17,148,LUPIN,LUPIN LIMITED,MID_CAP,2326.1,-0.04,-0.33,1.03,47.3,54.9,STRONG_BULLISH,8.96,5,10,0,NA,NA,NA,NA,NA,2318290759.2,WEAK_HOLD,2026-04-17
Chemicals,54.96,17,270,DEEPAKFERT,DEEPAK FERTILIZERS & PETR,SMALL_CAP,1230.35,2.64,13,30.42,64.7,71.3,BULLISH,17.44,13,7,25,70.76,75.43,76,62.95,60,1011092333.8,HOLD,2026-04-17
Chemicals,54.96,17,694,SUMICHEM,SUMITOMO CHEM INDIA LTD,MICRO_CAP,442.4,4.49,5.69,13.64,56.7,69.5,BEARISH,8.9,10,16,0,NA,NA,NA,NA,NA,128471856.7,HOLD,2026-04-17
Chemicals,54.96,17,445,FLUOROCHEM,GUJARAT FLUOROCHEM LTD,MICRO_CAP,3354.8,-0.65,0.25,6.75,54,56.3,BEARISH,10.78,10,12,0,NA,NA,NA,NA,NA,382645647.8,HOLD,2026-04-17
Chemicals,54.96,17,82,SUPREMEIND,SUPREME INDUSTRIES LTD,MID_CAP,3709,1.23,-2.46,-7.52,50.7,44.8,BEARISH,6.47,9,15,0,NA,NA,NA,NA,NA,4357427843,HOLD,2026-04-17
Chemicals,54.96,17,479,RALLIS,RALLIS INDIA LTD,MICRO_CAP,268,1.67,3.8,9.66,48.7,62.2,BULLISH,-1.53,10,15,0,NA,NA,NA,NA,NA,323071525.84,WEAK_HOLD,2026-04-17
Consumer Durables,54.8,11,26,TITAN,TITAN COMPANY LIMITED,LARGE_CAP,4525.9,1.45,0.46,9.18,63.3,63.4,STRONG_BULLISH,14.7,16,15,0,NA,NA,NA,NA,NA,9473332466.7,HOLD,2026-04-17
Consumer Durables,54.8,11,248,CROMPTON,CROMPT GREA CON ELEC LTD,SMALL_CAP,261.45,0.18,8.16,4.52,60,61.9,BEARISH,18.97,12,6,15,57.18,56.52,61,56.59,53.33,1133445692.26,HOLD,2026-04-17
Consumer Durables,54.8,11,373,WHIRLPOOL,WHIRLPOOL OF INDIA LTD,MICRO_CAP,889.8,4.85,7.2,5.88,58,60.4,BEARISH,15.32,14,14,0,NA,NA,NA,NA,NA,548832038.2,HOLD,2026-04-17
Consumer Durables,54.8,11,500,ORIENTELEC,ORIENT ELECTRIC LIMITED,MICRO_CAP,179.56,5.64,5.38,5.99,46.7,60.8,BEARISH,0.94,9,12,0,NA,NA,NA,NA,NA,298636834.91,WEAK_HOLD,2026-04-17
Consumer Durables,54.8,11,306,BLUESTARCO,BLUE STAR LIMITED,MICRO_CAP,1866.1,0.91,10.42,2.56,46,60.5,BEARISH,3.62,2,2,25,72.84,74.35,86,58.5,66,818310191.7,WEAK_HOLD,2026-04-17
Energy - Oil & Gas,53.86,16,57,ATGL,ADANI TOTAL GAS LIMITED,MID_CAP,632.9,5.91,8.92,22.74,70.7,69.4,BULLISH,21.02,16,10,15,52.51,50.22,47,56.14,63,5538074775.05,BUY,2026-04-17
Energy - Oil & Gas,53.86,16,371,KIOCL,KIOCL LIMITED,MICRO_CAP,411.65,4.18,15,26.62,53.3,73,BULLISH,14.99,14,4,0,NA,NA,NA,NA,NA,559229967.1,HOLD,2026-04-17
Energy - Oil & Gas,53.86,16,66,ONGC,OIL AND NATURAL GAS CORP.,MID_CAP,284.05,0.46,-0.86,7.19,50,56.5,STRONG_BULLISH,6.52,7,15,0,NA,NA,NA,NA,NA,5068607303.45,HOLD,2026-04-17
Energy - Oil & Gas,53.86,16,402,MGL,MAHANAGAR GAS LTD.,MICRO_CAP,1125.75,3.12,4.65,12.53,48,67.9,BEARISH,7.84,9,9,0,NA,NA,NA,NA,NA,473881124.4,WEAK_HOLD,2026-04-17
Energy - Oil & Gas,53.86,16,168,MRPL,MRPL,SMALL_CAP,183.13,4.69,4.87,-4.64,47.3,51.1,BEARISH,4.64,1,18,0,NA,NA,NA,NA,NA,1977937316.8,WEAK_HOLD,2026-04-17
Textiles,52.82,9,561,ARVIND,ARVIND LIMITED,MICRO_CAP,386.75,0.42,-0.85,5.9,76.7,61.4,STRONG_BULLISH,24.73,18,13,15,57.39,51.96,61,57.27,66,238781012.75,BUY,2026-04-17
Textiles,52.82,9,344,KPRMILL,KPR MILL LTD.,MICRO_CAP,927.7,3.79,6.39,10.63,57.3,64.5,BEARISH,7.6,14,16,0,NA,NA,NA,NA,NA,664411640,HOLD,2026-04-17
Textiles,52.82,9,730,ARVINDFASN,ARVIND FASHIONS LIMITED,MICRO_CAP,472.65,-0.24,-1.84,15.49,50.7,61.9,BEARISH,1.31,6,8,15,50.43,47.61,47,55.45,57,113799854,HOLD,2026-04-17
Textiles,52.82,9,629,RAYMOND,RAYMOND LTD,MICRO_CAP,422.4,0.32,9.35,12.07,42.7,67.6,BEARISH,12.08,13,4,0,NA,NA,NA,NA,NA,172440517.6,WEAK_HOLD,2026-04-17
Textiles,52.82,9,677,WELSPUNLIV,WELSPUN LIVING LIMITED,MICRO_CAP,125.42,1.28,1.91,8.86,36.7,57.9,BEARISH,2.11,6,10,0,NA,NA,NA,NA,NA,139059429.5,WEAK_HOLD,2026-04-17
Metals & Mining,52.54,21,102,JINDALSTEL,JINDAL STEEL LIMITED,MID_CAP,1270,3.39,4.17,7.7,63.3,65.3,BULLISH,13.1,16,18,0,NA,NA,NA,NA,NA,3607101926.5,HOLD,2026-04-17
Metals & Mining,52.54,21,85,SAIL,STEEL AUTHORITY OF INDIA,MID_CAP,173.33,1.17,4.4,12.25,54.7,67,STRONG_BULLISH,15.6,13,10,0,NA,NA,NA,NA,NA,4247916638.23,HOLD,2026-04-17
Metals & Mining,52.54,21,99,NATIONALUM,NATIONAL ALUMINIUM CO LTD,MID_CAP,438.75,1.4,5.22,13.18,50,69.2,STRONG_BULLISH,14.74,13,8,0,NA,NA,NA,NA,NA,3673923627.1,HOLD,2026-04-17
Metals & Mining,52.54,21,34,VEDL,VEDANTA LIMITED,LARGE_CAP,787.5,0.59,5.68,15.98,48,72.8,STRONG_BULLISH,16.46,13,8,0,NA,NA,NA,NA,NA,7778947215.25,WEAK_HOLD,2026-04-17
Metals & Mining,52.54,21,71,TATASTEEL,TATA STEEL LIMITED,MID_CAP,212.12,0.68,2.67,8.55,46.7,65,BULLISH,10.74,11,8,0,NA,NA,NA,NA,NA,4815505748.9,WEAK_HOLD,2026-04-17
Auto & Auto Ancillaries,52.14,14,643,WHEELS,WHEELS INDIA LTD,MICRO_CAP,1067.05,3.82,2.22,9.64,60.7,62.7,BULLISH,40.9,16,14,0,NA,NA,NA,NA,NA,163327143.35,HOLD,2026-04-17
Auto & Auto Ancillaries,52.14,14,178,BHARATFORG,BHARAT FORGE LTD,SMALL_CAP,1860.5,0.25,3.43,3.11,55.3,61.9,BULLISH,29.99,13,4,15,54.83,55.22,53,56.82,54.17,1928684023.3,HOLD,2026-04-17
Auto & Auto Ancillaries,52.14,14,193,BALKRISIND,BALKRISHNA IND. LTD,SMALL_CAP,2329.8,-0.54,2.68,7.26,52,57.6,BEARISH,1.95,9,8,15,51.38,50.22,47,55.23,56.67,1703566240.6,HOLD,2026-04-17
Auto & Auto Ancillaries,52.14,14,152,MOTHERSON,SAMVRDHNA MTHRSN INTL LTD,SMALL_CAP,125.03,1.8,2.35,6.16,46.7,59.7,BULLISH,11.65,13,6,0,NA,NA,NA,NA,NA,2235063781.67,WEAK_HOLD,2026-04-17
Auto & Auto Ancillaries,52.14,14,779,SANDHAR,SANDHAR TECHNOLOGIES LTD,MICRO_CAP,506.85,0.57,2.91,3.92,46,59.3,BEARISH,4.5,7,11,0,NA,NA,NA,NA,NA,88667406.45,WEAK_HOLD,2026-04-17
Paper & Packaging,52.02,9,565,SOUTHWEST,SOUTH WEST PINNACLE LTD,MICRO_CAP,256.24,3.41,12.12,24.77,60.7,72.6,BULLISH,80.25,20,12,0,NA,NA,NA,NA,NA,236821519.36,HOLD,2026-04-17
Paper & Packaging,52.02,9,210,ENRIN,SIEMENS ENERGY INDIA LTD,SMALL_CAP,3019.6,4.08,7.33,6.3,56.7,67,BEARISH,22.32,16,12,0,NA,NA,NA,NA,NA,1522237574.8,HOLD,2026-04-17
Paper & Packaging,52.02,9,519,NRBBEARING,NRB BEARING LIMITED,MICRO_CAP,295.06,4.95,14.63,14.9,54.7,69.8,BEARISH,16.44,18,2,0,NA,NA,NA,NA,NA,280967281.02,HOLD,2026-04-17
Paper & Packaging,52.02,9,775,JKPAPER,JK PAPER LIMITED,MICRO_CAP,374.75,-1.02,6.39,12.3,50.7,64.1,BULLISH,15.53,13,8,0,NA,NA,NA,NA,NA,90038758.15,HOLD,2026-04-17
Paper & Packaging,52.02,9,351,EMAMILTD,EMAMI LIMITED,MICRO_CAP,452.1,6.25,6.59,8.46,37.3,65.9,BEARISH,-5.64,6,14,0,NA,NA,NA,NA,NA,629685111.1,WEAK_HOLD,2026-04-17
Logistics & Shipping,49.88,5,27,ADANIPORTS,ADANI PORT & SEZ LTD,LARGE_CAP,1573.4,1.52,6.65,12.23,54,67.3,BEARISH,11.73,16,8,0,10,10,10,10,10,9451702560.6,HOLD,2026-04-17
Logistics & Shipping,49.88,5,630,STCINDIA,THE STATE TRADING CORPN,MICRO_CAP,123.95,5.71,9.36,8.22,52.7,67.4,BEARISH,3.93,11,14,0,NA,NA,NA,NA,NA,172229391.73,HOLD,2026-04-17
Logistics & Shipping,49.88,5,301,CONCOR,CONTAINER CORP OF IND LTD,MICRO_CAP,503.1,0.17,4.01,9.64,50.7,65.1,BEARISH,1.08,6,8,15,54,53.7,51,56.36,56.67,843380761.2,HOLD,2026-04-17
Logistics & Shipping,49.88,5,302,CONCORDBIO,CONCORD BIOTECH LIMITED,MICRO_CAP,1081.7,4.27,2.01,-5.35,47.3,49.7,STRONG_BEARISH,-7.05,5,18,20,68.6,74.78,76,57.95,54,837159642.3,WEAK_HOLD,2026-04-17
Logistics & Shipping,49.88,5,840,TCIEXP,TCI EXPRESS LIMITED,MICRO_CAP,543.45,-1.26,-0.32,11.01,44.7,59.5,BEARISH,0.97,11,10,0,NA,NA,NA,NA,NA,67035038,WEAK_HOLD,2026-04-17
FMCG & Consumer Goods,48.54,19,80,COLPAL,COLGATE PALMOLIVE LTD.,MID_CAP,2106,6.5,8.61,8.47,56.7,64.4,BEARISH,0.52,9,12,15,53.47,50.65,55,54.77,56.67,4387989665.5,HOLD,2026-04-17
FMCG & Consumer Goods,48.54,19,96,RADICO,RADICO KHAITAN LTD,MID_CAP,3186.9,4.96,14.12,17.61,54.7,71,BEARISH,13.6,18,5,0,NA,NA,NA,NA,NA,3767782936,HOLD,2026-04-17
FMCG & Consumer Goods,48.54,19,54,VBL,VARUN BEVERAGES LIMITED,MID_CAP,473.9,2.93,9.8,14.17,48,70.7,BEARISH,1.47,9,14,0,NA,NA,NA,NA,NA,5638454752.1,WEAK_HOLD,2026-04-17
FMCG & Consumer Goods,48.54,19,748,JUBLINGREA,JUBILANT INGREVIA LIMITED,MICRO_CAP,665.2,-0.39,2.64,15.46,42,66.4,BEARISH,5.63,8,8,0,NA,NA,NA,NA,NA,104644525,WEAK_HOLD,2026-04-17
FMCG & Consumer Goods,48.54,19,208,MARICO,MARICO LIMITED,SMALL_CAP,757.3,1.73,-0.78,0.17,41.3,51.1,BULLISH,4.68,2,15,0,NA,NA,NA,NA,NA,1544959977.9,WEAK_HOLD,2026-04-17
Media & Entertainment,48.12,15,667,SUNTV,SUN TV NETWORK LIMITED,MICRO_CAP,643.25,1.75,7.55,7.5,54,64.7,STRONG_BULLISH,16.65,13,9,0,NA,NA,NA,NA,NA,147038987.65,HOLD,2026-04-17
Media & Entertainment,48.12,15,723,SUNFLAG,SUNFLAG IRON AND STEEL CO,MICRO_CAP,272.97,0.75,9.44,23.73,51.3,70.9,BEARISH,12.35,16,7,0,NA,NA,NA,NA,NA,117665756.84,HOLD,2026-04-17
Media & Entertainment,48.12,15,302,CONCORDBIO,CONCORD BIOTECH LIMITED,MICRO_CAP,1081.7,4.27,2.01,-5.35,47.3,49.7,STRONG_BEARISH,-7.05,5,18,20,68.6,74.78,76,57.95,54,837159642.3,WEAK_HOLD,2026-04-17
Media & Entertainment,48.12,15,12,LIQUIDBEES,NIP IND ETF LIQUID BEES,LARGE_CAP,1000,0,0,0,45.3,53,BULLISH,0.91,7,8,0,NA,NA,NA,NA,NA,17957154130.47,WEAK_HOLD,2026-04-17
Media & Entertainment,48.12,15,649,DBREALTY,VALOR ESTATE LIMITED,MICRO_CAP,107.09,-1.95,6.27,5.19,42.7,57.2,BEARISH,1.34,4,4,25,72.04,73.48,94,57.5,51,158166133.77,WEAK_HOLD,2026-04-17
Finance & NBFC,47.98,22,73,PFC,POWER FIN CORP LTD.,MID_CAP,464.85,1.3,6.89,7.54,51.3,70.8,STRONG_BULLISH,23.45,15,6,0,NA,NA,NA,NA,NA,4742133028.5,HOLD,2026-04-17
Finance & NBFC,47.98,22,476,PRECWIRE,PRECISION WIRES INDIA LTD,MICRO_CAP,376.9,2.78,10.97,22.51,49.3,71.5,STRONG_BULLISH,54.97,16,2,0,NA,NA,NA,NA,NA,325142404.8,WEAK_HOLD,2026-04-17
Finance & NBFC,47.98,22,47,HDFCAMC,HDFC AMC LIMITED,LARGE_CAP,2792.4,4.89,6.61,13.1,48,64.9,BEARISH,11.91,14,4,0,NA,NA,NA,NA,NA,6260989921,WEAK_HOLD,2026-04-17
Finance & NBFC,47.98,22,55,RECLTD,REC LIMITED,MID_CAP,373.3,2.5,6.72,7.25,47.3,66.7,BEARISH,3.44,9,8,0,NA,NA,NA,NA,NA,5571042011.65,WEAK_HOLD,2026-04-17
Finance & NBFC,47.98,22,423,HDFCSML250,HDFCAMC - HDFCSML250,MICRO_CAP,165.6,1.72,4.43,8.71,44,67.5,BEARISH,5.46,8,11,0,NA,NA,NA,NA,NA,430407455.17,WEAK_HOLD,2026-04-17
Agriculture & Fertilizers,46.14,7,396,GNFC,GUJ NAR VAL FER & CHEM L,MICRO_CAP,489.7,5.76,13.23,16.43,52.7,71.6,BEARISH,5.82,13,12,0,NA,NA,NA,NA,NA,485743163.55,HOLD,2026-04-17
Agriculture & Fertilizers,46.14,7,723,SUNFLAG,SUNFLAG IRON AND STEEL CO,MICRO_CAP,272.97,0.75,9.44,23.73,51.3,70.9,BEARISH,12.35,16,7,0,NA,NA,NA,NA,NA,117665756.84,HOLD,2026-04-17
Agriculture & Fertilizers,46.14,7,479,RALLIS,RALLIS INDIA LTD,MICRO_CAP,268,1.67,3.8,9.66,48.7,62.2,BULLISH,-1.53,10,15,0,NA,NA,NA,NA,NA,323071525.84,WEAK_HOLD,2026-04-17
Agriculture & Fertilizers,46.14,7,350,RCF,RASHTRIYA CHEMICALS & FER,MICRO_CAP,131.77,2.38,2.78,9.23,42,61.9,BEARISH,-3.11,8,16,0,NA,NA,NA,NA,NA,634308139.54,WEAK_HOLD,2026-04-17
Agriculture & Fertilizers,46.14,7,554,GSFC,GUJ STATE FERT & CHEM LTD,MICRO_CAP,174.07,1.77,6.3,8.22,36,65.8,BEARISH,-4.74,6,11,0,NA,NA,NA,NA,NA,248313972.66,WEAK_HOLD,2026-04-17
Banking - Private,43.46,8,325,BANDHANBNK,BANDHAN BANK LIMITED,MICRO_CAP,174.47,0.17,3.81,6.71,57.3,60.4,BULLISH,13.73,11,4,20,65.58,70.71,70,56.47,56.67,738455938.26,HOLD,2026-04-17
Banking - Private,43.46,8,59,AXISBANK,AXIS BANK LIMITED,MID_CAP,1359.1,0.7,0.61,8.45,44.7,62.6,BULLISH,0.09,6,8,15,52.47,51.19,47,54.71,62,5496892480.2,WEAK_HOLD,2026-04-17
Banking - Private,43.46,8,131,FEDERALBNK,FEDERAL BANK LTD,MID_CAP,293.75,3.29,0.7,8.2,43.3,61.5,BULLISH,3,6,8,0,NA,NA,NA,NA,NA,2691411226.65,WEAK_HOLD,2026-04-17
Banking - Private,43.46,8,273,RBLBANK,RBL BANK LIMITED,SMALL_CAP,315.55,-0.11,-2.05,4.71,40,53.9,BEARISH,6.53,7,12,0,NA,NA,NA,NA,NA,1005905311.85,WEAK_HOLD,2026-04-17
Banking - Private,43.46,8,4,ICICIBANK,ICICI BANK LTD.,LARGE_CAP,1346.8,0.1,1.88,4.46,32,59.7,BEARISH,0.31,4,8,0,NA,NA,NA,NA,NA,24347556255.2,SELL,2026-04-17
Realty,42.54,8,353,BRIGADE,BRIGADE ENTER. LTD,MICRO_CAP,762.25,3.22,5.4,11.09,50,64.4,BEARISH,2.24,6,10,15,56.82,55.43,51,60,66,621616111.6,HOLD,2026-04-17
Realty,42.54,8,296,OBEROIRLTY,OBEROI REALTY LIMITED,SMALL_CAP,1710.6,0.01,2.33,16.15,46.7,72.4,BULLISH,15.65,13,10,0,NA,NA,NA,NA,NA,869297764.2,WEAK_HOLD,2026-04-17
Realty,42.54,8,162,KOLTEPATIL,KOLTE PATIL DEV. LTD.,SMALL_CAP,365.15,5.5,10.25,11.26,44,69.6,BEARISH,-1.14,10,12,0,NA,NA,NA,NA,NA,2040341415.15,WEAK_HOLD,2026-04-17
Realty,42.54,8,238,GODREJPROP,GODREJ PROPERTIES LTD,SMALL_CAP,1758.8,0.65,2.46,7.05,43.3,62.2,BEARISH,12.45,13,8,0,NA,NA,NA,NA,NA,1186918952.3,WEAK_HOLD,2026-04-17
Realty,42.54,8,328,SUNTECK,SUNTECK REALTY LIMITED,MICRO_CAP,333.65,-1.21,5.44,2.44,28.7,53.1,BEARISH,-15.7,8,4,0,NA,NA,NA,NA,NA,718760200.4,SELL,2026-04-17
Telecom,42.42,12,71,TATASTEEL,TATA STEEL LIMITED,MID_CAP,212.12,0.68,2.67,8.55,46.7,65,BULLISH,10.74,11,8,0,NA,NA,NA,NA,NA,4815505748.9,WEAK_HOLD,2026-04-17
Telecom,42.42,12,115,TATAPOWER,TATA POWER CO LTD,MID_CAP,427.6,0.23,7.07,6.81,44,73.1,STRONG_BULLISH,17.65,11,4,0,NA,NA,NA,NA,NA,3154555516.7,WEAK_HOLD,2026-04-17
Telecom,42.42,12,399,TATAINVEST,TATA INVESTMENT CORP LTD,MICRO_CAP,712.65,0.38,7.06,13.83,42.7,68.1,BEARISH,15.32,13,4,0,NA,NA,NA,NA,NA,476630405.85,WEAK_HOLD,2026-04-17
Telecom,42.42,12,540,IDEAFORGE,IDEAFORGE TECHNO LTD,MICRO_CAP,476.85,2.31,9.21,10.19,42.7,68.3,BEARISH,4.24,6,9,0,NA,NA,NA,NA,NA,255540501.9,WEAK_HOLD,2026-04-17
Telecom,42.42,12,368,TATACAP,TATACAP,MICRO_CAP,337.85,0.58,3.44,4.24,36,60.6,BEARISH,-0.33,3,9,0,NA,NA,NA,NA,NA,573516355.75,WEAK_HOLD,2026-04-17
Banking - PSU,41.06,7,175,PNBHOUSING,PNB HOUSING FIN LTD.,SMALL_CAP,923.7,3.35,6.82,14.37,59.3,67.7,BEARISH,13.23,16,11,0,NA,NA,NA,NA,NA,1957421441,HOLD,2026-04-17
Banking - PSU,41.06,7,169,INDIANB,INDIAN BANK,SMALL_CAP,939.45,-0.06,-2.92,5.69,40.7,54.4,BULLISH,3.95,5,8,0,NA,NA,NA,NA,NA,1976576852.8,WEAK_HOLD,2026-04-17
Banking - PSU,41.06,7,197,UNIONBANK,UNION BANK OF INDIA,SMALL_CAP,188.91,0.22,-0.06,6.18,38.7,57.1,BULLISH,5.42,6,6,0,NA,NA,NA,NA,NA,1658536500.63,WEAK_HOLD,2026-04-17
Banking - PSU,41.06,7,10,SBIN,STATE BANK OF INDIA,LARGE_CAP,1080.25,1.23,1.27,0.98,35.3,53.1,BULLISH,1.2,2,8,0,NA,NA,NA,NA,NA,18054641934.6,WEAK_HOLD,2026-04-17
Banking - PSU,41.06,7,177,CANBK,CANARA BANK,SMALL_CAP,142.37,0.95,1.58,3.53,31.3,55.5,BEARISH,-2.52,3,6,15,54.62,54.05,47,56.76,66,1931331187.76,SELL,2026-04-17
IT & Software,36.68,14,846,WSTCSTPAPR,WEST COAST PAPER MILLS LT,MICRO_CAP,495.05,-1.35,7.97,16.65,54,69.4,STRONG_BULLISH,24.38,16,6,0,NA,NA,NA,NA,NA,64628211.85,HOLD,2026-04-17
IT & Software,36.68,14,13,WIPRO,WIPRO LTD,LARGE_CAP,204.32,-2.83,-0.27,5.16,32.7,53.1,BEARISH,-12.84,6,12,0,NA,NA,NA,NA,NA,16461070186.09,SELL,2026-04-17
IT & Software,36.68,14,97,COFORGE,COFORGE LIMITED,MID_CAP,1316.8,0.27,7.56,16.33,32.7,63.3,BEARISH,-19.47,5,10,15,54.71,51.3,53,58.18,62,3707971747.4,SELL,2026-04-17
IT & Software,36.68,14,126,REDINGTON,REDINGTON LIMITED,MID_CAP,234.67,3.02,6.1,1.48,32.7,57,BEARISH,-12.64,6,12,0,NA,NA,NA,NA,NA,2792530205.26,SELL,2026-04-17
IT & Software,36.68,14,125,TECHM,TECH MAHINDRA LIMITED,MID_CAP,1511.4,1.37,4.94,9.11,31.3,63.9,BEARISH,-12.38,5,15,0,NA,NA,NA,NA,NA,2805929055.4,SELL,2026-04-17
