"SYMBOL","CURRENT_PRICE","MONTHLY_RS","CONSOLIDATION_BREAKOUT","CUP_HANDLE","LONG_TERM_UPTREND","MOMENTUM_BREAKOUT","SUPPORT_BOUNCE","VOLUME_ACCUMULATION","EARNINGS_MOMENTUM","WEEK52_HIGH_BREAKOUT","TECHNICAL_SCORE","MARKET_CAP_CATEGORY"
"ABB",7587,-44.61,FALSE,FALSE,TRUE,TRUE,FALSE,FALSE,FALSE,FALSE,78.7,"LARGE_CAP"
"BALRAMCHIN",541.55,-26.35,FALSE,FALSE,TRUE,TRUE,FALSE,FALSE,FALSE,FALSE,78.7,"SMALL_CAP"
"BLISSGVS",273.59,-56.51,FALSE,FALSE,TRUE,FALSE,FALSE,FALSE,FALSE,TRUE,78.7,"SMALL_CAP"
"APOLLOPIPE",462.5,-59.63,FALSE,FALSE,TRUE,FALSE,FALSE,TRUE,FALSE,FALSE,78.7,"MICRO_CAP"
"AZAD",1950.4,-28.37,FALSE,FALSE,FALSE,TRUE,TRUE,FALSE,FALSE,TRUE,76.7,"SMALL_CAP"
"CHENNPETRO",1071.4,-21.38,FALSE,FALSE,TRUE,FALSE,FALSE,TRUE,FALSE,FALSE,76,"MID_CAP"
"CEIGALL",326.35,-15.34,FALSE,FALSE,TRUE,FALSE,FALSE,FALSE,FALSE,FALSE,76,"MICRO_CAP"
"ASTERDM",684.3,-14.85,FALSE,FALSE,FALSE,FALSE,FALSE,FALSE,FALSE,FALSE,75.3,"MICRO_CAP"
"DALMIASUG",402.55,-38.08,FALSE,FALSE,FALSE,FALSE,FALSE,FALSE,FALSE,FALSE,75.3,"MICRO_CAP"
"DATAPATTNS",3828.3,-53.14,FALSE,FALSE,TRUE,TRUE,FALSE,FALSE,FALSE,TRUE,73.3,"LARGE_CAP"
"DCXINDIA",201.06,-18.12,FALSE,FALSE,FALSE,FALSE,TRUE,FALSE,FALSE,FALSE,72.7,"MICRO_CAP"
"AUROPHARMA",1421.2,-19.47,FALSE,FALSE,TRUE,FALSE,FALSE,FALSE,FALSE,FALSE,71.3,"MID_CAP"
"CROWN",137.71,-14.77,FALSE,FALSE,FALSE,FALSE,TRUE,FALSE,FALSE,FALSE,70.7,"MICRO_CAP"
"SANSERA",2547,-35.13,FALSE,FALSE,TRUE,TRUE,FALSE,FALSE,FALSE,TRUE,70,"SMALL_CAP"
"TIMKEN",3633,-13.75,FALSE,FALSE,TRUE,FALSE,FALSE,FALSE,FALSE,TRUE,70,"MICRO_CAP"
"CYIENTDLM",375.25,-2.53,FALSE,FALSE,FALSE,FALSE,TRUE,FALSE,FALSE,FALSE,69.3,"SMALL_CAP"
"COSMOFIRST",696.75,-12.39,FALSE,FALSE,FALSE,FALSE,FALSE,FALSE,FALSE,FALSE,69.3,"MICRO_CAP"
"APOLLOHOSP",7662,-8.93,FALSE,FALSE,FALSE,FALSE,FALSE,FALSE,FALSE,FALSE,68.7,"MID_CAP"
"BEML",1830.9,-6.68,FALSE,FALSE,FALSE,FALSE,TRUE,FALSE,FALSE,FALSE,68.7,"MID_CAP"
"CGPOWER",824.35,-31.57,FALSE,FALSE,FALSE,TRUE,FALSE,FALSE,FALSE,TRUE,68.7,"MID_CAP"
"CHAMBLFERT",452.3,-5.51,FALSE,FALSE,FALSE,FALSE,FALSE,FALSE,FALSE,FALSE,68.7,"MICRO_CAP"
"WSTCSTPAPR",494.25,-18.12,FALSE,FALSE,FALSE,FALSE,FALSE,FALSE,FALSE,FALSE,68.7,"MICRO_CAP"
"DYNAMATECH",11541,-32.15,FALSE,FALSE,TRUE,TRUE,FALSE,FALSE,FALSE,FALSE,68,"SMALL_CAP"
"ELGIEQUIP",554.7,-22.23,FALSE,FALSE,FALSE,FALSE,FALSE,FALSE,FALSE,FALSE,68,"MICRO_CAP"
"ASTRAMICRO",1129.75,-20.13,FALSE,FALSE,FALSE,FALSE,TRUE,FALSE,FALSE,FALSE,68,"MICRO_CAP"
"ASIANENE",316.77,-24.04,FALSE,FALSE,FALSE,FALSE,TRUE,FALSE,FALSE,FALSE,68,"MICRO_CAP"
"AVROIND",132.27,2.45,FALSE,FALSE,FALSE,FALSE,FALSE,FALSE,FALSE,FALSE,68,"MICRO_CAP"
"SPLPETRO",804.15,-38.08,FALSE,FALSE,FALSE,TRUE,FALSE,FALSE,FALSE,FALSE,67.3,"MICRO_CAP"
"BHAGCHEM",266.42,-20.97,FALSE,FALSE,FALSE,TRUE,TRUE,FALSE,TRUE,FALSE,67.3,"MICRO_CAP"
"ATHERENERG",905.5,-34.76,FALSE,FALSE,TRUE,TRUE,FALSE,FALSE,FALSE,FALSE,66.7,"MID_CAP"
"PRAJIND",382.8,-23.62,FALSE,FALSE,FALSE,TRUE,FALSE,FALSE,FALSE,FALSE,66.7,"MID_CAP"
"BANDHANBNK",176.52,-20.37,FALSE,FALSE,FALSE,FALSE,FALSE,FALSE,FALSE,FALSE,66.7,"SMALL_CAP"
"DEEDEV",411.7,-85.81,FALSE,FALSE,TRUE,FALSE,FALSE,FALSE,FALSE,FALSE,66.7,"MICRO_CAP"
"CIEINDIA",471.7,-13.13,FALSE,FALSE,TRUE,FALSE,FALSE,FALSE,FALSE,FALSE,66.7,"MICRO_CAP"
"MANGLMCEM",937.45,-19.87,FALSE,FALSE,TRUE,TRUE,FALSE,FALSE,FALSE,TRUE,66.7,"MICRO_CAP"
"AVL",508.35,-4.32,FALSE,FALSE,FALSE,FALSE,TRUE,FALSE,FALSE,FALSE,66.7,"MICRO_CAP"
"DEEPAKNTR",1745.5,-7.09,FALSE,FALSE,FALSE,FALSE,TRUE,FALSE,FALSE,FALSE,66,"SMALL_CAP"
"JKPAPER",384.3,-12.54,FALSE,FALSE,FALSE,TRUE,TRUE,FALSE,FALSE,FALSE,66,"MICRO_CAP"
"MUKANDLTD",146.66,-15.94,FALSE,FALSE,FALSE,TRUE,TRUE,FALSE,FALSE,FALSE,66,"MICRO_CAP"
"DHAMPURSUG",146.87,-24.02,FALSE,FALSE,FALSE,TRUE,FALSE,FALSE,FALSE,FALSE,66,"MICRO_CAP"
"BAJAJCON",469.5,-65.44,FALSE,FALSE,TRUE,FALSE,FALSE,FALSE,FALSE,FALSE,65.3,"SMALL_CAP"
"TRIVENI",411.4,-18.53,FALSE,FALSE,TRUE,FALSE,FALSE,TRUE,FALSE,FALSE,65.3,"MICRO_CAP"
"BIKAJI",684.9,-2.58,FALSE,FALSE,FALSE,FALSE,TRUE,TRUE,FALSE,FALSE,65.3,"MICRO_CAP"
"MMFL",502.85,-23.01,FALSE,FALSE,FALSE,FALSE,FALSE,FALSE,FALSE,FALSE,65.3,"MICRO_CAP"
"NETWEB",4019.6,-21.22,FALSE,FALSE,FALSE,FALSE,FALSE,FALSE,FALSE,FALSE,64.7,"LARGE_CAP"
"BSE",3499.2,-24.15,FALSE,FALSE,TRUE,FALSE,FALSE,FALSE,FALSE,FALSE,64.7,"LARGE_CAP"
"NEOGEN",1658.6,-24.56,FALSE,FALSE,FALSE,TRUE,FALSE,FALSE,FALSE,FALSE,64.7,"SMALL_CAP"
"AVANTIFEED",1442.7,-67.99,FALSE,FALSE,TRUE,FALSE,FALSE,FALSE,FALSE,FALSE,64.7,"SMALL_CAP"
"INDOTHAI",309.9,-11.46,FALSE,FALSE,FALSE,TRUE,FALSE,FALSE,TRUE,FALSE,64.7,"MICRO_CAP"
"ADANIPOWER",215.65,-41.34,FALSE,FALSE,TRUE,TRUE,FALSE,FALSE,FALSE,FALSE,64,"LARGE_CAP"
"ADANIENSOL",1368.1,-38.02,FALSE,FALSE,TRUE,TRUE,FALSE,FALSE,FALSE,TRUE,64,"LARGE_CAP"
"URBANCO",148.18,-11.7,FALSE,FALSE,FALSE,TRUE,FALSE,FALSE,TRUE,FALSE,64,"LARGE_CAP"
"WELCORP",1139.2,-37.79,FALSE,FALSE,FALSE,TRUE,FALSE,FALSE,FALSE,TRUE,64,"MID_CAP"
"VOLTAMP",11051,-45.97,FALSE,FALSE,TRUE,TRUE,FALSE,FALSE,FALSE,TRUE,64,"SMALL_CAP"
"ACE",934.4,-12.88,FALSE,FALSE,FALSE,FALSE,TRUE,FALSE,FALSE,FALSE,64,"SMALL_CAP"
"EXICOM",120.84,-13.73,FALSE,FALSE,FALSE,TRUE,TRUE,FALSE,TRUE,FALSE,64,"MICRO_CAP"
"AURUM",186.95,-2.28,FALSE,FALSE,FALSE,FALSE,TRUE,FALSE,FALSE,FALSE,64,"MICRO_CAP"
"TARIL",309.6,-19.84,FALSE,FALSE,FALSE,TRUE,FALSE,FALSE,FALSE,FALSE,63.3,"LARGE_CAP"
"SGMART",543.9,-51.28,FALSE,FALSE,TRUE,FALSE,FALSE,FALSE,FALSE,FALSE,63.3,"MICRO_CAP"
"CCL",1121.6,-14.06,FALSE,FALSE,TRUE,FALSE,FALSE,FALSE,FALSE,FALSE,63.3,"MICRO_CAP"
"ARE&M",898.7,-4.03,FALSE,FALSE,FALSE,FALSE,TRUE,FALSE,FALSE,FALSE,62.7,"LARGE_CAP"
"IDEAFORGE",545.9,-21.56,FALSE,FALSE,FALSE,TRUE,TRUE,FALSE,FALSE,FALSE,62.7,"LARGE_CAP"
"NTPC",405.4,-14.36,FALSE,FALSE,TRUE,FALSE,FALSE,TRUE,FALSE,FALSE,62.7,"LARGE_CAP"
"CUMMINSIND",5211.8,-22.08,FALSE,FALSE,TRUE,FALSE,FALSE,FALSE,FALSE,FALSE,62.7,"MID_CAP"
"JUBLINGREA",698.95,-5.52,FALSE,FALSE,FALSE,FALSE,TRUE,FALSE,FALSE,FALSE,62.7,"MID_CAP"
"PARAS",817,-22.61,FALSE,FALSE,FALSE,FALSE,TRUE,FALSE,FALSE,FALSE,62.7,"MID_CAP"
"DELHIVERY",462.7,-16.22,FALSE,FALSE,FALSE,FALSE,FALSE,TRUE,FALSE,FALSE,62.7,"SMALL_CAP"
"AEROFLEX",304.52,-64.32,FALSE,FALSE,TRUE,FALSE,FALSE,FALSE,FALSE,FALSE,62.7,"SMALL_CAP"
"AXISCADES",1925.9,-52.57,FALSE,FALSE,TRUE,FALSE,FALSE,FALSE,FALSE,FALSE,62.7,"MICRO_CAP"
"SUNFLAG",297.31,-16.85,FALSE,FALSE,FALSE,TRUE,TRUE,FALSE,FALSE,FALSE,62.7,"MICRO_CAP"
"NATIONALUM",435.95,-15.02,FALSE,FALSE,TRUE,FALSE,FALSE,FALSE,FALSE,FALSE,62,"MID_CAP"
"SIEMENS",3844.3,-24.27,FALSE,FALSE,TRUE,TRUE,FALSE,FALSE,FALSE,FALSE,62,"MID_CAP"
"EDELWEISS",121.98,-12.53,FALSE,FALSE,FALSE,FALSE,TRUE,FALSE,FALSE,FALSE,62,"MICRO_CAP"
"DEEPAKFERT",1270.1,-7.59,FALSE,FALSE,FALSE,FALSE,TRUE,FALSE,FALSE,FALSE,62,"MICRO_CAP"
"RAINBOW",1293.8,-5.38,FALSE,FALSE,FALSE,FALSE,TRUE,TRUE,FALSE,FALSE,62,"MICRO_CAP"
"MAHLOG",434.7,-39.05,FALSE,FALSE,FALSE,FALSE,FALSE,FALSE,FALSE,FALSE,62,"MICRO_CAP"
"GPTINFRA",119.63,-14.93,FALSE,FALSE,FALSE,FALSE,TRUE,FALSE,FALSE,FALSE,62,"MICRO_CAP"
"OCCLLTD",103.36,-9.2,FALSE,FALSE,FALSE,FALSE,FALSE,FALSE,FALSE,FALSE,62,"MICRO_CAP"
"BHARATFORG",1903.2,-27.65,FALSE,FALSE,FALSE,FALSE,FALSE,FALSE,FALSE,FALSE,61.3,"SMALL_CAP"
"ATGL",629.1,-13.94,FALSE,FALSE,FALSE,FALSE,FALSE,FALSE,FALSE,FALSE,61.3,"SMALL_CAP"
"APARINDS",11789,-50.49,FALSE,FALSE,TRUE,FALSE,FALSE,FALSE,FALSE,FALSE,61.3,"SMALL_CAP"
"PREMEXPLN",535.35,-10.34,FALSE,FALSE,FALSE,FALSE,TRUE,FALSE,FALSE,FALSE,61.3,"SMALL_CAP"
"SAILIFE",1006,-17.84,FALSE,FALSE,TRUE,FALSE,FALSE,FALSE,FALSE,FALSE,61.3,"SMALL_CAP"
"WELENT",510.5,-6.83,FALSE,FALSE,FALSE,FALSE,TRUE,FALSE,FALSE,FALSE,61.3,"MICRO_CAP"
"SWELECTES",681.7,-21.04,FALSE,FALSE,FALSE,TRUE,TRUE,FALSE,FALSE,FALSE,61.3,"MICRO_CAP"
"IREDA",140.45,-7.48,FALSE,FALSE,FALSE,FALSE,TRUE,FALSE,FALSE,FALSE,60.7,"LARGE_CAP"
"STYLEBAAZA",381.7,-16.48,FALSE,FALSE,FALSE,TRUE,TRUE,FALSE,FALSE,FALSE,60.7,"SMALL_CAP"
"WALCHANNAG",213.92,-28.78,FALSE,FALSE,FALSE,TRUE,TRUE,FALSE,FALSE,FALSE,60.7,"SMALL_CAP"
"GRANULES",672.75,-18.34,FALSE,FALSE,TRUE,FALSE,FALSE,TRUE,FALSE,FALSE,60.7,"SMALL_CAP"
"JSFB",451.45,-14.25,FALSE,FALSE,FALSE,TRUE,TRUE,FALSE,FALSE,FALSE,60.7,"MICRO_CAP"
"ANTHEM",759.25,-20.37,FALSE,FALSE,FALSE,FALSE,FALSE,FALSE,FALSE,FALSE,60.7,"MICRO_CAP"
"ANURAS",1343.3,-7.3,FALSE,FALSE,FALSE,FALSE,FALSE,FALSE,FALSE,FALSE,60.7,"MICRO_CAP"
"CGCL",187.21,-8.36,FALSE,FALSE,FALSE,FALSE,FALSE,TRUE,FALSE,FALSE,60.7,"MICRO_CAP"
"KABRAEXTRU",253.67,-17.41,FALSE,FALSE,FALSE,FALSE,TRUE,FALSE,FALSE,FALSE,60.7,"MICRO_CAP"
"BEPL",102.66,-17.9,FALSE,FALSE,FALSE,FALSE,FALSE,FALSE,FALSE,FALSE,60.7,"MICRO_CAP"
"BIRLACABLE",165,-23.56,FALSE,FALSE,FALSE,TRUE,TRUE,FALSE,FALSE,FALSE,60.7,"MICRO_CAP"
"ROLEXRINGS",153.85,-21.27,FALSE,FALSE,FALSE,TRUE,FALSE,FALSE,FALSE,FALSE,60,"LARGE_CAP"
"GOKULAGRO",235.49,-38.08,FALSE,FALSE,FALSE,TRUE,FALSE,FALSE,FALSE,FALSE,60,"LARGE_CAP"
"UNIONBANK",194.05,-9.13,FALSE,FALSE,FALSE,FALSE,FALSE,FALSE,FALSE,FALSE,60,"MID_CAP"
"OFSS",8126.5,-4.31,FALSE,FALSE,FALSE,FALSE,FALSE,FALSE,FALSE,FALSE,60,"MID_CAP"
"KPIGREEN",454.1,-3.83,FALSE,FALSE,FALSE,FALSE,FALSE,FALSE,FALSE,FALSE,60,"MICRO_CAP"
"JYOTHYLAB",257.83,-3.68,FALSE,FALSE,FALSE,FALSE,TRUE,FALSE,FALSE,FALSE,60,"MICRO_CAP"
"APEX",476.3,-58.75,FALSE,FALSE,TRUE,FALSE,FALSE,FALSE,FALSE,FALSE,60,"MICRO_CAP"
"RISHABH",504.05,-34.9,FALSE,FALSE,TRUE,TRUE,FALSE,FALSE,FALSE,FALSE,60,"MICRO_CAP"
"TNPL",145.95,-7.22,FALSE,FALSE,FALSE,FALSE,TRUE,TRUE,FALSE,FALSE,60,"MICRO_CAP"
"5PAISA",338.54,3.88,FALSE,FALSE,FALSE,FALSE,TRUE,FALSE,FALSE,FALSE,60,"MICRO_CAP"
"MAWANASUG",105.56,-23.2,FALSE,FALSE,TRUE,FALSE,FALSE,FALSE,FALSE,FALSE,60,"MICRO_CAP"
"VBL",494.95,-2.59,FALSE,FALSE,FALSE,FALSE,TRUE,FALSE,FALSE,FALSE,59.3,"LARGE_CAP"
"FORTIS",923.1,-6.82,FALSE,FALSE,FALSE,FALSE,TRUE,FALSE,FALSE,FALSE,59.3,"MID_CAP"
"COCHINSHIP",1583.1,-5.76,FALSE,FALSE,FALSE,FALSE,TRUE,FALSE,FALSE,FALSE,59.3,"MID_CAP"
"AMBER",7803.5,-25.46,FALSE,FALSE,FALSE,FALSE,FALSE,FALSE,FALSE,FALSE,59.3,"SMALL_CAP"
"KAJARIACER",1202.7,-17.99,FALSE,FALSE,FALSE,TRUE,TRUE,FALSE,FALSE,FALSE,59.3,"SMALL_CAP"
"AARTIIND",470.4,-27.97,FALSE,FALSE,FALSE,FALSE,FALSE,FALSE,FALSE,FALSE,59.3,"MICRO_CAP"
"ANANDRATHI",3614,-13.39,FALSE,FALSE,TRUE,FALSE,FALSE,FALSE,TRUE,FALSE,59.3,"MICRO_CAP"
"SANGAMIND",538.4,-19.42,FALSE,FALSE,FALSE,FALSE,TRUE,FALSE,FALSE,FALSE,59.3,"MICRO_CAP"
"BALUFORGE",478.55,-13.98,FALSE,FALSE,FALSE,FALSE,FALSE,FALSE,FALSE,FALSE,59.3,"MICRO_CAP"
"ASTEC",740.6,-18.95,FALSE,FALSE,FALSE,FALSE,TRUE,FALSE,FALSE,FALSE,59.3,"MICRO_CAP"
"TIPSMUSIC",599.6,-7.86,FALSE,FALSE,TRUE,FALSE,TRUE,FALSE,FALSE,FALSE,59.3,"MICRO_CAP"
"ANTELOPUS",615.85,-30.2,FALSE,FALSE,TRUE,FALSE,FALSE,FALSE,FALSE,FALSE,59.3,"MICRO_CAP"
"DEEPINDS",478.8,-25.75,FALSE,FALSE,FALSE,FALSE,FALSE,FALSE,FALSE,FALSE,59.3,"MICRO_CAP"
"BAJEL",180.69,-17.16,FALSE,FALSE,FALSE,FALSE,TRUE,FALSE,FALSE,FALSE,59.3,"MICRO_CAP"
"VSSL",272.06,-3.06,FALSE,FALSE,FALSE,FALSE,TRUE,FALSE,FALSE,FALSE,59.3,"MICRO_CAP"
"ITI",304.23,-4.49,FALSE,FALSE,FALSE,FALSE,TRUE,FALSE,FALSE,FALSE,58.7,"LARGE_CAP"
"MOTHERSON",131.76,-14.69,FALSE,FALSE,FALSE,FALSE,TRUE,FALSE,FALSE,FALSE,58.7,"LARGE_CAP"
"TATAINVEST",731.4,-13.07,FALSE,FALSE,FALSE,TRUE,TRUE,FALSE,FALSE,FALSE,58.7,"MID_CAP"
"AUBANK",1043.2,-3.54,FALSE,FALSE,FALSE,FALSE,TRUE,FALSE,FALSE,FALSE,58.7,"SMALL_CAP"
"ETHOSLTD",2717.9,-6.15,FALSE,FALSE,FALSE,FALSE,FALSE,FALSE,FALSE,FALSE,58.7,"SMALL_CAP"
"KRBL",376.35,-9.89,FALSE,FALSE,FALSE,FALSE,TRUE,FALSE,FALSE,FALSE,58.7,"MICRO_CAP"
"GAEL",154.95,-10.6,FALSE,FALSE,TRUE,FALSE,FALSE,FALSE,FALSE,FALSE,58.7,"MICRO_CAP"
"KAYNES",4458.9,-20.23,FALSE,FALSE,FALSE,FALSE,TRUE,FALSE,FALSE,FALSE,58,"LARGE_CAP"
"EXIDEIND",354.55,-6.4,FALSE,FALSE,FALSE,FALSE,TRUE,FALSE,FALSE,FALSE,58,"MID_CAP"
"LAURUSLABS",1096.1,-7.99,FALSE,FALSE,TRUE,FALSE,FALSE,FALSE,FALSE,FALSE,58,"SMALL_CAP"
"BLACKBUCK",622.05,-8.02,FALSE,FALSE,FALSE,FALSE,FALSE,FALSE,FALSE,FALSE,58,"SMALL_CAP"
"NCC",163.98,-11.29,FALSE,FALSE,FALSE,FALSE,TRUE,FALSE,FALSE,FALSE,58,"SMALL_CAP"
"INOXINDIA",1592.9,-32.16,FALSE,FALSE,TRUE,TRUE,FALSE,FALSE,FALSE,TRUE,58,"SMALL_CAP"
"ACUTAAS",2423.2,-37.35,FALSE,FALSE,TRUE,FALSE,FALSE,TRUE,FALSE,FALSE,58,"SMALL_CAP"
"BELRISE",222.13,-25.07,FALSE,FALSE,TRUE,FALSE,FALSE,FALSE,FALSE,FALSE,58,"MICRO_CAP"
"SCHAEFFLER",4288.8,-14.85,FALSE,FALSE,FALSE,FALSE,FALSE,FALSE,FALSE,FALSE,58,"MICRO_CAP"
"ATLANTAELE",1470.2,-69.73,FALSE,FALSE,TRUE,TRUE,FALSE,FALSE,FALSE,FALSE,58,"MICRO_CAP"
"AETHER",1183.3,-16.7,FALSE,FALSE,TRUE,FALSE,FALSE,TRUE,FALSE,FALSE,58,"MICRO_CAP"
"EBGNG",374.1,-33.75,FALSE,FALSE,FALSE,FALSE,FALSE,FALSE,FALSE,FALSE,58,"MICRO_CAP"
"RIIL",809.45,-11.67,FALSE,FALSE,FALSE,FALSE,TRUE,FALSE,FALSE,FALSE,58,"MICRO_CAP"
"UTTAMSUGAR",252.43,-11.91,FALSE,FALSE,FALSE,FALSE,FALSE,TRUE,FALSE,FALSE,58,"MICRO_CAP"
"TRENT",4434.5,-12.98,FALSE,FALSE,FALSE,FALSE,TRUE,FALSE,FALSE,FALSE,57.3,"LARGE_CAP"
"HBLENGINE",816.4,-11.5,FALSE,FALSE,FALSE,FALSE,TRUE,FALSE,FALSE,FALSE,57.3,"MID_CAP"
"BDL",1380.2,2,FALSE,FALSE,FALSE,FALSE,TRUE,FALSE,FALSE,FALSE,57.3,"SMALL_CAP"
"SHARDACROP",1158.8,-32.32,FALSE,FALSE,FALSE,FALSE,FALSE,FALSE,FALSE,FALSE,57.3,"MICRO_CAP"
"GMRP&UI",111.03,-4.88,FALSE,FALSE,FALSE,FALSE,TRUE,FALSE,FALSE,FALSE,57.3,"MICRO_CAP"
"NOCIL",177.48,-21.06,FALSE,FALSE,FALSE,FALSE,FALSE,TRUE,FALSE,FALSE,57.3,"MICRO_CAP"
"TRUALT",459.8,-26.52,FALSE,FALSE,FALSE,FALSE,FALSE,FALSE,FALSE,FALSE,57.3,"MICRO_CAP"
"ISGEC",1064.4,-31.18,FALSE,FALSE,TRUE,FALSE,FALSE,FALSE,FALSE,FALSE,57.3,"MICRO_CAP"
"INDIAGLYCO",977.05,-11.52,FALSE,FALSE,FALSE,FALSE,FALSE,FALSE,FALSE,FALSE,57.3,"MICRO_CAP"
"BHARATSE",178.01,-17.55,FALSE,FALSE,FALSE,FALSE,FALSE,FALSE,FALSE,FALSE,57.3,"MICRO_CAP"
"COALINDIA",444.15,-5.3,FALSE,FALSE,FALSE,FALSE,FALSE,TRUE,FALSE,FALSE,56.7,"MID_CAP"
"SARDAEN",591.8,-20.39,FALSE,FALSE,TRUE,FALSE,FALSE,FALSE,FALSE,FALSE,56.7,"MICRO_CAP"
"PSUBANK",901.57,-2.24,FALSE,FALSE,FALSE,FALSE,TRUE,FALSE,FALSE,FALSE,56.7,"MICRO_CAP"
"MOLDTKPAC",601.7,-7.63,FALSE,FALSE,FALSE,FALSE,TRUE,FALSE,FALSE,FALSE,56.7,"MICRO_CAP"
"BHAGYANGR",210.57,-90.47,FALSE,FALSE,TRUE,FALSE,FALSE,FALSE,FALSE,FALSE,56.7,"MICRO_CAP"
"PATELRMART",216.42,-11.42,FALSE,FALSE,FALSE,FALSE,TRUE,FALSE,TRUE,FALSE,56.7,"MICRO_CAP"
"GULPOLY",179.47,-28.71,FALSE,FALSE,TRUE,FALSE,FALSE,FALSE,FALSE,FALSE,56.7,"MICRO_CAP"
"JINDALSAW",244.97,-19.35,FALSE,FALSE,TRUE,FALSE,FALSE,FALSE,FALSE,FALSE,56,"SMALL_CAP"
"CROMPTON",261.37,-9.14,FALSE,FALSE,FALSE,FALSE,FALSE,FALSE,FALSE,FALSE,56,"SMALL_CAP"
"SHILPAMED",408.35,-36.5,FALSE,FALSE,FALSE,FALSE,FALSE,FALSE,FALSE,FALSE,56,"MICRO_CAP"
"TATACONSUM",1178.6,-0.94,FALSE,FALSE,FALSE,FALSE,TRUE,TRUE,FALSE,FALSE,55.3,"MID_CAP"
"NYKAA",259.94,-5.52,FALSE,FALSE,FALSE,FALSE,TRUE,FALSE,FALSE,FALSE,55.3,"MID_CAP"
"TORNTPOWER",1657.4,-20.04,FALSE,FALSE,FALSE,FALSE,FALSE,FALSE,FALSE,FALSE,55.3,"SMALL_CAP"
"LLOYDSME",1679.5,-34.31,FALSE,FALSE,TRUE,FALSE,FALSE,FALSE,FALSE,FALSE,55.3,"SMALL_CAP"
"ACMESOLAR",303.55,-35.49,FALSE,FALSE,FALSE,FALSE,FALSE,FALSE,FALSE,FALSE,55.3,"MICRO_CAP"
"CESC",180.27,-17.66,FALSE,FALSE,FALSE,FALSE,FALSE,FALSE,FALSE,FALSE,55.3,"MICRO_CAP"
"GODAVARIB",321.45,-19.4,FALSE,FALSE,TRUE,FALSE,FALSE,FALSE,FALSE,FALSE,55.3,"MICRO_CAP"
"ARVIND",392.05,-20.33,FALSE,FALSE,TRUE,FALSE,FALSE,FALSE,FALSE,FALSE,55.3,"MICRO_CAP"
"SAIL",176.23,-14.83,FALSE,FALSE,TRUE,FALSE,FALSE,FALSE,FALSE,FALSE,54.7,"MID_CAP"
"J&KBANK",132.82,-21.16,FALSE,FALSE,TRUE,FALSE,FALSE,FALSE,FALSE,FALSE,54.7,"MICRO_CAP"
"IPCALAB",1494.8,-0.68,FALSE,FALSE,FALSE,FALSE,FALSE,FALSE,FALSE,FALSE,54.7,"MICRO_CAP"
"SENORES",882.5,-4.15,FALSE,FALSE,TRUE,FALSE,TRUE,FALSE,FALSE,FALSE,54.7,"MICRO_CAP"
"KIOCL",413.65,-14.56,FALSE,FALSE,FALSE,FALSE,FALSE,FALSE,FALSE,FALSE,54.7,"MICRO_CAP"
"AVALON",1079.45,-20.08,FALSE,FALSE,FALSE,FALSE,FALSE,FALSE,FALSE,FALSE,54.7,"MICRO_CAP"
"MARINE",217.4,-17.18,FALSE,FALSE,FALSE,FALSE,TRUE,FALSE,FALSE,FALSE,54.7,"MICRO_CAP"
"CMSINFO",317.8,2.92,FALSE,FALSE,FALSE,FALSE,TRUE,FALSE,FALSE,FALSE,54.7,"MICRO_CAP"
"AMRUTANJAN",571.25,4.84,FALSE,FALSE,FALSE,FALSE,TRUE,TRUE,FALSE,FALSE,54.7,"MICRO_CAP"
"IITL",183.95,-25.01,FALSE,FALSE,FALSE,TRUE,FALSE,FALSE,FALSE,FALSE,54.7,"MICRO_CAP"
"NESTLEIND",1395.8,-6.4,FALSE,FALSE,FALSE,FALSE,TRUE,FALSE,FALSE,FALSE,54,"LARGE_CAP"
"VEDL",757,-8.66,FALSE,FALSE,TRUE,FALSE,FALSE,FALSE,FALSE,FALSE,54,"LARGE_CAP"
"GRSE",2817.8,-17.44,FALSE,FALSE,FALSE,FALSE,TRUE,FALSE,FALSE,FALSE,54,"LARGE_CAP"
"AXISBANK",1379.6,-5.38,FALSE,FALSE,FALSE,FALSE,TRUE,FALSE,FALSE,FALSE,54,"MID_CAP"
"BHEL",333.64,-23.49,FALSE,FALSE,TRUE,FALSE,TRUE,FALSE,FALSE,FALSE,54,"MID_CAP"
"MUFIN",116.65,-1.87,FALSE,FALSE,FALSE,FALSE,TRUE,FALSE,FALSE,FALSE,54,"MID_CAP"
"PNBHOUSING",990.25,-4.68,FALSE,FALSE,FALSE,TRUE,TRUE,FALSE,FALSE,FALSE,54,"MID_CAP"
"MANAPPURAM",295.05,0.85,FALSE,FALSE,FALSE,FALSE,TRUE,FALSE,FALSE,FALSE,54,"MID_CAP"
"GODFRYPHLP",2164.6,-3.59,FALSE,FALSE,FALSE,FALSE,TRUE,FALSE,FALSE,FALSE,54,"MID_CAP"
"AWL",199.6,3.25,FALSE,FALSE,FALSE,FALSE,TRUE,TRUE,FALSE,FALSE,54,"MID_CAP"
"ENGINERSIN",245.58,-27.38,FALSE,FALSE,TRUE,FALSE,FALSE,FALSE,FALSE,FALSE,54,"SMALL_CAP"
"TIINDIA",3024.4,-24.11,FALSE,FALSE,FALSE,FALSE,FALSE,FALSE,FALSE,FALSE,54,"SMALL_CAP"
"ALKEM",5627,0.38,FALSE,FALSE,FALSE,FALSE,TRUE,FALSE,FALSE,FALSE,54,"SMALL_CAP"
"BLUESTARCO",1888.6,-7.44,FALSE,FALSE,FALSE,FALSE,TRUE,FALSE,FALSE,FALSE,54,"SMALL_CAP"
"ASTRAL",1589.6,-13.08,FALSE,FALSE,FALSE,FALSE,FALSE,FALSE,FALSE,FALSE,54,"SMALL_CAP"
"AVANTEL",158.04,-12.84,FALSE,FALSE,FALSE,FALSE,TRUE,FALSE,FALSE,FALSE,54,"MICRO_CAP"
"EVEREADY",339.9,-5.69,FALSE,FALSE,FALSE,FALSE,TRUE,FALSE,FALSE,FALSE,54,"MICRO_CAP"
"CPSEETF",107.12,-12.43,FALSE,FALSE,TRUE,FALSE,FALSE,FALSE,FALSE,FALSE,54,"MICRO_CAP"
"MAHSEAMLES",664.6,-21.08,FALSE,FALSE,TRUE,FALSE,FALSE,FALSE,FALSE,FALSE,54,"MICRO_CAP"
"BEL",448.7,-8.34,FALSE,FALSE,FALSE,FALSE,FALSE,FALSE,FALSE,FALSE,53.3,"MID_CAP"
"HINDALCO",1039.9,-7.82,FALSE,FALSE,TRUE,FALSE,FALSE,FALSE,FALSE,FALSE,53.3,"MID_CAP"
"CPPLUS",2183.9,-42.79,FALSE,FALSE,TRUE,FALSE,FALSE,FALSE,FALSE,FALSE,53.3,"SMALL_CAP"
"GLENMARK",2240,-11.22,FALSE,TRUE,TRUE,FALSE,FALSE,TRUE,FALSE,FALSE,53.3,"MICRO_CAP"
"THANGAMAYL",4022.9,-2.53,FALSE,FALSE,TRUE,FALSE,FALSE,FALSE,FALSE,FALSE,53.3,"MICRO_CAP"
"LUMAXTECH",1794.4,-20.92,FALSE,FALSE,TRUE,FALSE,FALSE,FALSE,FALSE,FALSE,53.3,"MICRO_CAP"
"MANINDS",555.65,-52.28,FALSE,FALSE,TRUE,FALSE,FALSE,FALSE,FALSE,FALSE,53.3,"MICRO_CAP"
"BLUESTONE",541.25,-20.01,FALSE,FALSE,FALSE,FALSE,FALSE,FALSE,FALSE,FALSE,53.3,"MICRO_CAP"
"STAR",1002.05,-15.67,FALSE,FALSE,TRUE,FALSE,FALSE,TRUE,FALSE,FALSE,53.3,"MICRO_CAP"
"GICRE",399.3,-5.71,FALSE,FALSE,FALSE,FALSE,TRUE,TRUE,FALSE,FALSE,53.3,"MICRO_CAP"
"SBCL",536.55,-19.52,FALSE,FALSE,FALSE,FALSE,TRUE,FALSE,FALSE,FALSE,53.3,"MICRO_CAP"
"ATULAUTO",472,-14.65,FALSE,FALSE,FALSE,FALSE,TRUE,FALSE,FALSE,FALSE,53.3,"MICRO_CAP"
"INDGN",498.7,-2.72,FALSE,FALSE,FALSE,FALSE,TRUE,FALSE,FALSE,FALSE,53.3,"MICRO_CAP"
"HFCL",100.37,-45.1,FALSE,FALSE,TRUE,TRUE,FALSE,FALSE,FALSE,TRUE,52.7,"MID_CAP"
"IRMENERGY",252.66,-3.77,FALSE,FALSE,FALSE,FALSE,TRUE,FALSE,FALSE,FALSE,52.7,"SMALL_CAP"
"GVT&D",4239.4,-47.95,FALSE,FALSE,TRUE,FALSE,FALSE,FALSE,FALSE,FALSE,52.7,"SMALL_CAP"
"CSBBANK",396.35,11.29,FALSE,FALSE,FALSE,FALSE,FALSE,FALSE,FALSE,FALSE,52.7,"MICRO_CAP"
"LIQGRWBEES",1036.4,-0.82,FALSE,FALSE,TRUE,FALSE,FALSE,TRUE,FALSE,FALSE,52.7,"MICRO_CAP"
"FEDFINA",151.42,-0.42,FALSE,FALSE,FALSE,FALSE,FALSE,FALSE,FALSE,FALSE,52.7,"MICRO_CAP"
"BHARATWIRE",224.76,-25.33,FALSE,FALSE,FALSE,FALSE,TRUE,FALSE,FALSE,FALSE,52.7,"MICRO_CAP"
"CAPACITE",250.09,-12.7,FALSE,FALSE,FALSE,FALSE,FALSE,FALSE,FALSE,FALSE,52.7,"MICRO_CAP"
"SMSPHARMA",420.25,-29.76,FALSE,FALSE,TRUE,FALSE,FALSE,FALSE,FALSE,FALSE,52.7,"MICRO_CAP"
"JGCHEM",404.6,-21.95,FALSE,FALSE,FALSE,FALSE,FALSE,FALSE,FALSE,FALSE,52.7,"MICRO_CAP"
"BLSE",178.92,-6.11,FALSE,FALSE,FALSE,FALSE,FALSE,FALSE,FALSE,FALSE,52.7,"MICRO_CAP"
"STCINDIA",122.76,-4.13,FALSE,FALSE,FALSE,FALSE,TRUE,FALSE,FALSE,FALSE,52.7,"MICRO_CAP"
"NAM-INDIA",1060.1,-19.84,FALSE,FALSE,FALSE,FALSE,TRUE,FALSE,FALSE,FALSE,52,"SMALL_CAP"
"TRANSRAILL",587.25,-19.91,FALSE,FALSE,FALSE,FALSE,TRUE,FALSE,FALSE,FALSE,52,"SMALL_CAP"
"CONCOR",515.7,-2.87,FALSE,FALSE,FALSE,FALSE,TRUE,FALSE,FALSE,FALSE,52,"MICRO_CAP"
"NATCOPHARM",1071,-20.08,FALSE,FALSE,TRUE,FALSE,FALSE,FALSE,FALSE,FALSE,52,"MICRO_CAP"
"SHRIPISTON",3591.6,-22.36,FALSE,FALSE,TRUE,FALSE,FALSE,FALSE,FALSE,FALSE,52,"MICRO_CAP"
"SKYGOLD",421.4,-21.79,FALSE,FALSE,TRUE,FALSE,FALSE,FALSE,FALSE,FALSE,52,"MICRO_CAP"
"SANGHVIMOV",316.86,-7.11,FALSE,FALSE,FALSE,FALSE,FALSE,FALSE,FALSE,FALSE,52,"MICRO_CAP"
"SCODATUBES",154.99,-9.52,FALSE,FALSE,FALSE,FALSE,FALSE,FALSE,FALSE,FALSE,52,"MICRO_CAP"
"ARTEMISMED",233.16,0.32,FALSE,FALSE,FALSE,FALSE,TRUE,FALSE,FALSE,FALSE,52,"MICRO_CAP"
"APTECHT",100.63,-16.09,FALSE,FALSE,FALSE,FALSE,TRUE,FALSE,FALSE,FALSE,52,"MICRO_CAP"
"JSWSTEEL",1263.4,-5.51,FALSE,FALSE,FALSE,FALSE,TRUE,TRUE,FALSE,FALSE,51.3,"MID_CAP"
"ASIANPAINT",2562.9,2.69,FALSE,FALSE,FALSE,FALSE,TRUE,FALSE,FALSE,FALSE,51.3,"MID_CAP"
"JINDALSTEL",1278.6,-16.61,FALSE,FALSE,FALSE,FALSE,FALSE,FALSE,FALSE,FALSE,51.3,"SMALL_CAP"
"HSCL",523.1,-11.58,FALSE,FALSE,FALSE,FALSE,TRUE,FALSE,FALSE,FALSE,51.3,"SMALL_CAP"
"DMART",4594.8,-18.71,FALSE,FALSE,FALSE,FALSE,TRUE,FALSE,FALSE,FALSE,51.3,"SMALL_CAP"
"SONACOMS",588.45,-23.63,FALSE,FALSE,TRUE,FALSE,FALSE,FALSE,FALSE,FALSE,51.3,"SMALL_CAP"
"WABAG",1488.4,-25.85,FALSE,FALSE,FALSE,FALSE,FALSE,FALSE,FALSE,FALSE,51.3,"MICRO_CAP"
"KTKBANK",250.64,-28.17,FALSE,FALSE,TRUE,FALSE,FALSE,FALSE,FALSE,FALSE,51.3,"MICRO_CAP"
"CEMPRO",675.3,-4.8,FALSE,FALSE,FALSE,FALSE,TRUE,FALSE,FALSE,FALSE,51.3,"MICRO_CAP"
"FINCABLES",975.8,-26.82,FALSE,FALSE,TRUE,FALSE,FALSE,FALSE,FALSE,FALSE,51.3,"MICRO_CAP"
"GPIL",298.75,-16.82,FALSE,FALSE,TRUE,FALSE,FALSE,FALSE,FALSE,FALSE,51.3,"MICRO_CAP"
"HONASA",346.75,-19.62,FALSE,FALSE,TRUE,FALSE,FALSE,FALSE,FALSE,FALSE,51.3,"MICRO_CAP"
"CASTROLIND",183.34,0.97,FALSE,FALSE,FALSE,FALSE,TRUE,FALSE,FALSE,FALSE,51.3,"MICRO_CAP"
"VTL",566.05,-29.52,FALSE,FALSE,TRUE,FALSE,FALSE,FALSE,FALSE,FALSE,51.3,"MICRO_CAP"
"KERNEX",1225.2,-2.72,FALSE,FALSE,FALSE,FALSE,TRUE,FALSE,FALSE,FALSE,51.3,"MICRO_CAP"
"CANFINHOME",912.3,-1.13,FALSE,FALSE,FALSE,FALSE,TRUE,FALSE,FALSE,FALSE,51.3,"MICRO_CAP"
"AADHARHFC",489.5,-2.9,FALSE,FALSE,FALSE,FALSE,TRUE,FALSE,FALSE,FALSE,51.3,"MICRO_CAP"
"IONEXCHANG",409.75,-12.13,FALSE,FALSE,FALSE,FALSE,TRUE,FALSE,FALSE,FALSE,51.3,"MICRO_CAP"
"AKUMS",528.75,-18.95,FALSE,FALSE,TRUE,FALSE,FALSE,FALSE,FALSE,FALSE,51.3,"MICRO_CAP"
"KOPRAN",161.18,-13.92,FALSE,FALSE,FALSE,FALSE,TRUE,FALSE,TRUE,FALSE,51.3,"MICRO_CAP"
"IVALUE",277.81,-17.46,FALSE,FALSE,FALSE,FALSE,TRUE,FALSE,FALSE,FALSE,51.3,"MICRO_CAP"
"HINDUNILVR",2368.8,-0.02,FALSE,FALSE,FALSE,FALSE,TRUE,TRUE,FALSE,FALSE,50.7,"LARGE_CAP"
"MAZDOCK",2703.9,-11.65,FALSE,FALSE,FALSE,FALSE,TRUE,FALSE,FALSE,FALSE,50.7,"MID_CAP"
"APOLLO",287.25,-21.24,FALSE,FALSE,FALSE,FALSE,TRUE,FALSE,FALSE,FALSE,50.7,"MID_CAP"
"ZENTEC",1762.4,-25.11,FALSE,FALSE,TRUE,TRUE,FALSE,FALSE,FALSE,FALSE,50.7,"SMALL_CAP"
"ELECON",504.1,-24.15,FALSE,FALSE,FALSE,FALSE,TRUE,FALSE,FALSE,FALSE,50.7,"SMALL_CAP"
"LICHSGFIN",559.05,-7.51,FALSE,FALSE,FALSE,FALSE,TRUE,TRUE,FALSE,FALSE,50.7,"SMALL_CAP"
"LUXIND",1588.25,-58.59,FALSE,FALSE,FALSE,FALSE,TRUE,FALSE,FALSE,FALSE,50.7,"MICRO_CAP"
"TANLA",500.15,-10.35,FALSE,FALSE,FALSE,FALSE,TRUE,FALSE,FALSE,FALSE,50.7,"MICRO_CAP"
"PRIVISCL",3163.3,-14.36,FALSE,FALSE,FALSE,FALSE,FALSE,FALSE,FALSE,FALSE,50.7,"MICRO_CAP"
"WHIRLPOOL",932.2,-13.4,FALSE,FALSE,FALSE,FALSE,TRUE,FALSE,FALSE,FALSE,50.7,"MICRO_CAP"
"GABRIEL",1031.85,-11.37,FALSE,FALSE,FALSE,FALSE,TRUE,FALSE,FALSE,FALSE,50.7,"MICRO_CAP"
"ABSLAMC",1019.95,-22.2,FALSE,FALSE,TRUE,FALSE,FALSE,FALSE,FALSE,FALSE,50.7,"MICRO_CAP"
"AGIIL",359.7,-22.67,FALSE,FALSE,FALSE,FALSE,FALSE,FALSE,FALSE,FALSE,50.7,"MICRO_CAP"
"ADFFOODS",233.53,-23.4,FALSE,FALSE,FALSE,FALSE,TRUE,FALSE,FALSE,FALSE,50.7,"MICRO_CAP"
"FUSION",185.14,-7.85,FALSE,FALSE,FALSE,FALSE,TRUE,FALSE,FALSE,FALSE,50.7,"MICRO_CAP"
"SUMICHEM",444.25,-4.89,FALSE,FALSE,FALSE,FALSE,TRUE,FALSE,FALSE,FALSE,50.7,"MICRO_CAP"
"IGIL",362.35,-16.21,FALSE,FALSE,FALSE,FALSE,FALSE,FALSE,FALSE,FALSE,50.7,"MICRO_CAP"
"JINDRILL",541.25,-4.82,FALSE,FALSE,FALSE,FALSE,FALSE,FALSE,FALSE,FALSE,50.7,"MICRO_CAP"
"CARRARO",563.65,-13.99,FALSE,FALSE,FALSE,FALSE,TRUE,FALSE,FALSE,FALSE,50.7,"MICRO_CAP"
"PRAKASH",141.52,-15.98,FALSE,FALSE,FALSE,FALSE,TRUE,FALSE,FALSE,FALSE,50.7,"MICRO_CAP"
"SURYODAY",148.79,-6.26,FALSE,FALSE,FALSE,FALSE,FALSE,FALSE,FALSE,FALSE,50.7,"MICRO_CAP"
"TATASTEEL",213.03,-11.32,FALSE,FALSE,FALSE,FALSE,FALSE,FALSE,FALSE,FALSE,50,"MID_CAP"
"JSWENERGY",560.55,-12.63,FALSE,FALSE,FALSE,FALSE,FALSE,FALSE,FALSE,FALSE,50,"MID_CAP"
"BANKINDIA",152.92,2.11,FALSE,FALSE,FALSE,FALSE,TRUE,FALSE,FALSE,FALSE,50,"MID_CAP"
"GALLANTT",870.55,-43.81,FALSE,FALSE,TRUE,FALSE,FALSE,FALSE,FALSE,FALSE,50,"SMALL_CAP"
"ENRIN",3188.2,-30.37,FALSE,FALSE,FALSE,FALSE,FALSE,FALSE,FALSE,FALSE,50,"SMALL_CAP"
"RBLBANK",317.65,-4.94,FALSE,FALSE,FALSE,FALSE,TRUE,FALSE,FALSE,FALSE,50,"SMALL_CAP"
"INDOTECH",2245.8,-54.58,FALSE,FALSE,FALSE,TRUE,TRUE,FALSE,FALSE,FALSE,50,"MICRO_CAP"
"CLEAN",765.55,8.28,FALSE,FALSE,FALSE,FALSE,TRUE,FALSE,FALSE,FALSE,50,"MICRO_CAP"
"BLS",292.02,-1.72,FALSE,FALSE,FALSE,FALSE,TRUE,FALSE,FALSE,FALSE,50,"MICRO_CAP"
"DCBBANK",195.32,-6.55,FALSE,FALSE,FALSE,FALSE,TRUE,FALSE,FALSE,FALSE,50,"MICRO_CAP"
"IMFA",1519.9,-28.49,FALSE,FALSE,TRUE,FALSE,FALSE,FALSE,FALSE,FALSE,50,"MICRO_CAP"
"GANECOS",1065,-39.45,FALSE,FALSE,FALSE,FALSE,FALSE,FALSE,FALSE,FALSE,50,"MICRO_CAP"
"BANCOINDIA",624.25,-6.68,FALSE,FALSE,FALSE,FALSE,TRUE,FALSE,FALSE,FALSE,50,"MICRO_CAP"
"KRISHANA",638.5,-26.05,FALSE,FALSE,FALSE,FALSE,TRUE,FALSE,FALSE,FALSE,50,"MICRO_CAP"
"VIJAYA",1040.8,-4.02,FALSE,FALSE,FALSE,FALSE,TRUE,FALSE,FALSE,FALSE,50,"MICRO_CAP"
"SAMBHV",120.67,-31.86,FALSE,FALSE,FALSE,FALSE,FALSE,FALSE,FALSE,FALSE,50,"MICRO_CAP"
"SUNTV",652.45,-14.48,FALSE,FALSE,TRUE,FALSE,FALSE,FALSE,FALSE,FALSE,50,"MICRO_CAP"
"MAYURUNIQ",585.9,-15.79,FALSE,FALSE,TRUE,FALSE,FALSE,FALSE,FALSE,FALSE,50,"MICRO_CAP"
"SPORTKING",141.18,-56.27,FALSE,FALSE,TRUE,FALSE,FALSE,FALSE,FALSE,FALSE,50,"MICRO_CAP"
"ADANIENT",2260.8,-8.2,FALSE,FALSE,FALSE,FALSE,TRUE,FALSE,FALSE,FALSE,49.3,"LARGE_CAP"
"POWERINDIA",30335,-59.63,FALSE,FALSE,TRUE,FALSE,FALSE,FALSE,FALSE,FALSE,49.3,"MID_CAP"
"POLICYBZR",1625.8,1.66,FALSE,FALSE,FALSE,FALSE,TRUE,FALSE,FALSE,FALSE,49.3,"MID_CAP"
"TITAN",4454.6,-6.71,FALSE,FALSE,TRUE,FALSE,FALSE,FALSE,FALSE,FALSE,49.3,"MID_CAP"
"PFC",470.3,-22.97,FALSE,FALSE,TRUE,FALSE,FALSE,FALSE,FALSE,FALSE,49.3,"MID_CAP"
"ONGC",283.65,-12.42,FALSE,TRUE,TRUE,FALSE,FALSE,FALSE,FALSE,FALSE,49.3,"SMALL_CAP"
"KEI",4909.7,-17.97,FALSE,FALSE,FALSE,FALSE,FALSE,FALSE,FALSE,FALSE,49.3,"SMALL_CAP"
"NLCINDIA",301.15,-15.45,FALSE,FALSE,TRUE,FALSE,FALSE,FALSE,FALSE,FALSE,49.3,"SMALL_CAP"
"KIRLOSENG",1640.1,-35.51,FALSE,FALSE,TRUE,FALSE,FALSE,FALSE,FALSE,FALSE,49.3,"MICRO_CAP"
"PFOCUS",332.5,-37.73,FALSE,FALSE,TRUE,FALSE,FALSE,FALSE,FALSE,FALSE,49.3,"MICRO_CAP"
"63MOONS",711.1,-9.49,FALSE,FALSE,FALSE,FALSE,TRUE,FALSE,FALSE,FALSE,49.3,"MICRO_CAP"
"YATHARTH",740.85,-19.74,FALSE,FALSE,FALSE,FALSE,FALSE,FALSE,FALSE,FALSE,49.3,"MICRO_CAP"
"ABDL",553.1,-19.53,FALSE,FALSE,FALSE,FALSE,TRUE,FALSE,FALSE,FALSE,49.3,"MICRO_CAP"
"MBAPL",507.55,-18.55,FALSE,FALSE,TRUE,FALSE,FALSE,FALSE,FALSE,FALSE,49.3,"MICRO_CAP"
"JAGSNPHARM",200.14,-15.84,FALSE,FALSE,FALSE,FALSE,FALSE,TRUE,FALSE,FALSE,49.3,"MICRO_CAP"
"HAVELLS",1348.7,-1.81,FALSE,FALSE,FALSE,FALSE,TRUE,TRUE,FALSE,FALSE,48.7,"LARGE_CAP"
"POLYCAB",8038,-11.11,FALSE,FALSE,FALSE,FALSE,TRUE,FALSE,FALSE,FALSE,48.7,"MID_CAP"
"BAJAJ-AUTO",9602,-3.36,FALSE,FALSE,FALSE,FALSE,TRUE,TRUE,FALSE,FALSE,48.7,"MID_CAP"
"GODREJPROP",1832.2,-8.33,FALSE,FALSE,FALSE,FALSE,TRUE,FALSE,FALSE,FALSE,48.7,"SMALL_CAP"
"STLTECH",290.99,-156.25,FALSE,FALSE,TRUE,FALSE,FALSE,FALSE,FALSE,FALSE,48.7,"SMALL_CAP"
"WAAREERTL",1093.35,-18.92,FALSE,FALSE,FALSE,TRUE,TRUE,FALSE,FALSE,FALSE,48.7,"SMALL_CAP"
"PARADEEP",136.27,-3.39,FALSE,FALSE,FALSE,FALSE,FALSE,FALSE,FALSE,FALSE,48.7,"SMALL_CAP"
"MARICO",772.5,-2.39,FALSE,FALSE,FALSE,FALSE,FALSE,TRUE,FALSE,FALSE,48.7,"SMALL_CAP"
"TDPOWERSYS",1062.7,-49.1,FALSE,FALSE,TRUE,FALSE,FALSE,FALSE,FALSE,FALSE,48.7,"SMALL_CAP"
"WOCKPHARMA",1450.3,-5.5,FALSE,FALSE,FALSE,FALSE,TRUE,FALSE,FALSE,FALSE,48.7,"SMALL_CAP"
"KSB",996.1,-33.19,FALSE,FALSE,TRUE,FALSE,FALSE,FALSE,FALSE,FALSE,48.7,"MICRO_CAP"
"BORORENEW",516.75,-1.43,FALSE,FALSE,FALSE,FALSE,TRUE,FALSE,FALSE,FALSE,48.7,"MICRO_CAP"
"TECHNOE",1250,-27.5,FALSE,FALSE,FALSE,FALSE,FALSE,FALSE,FALSE,FALSE,48.7,"MICRO_CAP"
"JAICORPLTD",118.12,-6.8,FALSE,FALSE,FALSE,FALSE,TRUE,FALSE,FALSE,FALSE,48.7,"MICRO_CAP"
"PANACEABIO",363.8,-0.64,FALSE,FALSE,FALSE,FALSE,TRUE,TRUE,FALSE,FALSE,48.7,"MICRO_CAP"
"BLUEJET",416.85,4.33,FALSE,FALSE,FALSE,FALSE,TRUE,FALSE,FALSE,FALSE,48.7,"MICRO_CAP"
"ORIENTELEC",186.38,-12.33,FALSE,FALSE,FALSE,FALSE,TRUE,FALSE,FALSE,FALSE,48.7,"MICRO_CAP"
"ASKAUTOLTD",442.8,-2,FALSE,FALSE,FALSE,FALSE,FALSE,TRUE,FALSE,FALSE,48.7,"MICRO_CAP"
"BBOX",531.95,-6.15,FALSE,FALSE,FALSE,FALSE,TRUE,FALSE,FALSE,FALSE,48.7,"MICRO_CAP"
"MASFIN",323.05,-5.52,FALSE,FALSE,FALSE,FALSE,TRUE,FALSE,FALSE,FALSE,48.7,"MICRO_CAP"
"SATIN",170.4,-10.23,FALSE,FALSE,TRUE,FALSE,TRUE,FALSE,FALSE,FALSE,48.7,"MICRO_CAP"
"LOTUSEYE",118.97,-5.35,FALSE,FALSE,FALSE,FALSE,FALSE,FALSE,FALSE,FALSE,48.7,"MICRO_CAP"
"ADANIGREEN",1198.95,-26.58,FALSE,FALSE,FALSE,FALSE,FALSE,FALSE,FALSE,FALSE,48,"LARGE_CAP"
"CDSL",1321.2,0.69,FALSE,FALSE,FALSE,FALSE,TRUE,FALSE,FALSE,FALSE,48,"MID_CAP"
"PNCINFRA",222.23,-0.51,FALSE,FALSE,FALSE,FALSE,TRUE,FALSE,FALSE,FALSE,48,"MID_CAP"
"SOLARINDS",15272,-15.9,FALSE,FALSE,FALSE,FALSE,TRUE,FALSE,FALSE,FALSE,48,"SMALL_CAP"
"FACT",932.2,-12.9,FALSE,FALSE,FALSE,FALSE,FALSE,FALSE,FALSE,FALSE,48,"SMALL_CAP"
"THERMAX",4053.1,-27.98,FALSE,FALSE,TRUE,FALSE,FALSE,FALSE,FALSE,FALSE,48,"MICRO_CAP"
"CAMS",755.6,-5.73,FALSE,FALSE,FALSE,FALSE,TRUE,FALSE,FALSE,FALSE,48,"MICRO_CAP"
"DIACABS",159.81,-18.16,FALSE,FALSE,FALSE,FALSE,TRUE,FALSE,FALSE,FALSE,48,"MICRO_CAP"
"INDRAMEDCO",400.45,-4.35,FALSE,FALSE,FALSE,FALSE,FALSE,TRUE,FALSE,FALSE,48,"MICRO_CAP"
"NAVA",697.75,-22.78,FALSE,FALSE,FALSE,FALSE,FALSE,FALSE,FALSE,FALSE,48,"MICRO_CAP"
"SUPRIYA",656,7.05,FALSE,FALSE,FALSE,FALSE,TRUE,FALSE,FALSE,FALSE,48,"MICRO_CAP"
"EPL",228.22,-8.2,FALSE,FALSE,TRUE,FALSE,FALSE,FALSE,FALSE,FALSE,48,"MICRO_CAP"
"JSWCEMENT",127.72,-7.79,FALSE,FALSE,FALSE,FALSE,FALSE,FALSE,FALSE,FALSE,48,"MICRO_CAP"
"CARYSIL",919.8,-18.08,FALSE,FALSE,FALSE,FALSE,TRUE,FALSE,FALSE,FALSE,48,"MICRO_CAP"
"SBILIQETF",1035.71,-0.86,FALSE,FALSE,TRUE,FALSE,FALSE,TRUE,FALSE,FALSE,48,"MICRO_CAP"
"NORTHARC",248.03,5.47,FALSE,FALSE,FALSE,FALSE,TRUE,FALSE,FALSE,FALSE,48,"MICRO_CAP"
"TMB",667.4,-15.94,FALSE,FALSE,FALSE,FALSE,FALSE,FALSE,FALSE,FALSE,48,"MICRO_CAP"
"MARKSANS",179.56,-4.66,FALSE,FALSE,FALSE,FALSE,TRUE,FALSE,FALSE,FALSE,48,"MICRO_CAP"
"JNKINDIA",343.1,-49.86,FALSE,FALSE,FALSE,FALSE,FALSE,FALSE,FALSE,FALSE,48,"MICRO_CAP"
"BERGEPAINT",478.25,5.31,FALSE,FALSE,FALSE,FALSE,FALSE,FALSE,FALSE,FALSE,48,"MICRO_CAP"
"MAHEPC",121.89,-2.3,FALSE,FALSE,FALSE,FALSE,TRUE,FALSE,FALSE,FALSE,48,"MICRO_CAP"
"MCX",2783.2,-14.56,FALSE,FALSE,FALSE,FALSE,FALSE,FALSE,FALSE,FALSE,47.3,"LARGE_CAP"
"WAAREEENER",3427.8,-30.41,FALSE,FALSE,FALSE,FALSE,FALSE,FALSE,FALSE,FALSE,47.3,"MID_CAP"
"CANBK",145.23,2.68,FALSE,FALSE,FALSE,FALSE,TRUE,FALSE,FALSE,FALSE,47.3,"MID_CAP"
"PREMIERENE",990.8,-28.67,FALSE,FALSE,FALSE,FALSE,FALSE,FALSE,FALSE,FALSE,47.3,"SMALL_CAP"
"LIQUID1",1100.89,-0.87,FALSE,FALSE,TRUE,FALSE,FALSE,TRUE,FALSE,FALSE,47.3,"SMALL_CAP"
"MANKIND",2235,-4.72,FALSE,FALSE,FALSE,FALSE,TRUE,FALSE,FALSE,FALSE,47.3,"SMALL_CAP"
"LIQUIDPLUS",1082.02,-0.86,FALSE,FALSE,TRUE,FALSE,FALSE,FALSE,FALSE,FALSE,47.3,"MICRO_CAP"
"STARHEALTH",508.8,-12.21,FALSE,FALSE,FALSE,FALSE,FALSE,FALSE,FALSE,FALSE,47.3,"MICRO_CAP"
"INNOVACAP",710.4,-6.88,FALSE,FALSE,FALSE,FALSE,FALSE,TRUE,FALSE,FALSE,47.3,"MICRO_CAP"
"ZYDUSWELL",503.25,-13.35,FALSE,FALSE,FALSE,FALSE,FALSE,FALSE,FALSE,FALSE,47.3,"MICRO_CAP"
"KSL",813.65,-15.04,FALSE,FALSE,FALSE,FALSE,TRUE,FALSE,FALSE,FALSE,47.3,"MICRO_CAP"
"INDSWFTLAB",142.38,-24.77,FALSE,FALSE,TRUE,FALSE,FALSE,TRUE,FALSE,FALSE,47.3,"MICRO_CAP"
"GIPCL",158.05,-11.21,FALSE,FALSE,FALSE,FALSE,TRUE,FALSE,FALSE,FALSE,47.3,"MICRO_CAP"
"GNA",457.2,-26.83,FALSE,FALSE,FALSE,FALSE,FALSE,FALSE,FALSE,FALSE,47.3,"MICRO_CAP"
"AWHCL",525.1,-3.69,FALSE,FALSE,FALSE,FALSE,TRUE,FALSE,FALSE,FALSE,47.3,"MICRO_CAP"
"EMIL",108.99,-18.14,FALSE,FALSE,FALSE,FALSE,TRUE,FALSE,FALSE,FALSE,47.3,"MICRO_CAP"
"TATAPOWER",436.05,-18.1,FALSE,FALSE,TRUE,FALSE,FALSE,FALSE,FALSE,FALSE,46.7,"MID_CAP"
"POWERGRID",319.75,-18.23,FALSE,FALSE,TRUE,FALSE,FALSE,FALSE,FALSE,FALSE,46.7,"MID_CAP"
"MRPL",187.22,-16.8,FALSE,FALSE,FALSE,FALSE,FALSE,FALSE,FALSE,FALSE,46.7,"SMALL_CAP"
"HEG",661.6,-15.16,FALSE,FALSE,TRUE,FALSE,TRUE,FALSE,TRUE,FALSE,46.7,"SMALL_CAP"
"NTPCGREEN",113.56,-19.76,FALSE,FALSE,FALSE,FALSE,FALSE,FALSE,FALSE,FALSE,46.7,"SMALL_CAP"
"OBEROIRLTY",1733.6,-11.21,FALSE,FALSE,FALSE,FALSE,TRUE,FALSE,FALSE,FALSE,46.7,"SMALL_CAP"
"KRN",1202.1,-68.31,FALSE,FALSE,TRUE,FALSE,FALSE,FALSE,FALSE,FALSE,46.7,"SMALL_CAP"
"EMAMILTD",473.2,2.03,FALSE,FALSE,FALSE,FALSE,TRUE,FALSE,FALSE,FALSE,46.7,"MICRO_CAP"
"GUJALKALI",712.25,-40.41,FALSE,FALSE,FALSE,FALSE,FALSE,FALSE,FALSE,FALSE,46.7,"MICRO_CAP"
"SJS",1715.5,-6.8,FALSE,FALSE,FALSE,FALSE,TRUE,FALSE,FALSE,FALSE,46.7,"MICRO_CAP"
"PRECWIRE",395.65,-58.8,FALSE,FALSE,TRUE,FALSE,FALSE,FALSE,FALSE,FALSE,46.7,"MICRO_CAP"
"BRIGADE",792.6,-2.08,FALSE,FALSE,FALSE,FALSE,TRUE,FALSE,FALSE,FALSE,46.7,"MICRO_CAP"
"SGFIN",533.25,-34.47,FALSE,FALSE,TRUE,FALSE,FALSE,FALSE,FALSE,FALSE,46.7,"MICRO_CAP"
"PNGJL",673.65,-15.27,FALSE,FALSE,FALSE,FALSE,FALSE,FALSE,FALSE,FALSE,46.7,"MICRO_CAP"
"MON100",289.77,-20.37,FALSE,FALSE,TRUE,FALSE,FALSE,FALSE,FALSE,FALSE,46.7,"MICRO_CAP"
"RPSGVENT",905.1,-26.71,FALSE,FALSE,FALSE,FALSE,TRUE,FALSE,FALSE,FALSE,46.7,"MICRO_CAP"
"KIMS",681.7,-8.62,FALSE,FALSE,FALSE,FALSE,FALSE,FALSE,FALSE,FALSE,46.7,"MICRO_CAP"
"VISHNU",599.5,-12.66,FALSE,FALSE,TRUE,FALSE,FALSE,FALSE,FALSE,FALSE,46.7,"MICRO_CAP"
"MAANALU",144.28,-8.37,FALSE,FALSE,FALSE,FALSE,FALSE,FALSE,FALSE,FALSE,46.7,"MICRO_CAP"
"GMDCLTD",691.35,-21.08,FALSE,FALSE,TRUE,FALSE,FALSE,FALSE,FALSE,FALSE,46,"SMALL_CAP"
"INDIANB",925.35,-6.41,FALSE,FALSE,FALSE,FALSE,FALSE,FALSE,FALSE,FALSE,46,"SMALL_CAP"
"ONESOURCE",1611,1.48,FALSE,FALSE,FALSE,FALSE,FALSE,FALSE,FALSE,FALSE,46,"SMALL_CAP"
"TATACOMM",1525,4.18,FALSE,FALSE,FALSE,FALSE,TRUE,FALSE,FALSE,FALSE,46,"SMALL_CAP"
"OLECTRA",1223.1,-14.59,FALSE,FALSE,FALSE,FALSE,FALSE,FALSE,FALSE,FALSE,46,"MICRO_CAP"
"BECTORFOOD",204.5,2.25,FALSE,FALSE,FALSE,FALSE,TRUE,TRUE,FALSE,FALSE,46,"MICRO_CAP"
"COHANCE",362.9,3.91,FALSE,FALSE,FALSE,FALSE,FALSE,FALSE,FALSE,FALSE,46,"MICRO_CAP"
"LTFOODS",423.5,-18.48,FALSE,FALSE,FALSE,FALSE,FALSE,FALSE,FALSE,FALSE,46,"MICRO_CAP"
"SPMLINFRA",216.09,-18.75,FALSE,FALSE,FALSE,FALSE,TRUE,FALSE,FALSE,FALSE,46,"MICRO_CAP"
"KPEL",353.6,-12.01,FALSE,FALSE,FALSE,FALSE,FALSE,FALSE,TRUE,FALSE,46,"MICRO_CAP"
"HPL",365.6,-11.01,FALSE,FALSE,FALSE,FALSE,TRUE,FALSE,FALSE,FALSE,46,"MICRO_CAP"
"USHAMART",444.95,-5.37,FALSE,FALSE,FALSE,FALSE,TRUE,FALSE,FALSE,FALSE,46,"MICRO_CAP"
"QUADFUTURE",324.1,-2.94,FALSE,FALSE,FALSE,FALSE,FALSE,FALSE,FALSE,FALSE,46,"MICRO_CAP"
"LAXMIINDIA",117.71,-15.23,FALSE,FALSE,FALSE,FALSE,TRUE,FALSE,FALSE,FALSE,46,"MICRO_CAP"
"MTARTECH",5279.6,-85.05,FALSE,FALSE,TRUE,FALSE,FALSE,FALSE,FALSE,FALSE,45.3,"MID_CAP"
"GAIL",166.12,-1.54,FALSE,FALSE,FALSE,FALSE,TRUE,FALSE,FALSE,FALSE,45.3,"MID_CAP"
"LUPIN",2307.9,-5.7,FALSE,TRUE,FALSE,FALSE,FALSE,TRUE,FALSE,FALSE,45.3,"MID_CAP"
"ABCAPITAL",350.7,-0.94,FALSE,FALSE,FALSE,FALSE,TRUE,FALSE,FALSE,FALSE,45.3,"SMALL_CAP"
"SYRMA",997.75,-40.74,FALSE,FALSE,FALSE,FALSE,FALSE,FALSE,FALSE,FALSE,45.3,"SMALL_CAP"
"COLPAL",2118.3,0.16,FALSE,FALSE,FALSE,FALSE,TRUE,FALSE,FALSE,FALSE,45.3,"SMALL_CAP"
"GESHIP",1449.1,-23.57,FALSE,TRUE,TRUE,FALSE,FALSE,FALSE,FALSE,FALSE,45.3,"MICRO_CAP"
"MEDANTA",1111.85,-4.44,FALSE,FALSE,FALSE,FALSE,TRUE,TRUE,FALSE,FALSE,45.3,"MICRO_CAP"
"KIRLOSBROS",1740,-12.53,FALSE,FALSE,FALSE,FALSE,TRUE,FALSE,FALSE,FALSE,45.3,"MICRO_CAP"
"PRICOLLTD",612.35,-4.97,FALSE,FALSE,FALSE,FALSE,TRUE,FALSE,FALSE,FALSE,45.3,"MICRO_CAP"
"RPTECH",475.3,-25.49,FALSE,FALSE,TRUE,FALSE,FALSE,FALSE,FALSE,FALSE,45.3,"MICRO_CAP"
"STARCEMENT",229.92,-5.89,FALSE,FALSE,FALSE,FALSE,TRUE,FALSE,FALSE,FALSE,45.3,"MICRO_CAP"
"HINDZINC",604.75,9.7,FALSE,FALSE,FALSE,FALSE,FALSE,FALSE,FALSE,FALSE,44.7,"MID_CAP"
"BRITANNIA",5729.5,0.92,FALSE,FALSE,FALSE,FALSE,TRUE,TRUE,FALSE,FALSE,44.7,"MID_CAP"
"KALYANKJIL",414.25,-3.26,FALSE,FALSE,FALSE,FALSE,FALSE,FALSE,FALSE,FALSE,44.7,"SMALL_CAP"
"RADICO",3243,-10.57,FALSE,FALSE,FALSE,FALSE,FALSE,FALSE,FALSE,FALSE,44.7,"SMALL_CAP"
"GRAPHITE",741.05,-14.11,FALSE,FALSE,FALSE,FALSE,FALSE,FALSE,FALSE,FALSE,44.7,"SMALL_CAP"
"LALPATHLAB",1459.1,-3.17,FALSE,FALSE,FALSE,FALSE,TRUE,TRUE,FALSE,FALSE,44.7,"MICRO_CAP"
"VMART",645.85,-9.11,FALSE,FALSE,FALSE,FALSE,TRUE,FALSE,FALSE,FALSE,44.7,"MICRO_CAP"
"SOUTHWEST",234.62,-63.03,FALSE,FALSE,TRUE,FALSE,FALSE,FALSE,FALSE,FALSE,44.7,"MICRO_CAP"
"NACLIND",167.82,6.59,FALSE,FALSE,TRUE,FALSE,FALSE,FALSE,FALSE,FALSE,44.7,"MICRO_CAP"
"ASHOKLEY",178.97,0.91,FALSE,FALSE,FALSE,FALSE,FALSE,FALSE,FALSE,FALSE,44,"MID_CAP"
"FEDERALBNK",296.45,-5.38,FALSE,FALSE,FALSE,FALSE,FALSE,TRUE,FALSE,FALSE,44,"SMALL_CAP"
"CUB",270.15,2.5,FALSE,FALSE,FALSE,FALSE,TRUE,TRUE,FALSE,FALSE,44,"SMALL_CAP"
"QPOWER",1272.7,-67.79,FALSE,FALSE,FALSE,FALSE,FALSE,FALSE,FALSE,FALSE,44,"SMALL_CAP"
"TIMETECHNO",192.54,-9.35,FALSE,FALSE,FALSE,FALSE,TRUE,FALSE,FALSE,FALSE,44,"MICRO_CAP"
"JAINREC",413.2,-4.92,FALSE,FALSE,FALSE,FALSE,FALSE,FALSE,FALSE,FALSE,44,"MICRO_CAP"
"LIQUIDADD",1123.06,-0.86,FALSE,FALSE,TRUE,FALSE,FALSE,FALSE,FALSE,FALSE,44,"MICRO_CAP"
"EIEL",212.19,-19.3,FALSE,FALSE,FALSE,FALSE,TRUE,FALSE,TRUE,FALSE,44,"MICRO_CAP"
"SKIPPER",471.85,-28.03,FALSE,FALSE,FALSE,TRUE,TRUE,FALSE,FALSE,FALSE,44,"MICRO_CAP"
"ITDC",618.35,-13.63,FALSE,FALSE,FALSE,FALSE,TRUE,FALSE,FALSE,FALSE,44,"MICRO_CAP"
"GENUSPOWER",297.09,-2.54,FALSE,FALSE,FALSE,FALSE,TRUE,FALSE,FALSE,FALSE,44,"MICRO_CAP"
"ACI",591.05,-7.75,FALSE,FALSE,FALSE,FALSE,FALSE,FALSE,FALSE,FALSE,44,"MICRO_CAP"
"SHAREINDIA",150.67,-5.33,FALSE,FALSE,FALSE,FALSE,TRUE,FALSE,FALSE,FALSE,44,"MICRO_CAP"
"DYCL",348.39,-17.65,FALSE,FALSE,FALSE,FALSE,TRUE,FALSE,FALSE,FALSE,44,"MICRO_CAP"
"DENTA",304,-9.28,FALSE,FALSE,FALSE,FALSE,TRUE,FALSE,FALSE,FALSE,44,"MICRO_CAP"
"BAJFINANCE",934.75,0.12,FALSE,FALSE,FALSE,FALSE,TRUE,FALSE,FALSE,FALSE,43.3,"MID_CAP"
"SCI",297.89,-34.28,FALSE,FALSE,FALSE,FALSE,FALSE,FALSE,FALSE,FALSE,43.3,"SMALL_CAP"
"SUDARSCHEM",910.85,-1.51,FALSE,FALSE,FALSE,FALSE,TRUE,FALSE,FALSE,FALSE,43.3,"MICRO_CAP"
"ABREL",1413.9,-3.62,FALSE,FALSE,FALSE,FALSE,TRUE,FALSE,FALSE,FALSE,43.3,"MICRO_CAP"
"JUNIORBEES",768.27,-4.99,FALSE,FALSE,FALSE,FALSE,TRUE,FALSE,FALSE,FALSE,43.3,"MICRO_CAP"
"RAYMOND",455.2,-13.04,FALSE,FALSE,FALSE,FALSE,TRUE,FALSE,FALSE,FALSE,43.3,"MICRO_CAP"
"OPTIEMUS",427.55,-3.98,FALSE,FALSE,FALSE,FALSE,TRUE,FALSE,FALSE,FALSE,43.3,"MICRO_CAP"
"NAVKARCORP",107.03,-7.67,FALSE,FALSE,FALSE,FALSE,TRUE,FALSE,FALSE,FALSE,43.3,"MICRO_CAP"
"RAMRAT",387.65,-27.45,FALSE,FALSE,FALSE,FALSE,FALSE,FALSE,FALSE,FALSE,43.3,"MICRO_CAP"
"PRSMJOHNSN",133.23,-3.03,FALSE,FALSE,FALSE,FALSE,FALSE,TRUE,FALSE,FALSE,43.3,"MICRO_CAP"
"SHRIRAMFIN",1044.55,-4.33,FALSE,FALSE,FALSE,FALSE,FALSE,FALSE,FALSE,FALSE,42.7,"MID_CAP"
"ADANIPORTS",1588.6,-11.11,FALSE,FALSE,FALSE,FALSE,TRUE,FALSE,FALSE,FALSE,42.7,"MID_CAP"
"RRKABEL",1463.3,-2.56,FALSE,FALSE,FALSE,FALSE,TRUE,FALSE,FALSE,FALSE,42.7,"MICRO_CAP"
"JBMA",628.95,-10.11,FALSE,FALSE,FALSE,FALSE,FALSE,FALSE,FALSE,FALSE,42.7,"MICRO_CAP"
"OSWALPUMPS",421.2,-2.17,FALSE,FALSE,FALSE,FALSE,TRUE,FALSE,FALSE,FALSE,42.7,"MICRO_CAP"
"NELCO",703.85,-10.29,FALSE,FALSE,FALSE,FALSE,TRUE,FALSE,FALSE,FALSE,42.7,"MICRO_CAP"
"NIACL",162.8,-10.28,FALSE,FALSE,FALSE,FALSE,TRUE,FALSE,FALSE,FALSE,42.7,"MICRO_CAP"
"ABLBL",109.12,3.04,FALSE,FALSE,FALSE,FALSE,TRUE,FALSE,FALSE,FALSE,42.7,"MICRO_CAP"
"REPCOHOME",423.65,-7.58,FALSE,FALSE,FALSE,FALSE,TRUE,FALSE,FALSE,FALSE,42.7,"MICRO_CAP"
"EGOLD",151.2,4.44,FALSE,FALSE,FALSE,FALSE,FALSE,FALSE,FALSE,FALSE,42.7,"MICRO_CAP"
"ICICIB22",125.76,-6.57,FALSE,FALSE,FALSE,FALSE,TRUE,FALSE,FALSE,FALSE,42.7,"MICRO_CAP"
"SUVEN",212.62,-41.88,FALSE,FALSE,FALSE,FALSE,TRUE,FALSE,FALSE,FALSE,42.7,"MICRO_CAP"
"SAATVIKGL",465.25,-23.57,FALSE,FALSE,FALSE,FALSE,FALSE,FALSE,FALSE,FALSE,42.7,"MICRO_CAP"
"MEIL",313.58,1.64,FALSE,FALSE,FALSE,FALSE,TRUE,FALSE,FALSE,FALSE,42.7,"MICRO_CAP"
"MAFANG",173.94,-3.59,FALSE,FALSE,FALSE,FALSE,TRUE,FALSE,FALSE,FALSE,42.7,"MICRO_CAP"
"COFORGE",1235.8,18.94,FALSE,FALSE,FALSE,FALSE,FALSE,FALSE,FALSE,FALSE,42,"LARGE_CAP"
"HAL",4400.6,-2.42,FALSE,FALSE,FALSE,FALSE,TRUE,FALSE,FALSE,FALSE,42,"MID_CAP"
"GRASIM",2776.6,-1.09,FALSE,FALSE,FALSE,FALSE,TRUE,TRUE,FALSE,FALSE,42,"MID_CAP"
"UNITDSPR",1392.8,-4.02,FALSE,FALSE,FALSE,FALSE,TRUE,TRUE,FALSE,FALSE,42,"MID_CAP"
"DIVISLAB",6285.5,-3.34,FALSE,FALSE,FALSE,FALSE,TRUE,FALSE,FALSE,FALSE,42,"SMALL_CAP"
"VIKRAMSOLR",223.8,-10.1,FALSE,FALSE,FALSE,FALSE,FALSE,FALSE,FALSE,FALSE,42,"MICRO_CAP"
"RKFORGE",556.95,-9.3,FALSE,FALSE,FALSE,FALSE,TRUE,FALSE,FALSE,FALSE,42,"MICRO_CAP"
"PHOENIXLTD",1809.4,-2.62,FALSE,FALSE,FALSE,FALSE,TRUE,FALSE,FALSE,FALSE,42,"MICRO_CAP"
"PTC",186.52,-16.09,FALSE,FALSE,FALSE,FALSE,FALSE,FALSE,FALSE,FALSE,42,"MICRO_CAP"
"EIDPARRY",872.5,2.87,FALSE,FALSE,FALSE,FALSE,TRUE,FALSE,FALSE,FALSE,42,"MICRO_CAP"
"GOLDIAM",403.85,-27.76,FALSE,FALSE,FALSE,FALSE,TRUE,FALSE,FALSE,FALSE,42,"MICRO_CAP"
"SENCO",329.9,-4.1,FALSE,FALSE,FALSE,FALSE,TRUE,FALSE,FALSE,FALSE,42,"MICRO_CAP"
"MGL",1147.25,-2.7,FALSE,FALSE,FALSE,FALSE,TRUE,FALSE,FALSE,FALSE,42,"MICRO_CAP"
"VSTIND",263.87,-9.45,FALSE,FALSE,FALSE,FALSE,TRUE,FALSE,FALSE,FALSE,42,"MICRO_CAP"
"REFEX",260.75,-8.55,FALSE,FALSE,FALSE,FALSE,TRUE,FALSE,FALSE,FALSE,42,"MICRO_CAP"
"SURAJEST",247.38,-8.8,FALSE,FALSE,FALSE,FALSE,TRUE,FALSE,FALSE,FALSE,42,"MICRO_CAP"
"GREENPLY",242.46,-5.05,FALSE,FALSE,FALSE,FALSE,TRUE,FALSE,FALSE,FALSE,42,"MICRO_CAP"
"EKC",115.84,-10.64,FALSE,FALSE,FALSE,FALSE,TRUE,FALSE,FALSE,FALSE,42,"MICRO_CAP"
"TORNTPHARM",4084.6,-1.88,FALSE,FALSE,FALSE,FALSE,FALSE,FALSE,FALSE,FALSE,41.3,"SMALL_CAP"
"SWSOLAR",218.65,-11.4,FALSE,FALSE,FALSE,FALSE,TRUE,FALSE,FALSE,FALSE,41.3,"SMALL_CAP"
"VOLTAS",1481.6,-10.79,FALSE,FALSE,FALSE,FALSE,TRUE,FALSE,FALSE,FALSE,41.3,"SMALL_CAP"
"VMM",124.56,-1.27,FALSE,FALSE,FALSE,FALSE,TRUE,FALSE,FALSE,FALSE,41.3,"SMALL_CAP"
"JSL",784.5,-3.36,FALSE,FALSE,FALSE,FALSE,FALSE,FALSE,FALSE,FALSE,41.3,"MICRO_CAP"
"IIFLCAPS",324.25,5.04,FALSE,FALSE,FALSE,FALSE,TRUE,FALSE,FALSE,FALSE,41.3,"MICRO_CAP"
"PCBL",290.12,-6.6,FALSE,FALSE,FALSE,FALSE,TRUE,FALSE,FALSE,FALSE,41.3,"MICRO_CAP"
"NH",1811.3,0.11,FALSE,FALSE,FALSE,FALSE,TRUE,FALSE,FALSE,FALSE,41.3,"MICRO_CAP"
"HDFCSML250",168,-5.7,FALSE,FALSE,FALSE,FALSE,TRUE,FALSE,FALSE,FALSE,41.3,"MICRO_CAP"
"PSUBNKBEES",100.3,-1.86,FALSE,FALSE,FALSE,FALSE,TRUE,FALSE,FALSE,FALSE,41.3,"MICRO_CAP"
"RHIM",414.15,0.63,FALSE,FALSE,FALSE,FALSE,TRUE,FALSE,FALSE,FALSE,41.3,"MICRO_CAP"
"BOMDYEING",115.97,-0.04,FALSE,FALSE,FALSE,FALSE,TRUE,FALSE,FALSE,FALSE,41.3,"MICRO_CAP"
"AJAXENGG",525.3,-0.65,FALSE,FALSE,FALSE,FALSE,TRUE,FALSE,FALSE,FALSE,41.3,"MICRO_CAP"
"THELEELA",432.55,-4.1,FALSE,FALSE,FALSE,FALSE,TRUE,TRUE,FALSE,FALSE,41.3,"MICRO_CAP"
"THYROCARE",395.6,10.14,FALSE,FALSE,FALSE,FALSE,TRUE,FALSE,FALSE,FALSE,41.3,"MICRO_CAP"
"PICCADIL",607.9,-1.54,FALSE,FALSE,FALSE,FALSE,TRUE,FALSE,FALSE,FALSE,41.3,"MICRO_CAP"
"SSWL",216.28,-11.33,FALSE,FALSE,FALSE,FALSE,TRUE,FALSE,FALSE,FALSE,41.3,"MICRO_CAP"
"AMANTA",135.68,-22,FALSE,FALSE,FALSE,FALSE,TRUE,FALSE,FALSE,FALSE,41.3,"MICRO_CAP"
"HUHTAMAKI",189.97,-1.87,FALSE,FALSE,FALSE,FALSE,TRUE,FALSE,FALSE,FALSE,41.3,"MICRO_CAP"
"SBIN",1103.3,-5.29,FALSE,FALSE,FALSE,FALSE,FALSE,FALSE,FALSE,FALSE,40.7,"LARGE_CAP"
"FIVESTAR",501,2.28,FALSE,FALSE,FALSE,FALSE,TRUE,FALSE,FALSE,FALSE,40.7,"SMALL_CAP"
"TRITURBINE",570.9,-15.81,FALSE,FALSE,FALSE,FALSE,TRUE,FALSE,FALSE,FALSE,40.7,"SMALL_CAP"
"MUTHOOTMF",189.52,-3.78,FALSE,FALSE,FALSE,FALSE,TRUE,FALSE,FALSE,FALSE,40.7,"MICRO_CAP"
"MIDHANI",385.9,-10.07,FALSE,FALSE,FALSE,FALSE,TRUE,FALSE,FALSE,FALSE,40.7,"MICRO_CAP"
"DALBHARAT",1992.8,7.83,FALSE,FALSE,FALSE,FALSE,TRUE,TRUE,FALSE,FALSE,40.7,"MICRO_CAP"
"GKENERGY",129.81,-2.08,FALSE,FALSE,FALSE,FALSE,TRUE,FALSE,FALSE,FALSE,40.7,"MICRO_CAP"
"ARVINDFASN",471.8,-6.14,FALSE,FALSE,FALSE,FALSE,TRUE,FALSE,FALSE,FALSE,40.7,"MICRO_CAP"
"SFL",564.5,-5.76,FALSE,FALSE,FALSE,FALSE,TRUE,FALSE,FALSE,FALSE,40.7,"MICRO_CAP"
"VESUVIUS",502.6,-7.7,FALSE,FALSE,FALSE,FALSE,TRUE,FALSE,FALSE,FALSE,40.7,"MICRO_CAP"
"PRECAM",157.05,-11.63,FALSE,FALSE,FALSE,FALSE,TRUE,FALSE,FALSE,FALSE,40.7,"MICRO_CAP"
"GODREJCP",1139.55,4.95,FALSE,FALSE,FALSE,FALSE,TRUE,TRUE,FALSE,FALSE,40,"SMALL_CAP"
"LTF",294.04,-3.29,FALSE,FALSE,FALSE,FALSE,TRUE,FALSE,FALSE,FALSE,40,"SMALL_CAP"
"MOTILALOFS",811.2,-3.37,FALSE,FALSE,FALSE,FALSE,TRUE,FALSE,FALSE,FALSE,40,"SMALL_CAP"
"INOXGREEN",178.26,-8.92,FALSE,FALSE,FALSE,FALSE,TRUE,FALSE,FALSE,FALSE,40,"MICRO_CAP"
"TI",476.55,-14.54,FALSE,FALSE,FALSE,FALSE,FALSE,TRUE,FALSE,FALSE,40,"MICRO_CAP"
"ZYDUSLIFE",929.9,-4.47,FALSE,FALSE,FALSE,FALSE,TRUE,FALSE,FALSE,FALSE,40,"MICRO_CAP"
"IGARASHI",360.55,2.31,FALSE,FALSE,FALSE,FALSE,TRUE,FALSE,FALSE,FALSE,40,"MICRO_CAP"
"JSWINFRA",277.8,-2.92,FALSE,FALSE,FALSE,FALSE,TRUE,FALSE,FALSE,FALSE,40,"MICRO_CAP"
"MID150BEES",229.34,-3.78,FALSE,FALSE,FALSE,FALSE,TRUE,TRUE,FALSE,FALSE,40,"MICRO_CAP"
"GNFC",488.5,-7.21,FALSE,FALSE,FALSE,FALSE,TRUE,FALSE,FALSE,FALSE,40,"MICRO_CAP"
"UNICHEMLAB",370,1.53,FALSE,FALSE,FALSE,FALSE,TRUE,FALSE,FALSE,FALSE,40,"MICRO_CAP"
"JASH",415.45,-8.31,FALSE,FALSE,FALSE,FALSE,TRUE,FALSE,FALSE,FALSE,40,"MICRO_CAP"
"KARURVYSYA",300.45,-13.08,FALSE,FALSE,FALSE,FALSE,FALSE,TRUE,FALSE,FALSE,39.3,"SMALL_CAP"
"NAVINFLUOR",6267,-5.85,FALSE,FALSE,FALSE,FALSE,FALSE,FALSE,FALSE,FALSE,39.3,"SMALL_CAP"
"NUVAMA",1371.7,-0.37,FALSE,FALSE,FALSE,FALSE,TRUE,FALSE,FALSE,FALSE,39.3,"MICRO_CAP"
"PPLPHARMA",153.81,0.61,FALSE,FALSE,FALSE,FALSE,TRUE,FALSE,FALSE,FALSE,39.3,"MICRO_CAP"
"UNIMECH",998.3,-10.35,FALSE,FALSE,FALSE,FALSE,TRUE,FALSE,FALSE,FALSE,39.3,"MICRO_CAP"
"AARTIPHARM",693.95,9.18,FALSE,FALSE,FALSE,FALSE,TRUE,FALSE,FALSE,FALSE,39.3,"MICRO_CAP"
"INDIQUBE",166.68,9.34,FALSE,FALSE,FALSE,FALSE,TRUE,FALSE,FALSE,FALSE,39.3,"MICRO_CAP"
"PRINCEPIPE",263.13,-6.91,FALSE,FALSE,FALSE,FALSE,TRUE,FALSE,FALSE,FALSE,39.3,"MICRO_CAP"
"TECHM",1462.6,9.69,FALSE,FALSE,FALSE,FALSE,FALSE,FALSE,FALSE,FALSE,38.7,"LARGE_CAP"
"SUNTECK",357.85,5.2,FALSE,FALSE,FALSE,FALSE,TRUE,FALSE,FALSE,FALSE,38.7,"LARGE_CAP"
"IRFC",105.82,5.9,FALSE,FALSE,FALSE,FALSE,TRUE,FALSE,FALSE,FALSE,38.7,"MID_CAP"
"BANKBARODA",282.77,3.97,FALSE,FALSE,FALSE,FALSE,TRUE,FALSE,FALSE,FALSE,38.7,"SMALL_CAP"
"LIQUIDCASE",113.72,-0.86,FALSE,FALSE,TRUE,FALSE,FALSE,TRUE,FALSE,FALSE,38.7,"SMALL_CAP"
"TEJASNET",407.95,-18.18,FALSE,FALSE,FALSE,FALSE,FALSE,FALSE,FALSE,FALSE,38.7,"MICRO_CAP"
"WELSPUNLIV",133.37,-10.02,FALSE,FALSE,FALSE,FALSE,TRUE,FALSE,FALSE,FALSE,38.7,"MICRO_CAP"
"JMFINANCIL",133.83,-3.84,FALSE,FALSE,FALSE,FALSE,TRUE,FALSE,FALSE,FALSE,38.7,"MICRO_CAP"
"LIQUIDBETF",1078.37,-0.84,FALSE,FALSE,TRUE,FALSE,FALSE,TRUE,FALSE,FALSE,38.7,"MICRO_CAP"
"SURYAROSNI",242.35,-0.35,FALSE,FALSE,FALSE,FALSE,TRUE,FALSE,FALSE,FALSE,38.7,"MICRO_CAP"
"CASHIETF",1058.8,-0.86,FALSE,FALSE,TRUE,FALSE,FALSE,TRUE,FALSE,FALSE,38.7,"MICRO_CAP"
"TEMBO",619.7,-10.42,FALSE,FALSE,FALSE,FALSE,TRUE,FALSE,FALSE,FALSE,38.7,"MICRO_CAP"
"ZUARI",244.16,6.43,FALSE,FALSE,FALSE,FALSE,TRUE,FALSE,FALSE,FALSE,38.7,"MICRO_CAP"
"SPARC",143.54,-8.35,FALSE,FALSE,FALSE,FALSE,TRUE,FALSE,FALSE,FALSE,38.7,"MICRO_CAP"
"EUROPRATIK",266.66,-6.67,FALSE,FALSE,FALSE,FALSE,TRUE,FALSE,FALSE,FALSE,38.7,"MICRO_CAP"
"AGARWALEYE",461.15,1.63,FALSE,FALSE,FALSE,FALSE,TRUE,TRUE,FALSE,FALSE,38.7,"MICRO_CAP"
"GROWWLIQID",108.74,-0.81,FALSE,FALSE,TRUE,FALSE,FALSE,TRUE,FALSE,FALSE,38.7,"MICRO_CAP"
"360ONE",1054.9,2.69,FALSE,FALSE,FALSE,FALSE,TRUE,FALSE,FALSE,FALSE,38,"LARGE_CAP"
"BIOCON",357.8,1.41,FALSE,FALSE,FALSE,FALSE,TRUE,TRUE,FALSE,FALSE,38,"SMALL_CAP"
"LIQUID",999.99,0,FALSE,FALSE,FALSE,FALSE,FALSE,TRUE,FALSE,FALSE,38,"MICRO_CAP"
"APLAPOLLO",2121.9,-9.45,FALSE,FALSE,FALSE,FALSE,FALSE,FALSE,FALSE,FALSE,38,"MICRO_CAP"
"GOLD1",126,4.03,FALSE,FALSE,FALSE,FALSE,FALSE,FALSE,FALSE,FALSE,38,"MICRO_CAP"
"SOBHA",1387.4,-1.92,FALSE,FALSE,FALSE,FALSE,TRUE,FALSE,FALSE,FALSE,38,"MICRO_CAP"
"MOIL",326.2,1.4,FALSE,FALSE,FALSE,FALSE,FALSE,FALSE,FALSE,FALSE,38,"MICRO_CAP"
"GRMOVER",163.68,-3.92,FALSE,FALSE,FALSE,FALSE,TRUE,TRUE,FALSE,FALSE,38,"MICRO_CAP"
"RAJRATAN",416.55,8.92,FALSE,FALSE,FALSE,FALSE,TRUE,FALSE,FALSE,FALSE,38,"MICRO_CAP"
"AURIONPRO",887.35,2.13,FALSE,FALSE,FALSE,FALSE,TRUE,FALSE,FALSE,FALSE,38,"MICRO_CAP"
"DBREALTY",108.7,-5.96,FALSE,FALSE,FALSE,FALSE,TRUE,FALSE,FALSE,FALSE,38,"MICRO_CAP"
"BATAINDIA",774.3,8.93,FALSE,FALSE,FALSE,FALSE,TRUE,FALSE,FALSE,FALSE,38,"MICRO_CAP"
"ITC",305.5,4.32,FALSE,FALSE,FALSE,FALSE,TRUE,FALSE,FALSE,FALSE,37.3,"LARGE_CAP"
"RVNL",307.41,2.23,FALSE,FALSE,FALSE,FALSE,TRUE,FALSE,FALSE,FALSE,37.3,"MID_CAP"
"IRCON",155.6,-1.33,FALSE,FALSE,FALSE,FALSE,TRUE,FALSE,FALSE,FALSE,37.3,"MICRO_CAP"
"AIIL",484.8,10.86,FALSE,FALSE,FALSE,FALSE,FALSE,FALSE,FALSE,FALSE,37.3,"MICRO_CAP"
"CREDITACC",1260.8,5.08,FALSE,FALSE,FALSE,FALSE,TRUE,TRUE,FALSE,FALSE,37.3,"MICRO_CAP"
"BHARTIHEXA",1550.1,4.23,FALSE,FALSE,FALSE,FALSE,TRUE,TRUE,FALSE,FALSE,37.3,"MICRO_CAP"
"RAYMONDREL",472.2,-6.4,FALSE,FALSE,FALSE,FALSE,TRUE,FALSE,FALSE,FALSE,37.3,"MICRO_CAP"
"LXCHEM",144.23,-1.45,FALSE,FALSE,FALSE,FALSE,TRUE,FALSE,FALSE,FALSE,37.3,"MICRO_CAP"
"HDFCAMC",2766.4,-8.55,FALSE,FALSE,FALSE,FALSE,TRUE,FALSE,FALSE,FALSE,36.7,"MID_CAP"
"MUTHOOTFIN",3586.9,5.97,FALSE,FALSE,FALSE,FALSE,TRUE,FALSE,FALSE,FALSE,36.7,"MID_CAP"
"SAMMAANCAP",146.75,-4.58,FALSE,FALSE,FALSE,FALSE,TRUE,TRUE,FALSE,FALSE,36.7,"MID_CAP"
"HUDCO",199.88,1.17,FALSE,FALSE,FALSE,FALSE,TRUE,FALSE,FALSE,FALSE,36.7,"MICRO_CAP"
"APTUS",260.89,-0.24,FALSE,FALSE,FALSE,FALSE,TRUE,FALSE,FALSE,FALSE,36.7,"MICRO_CAP"
"CYIENT",961.8,10.48,FALSE,FALSE,FALSE,FALSE,TRUE,FALSE,FALSE,FALSE,36.7,"MICRO_CAP"
"HUBTOWN",213.02,-4.22,FALSE,FALSE,FALSE,FALSE,TRUE,FALSE,FALSE,FALSE,36.7,"MICRO_CAP"
"RELTD",148.18,-2.62,FALSE,FALSE,FALSE,FALSE,TRUE,FALSE,FALSE,FALSE,36.7,"MICRO_CAP"
"EUREKAFORB",496.6,4.51,FALSE,FALSE,FALSE,FALSE,FALSE,FALSE,FALSE,FALSE,36.7,"MICRO_CAP"
"VGUARD",332.95,-5.65,FALSE,FALSE,FALSE,FALSE,FALSE,TRUE,FALSE,FALSE,36.7,"MICRO_CAP"
"EIHOTEL",338.55,-1.71,FALSE,FALSE,FALSE,FALSE,TRUE,FALSE,FALSE,FALSE,36.7,"MICRO_CAP"
"ABCOTS",401.35,0.76,FALSE,FALSE,FALSE,FALSE,FALSE,TRUE,FALSE,FALSE,36.7,"MICRO_CAP"
"STYL",255.19,-6.38,FALSE,FALSE,FALSE,FALSE,TRUE,TRUE,FALSE,FALSE,36.7,"MICRO_CAP"
"HINDWAREAP",230.11,-4.25,FALSE,FALSE,FALSE,FALSE,TRUE,FALSE,FALSE,FALSE,36.7,"MICRO_CAP"
"AARTIDRUGS",366.95,1.45,FALSE,FALSE,FALSE,FALSE,TRUE,TRUE,FALSE,FALSE,36.7,"MICRO_CAP"
"ANANTRAJ",518.4,0.43,FALSE,FALSE,FALSE,FALSE,TRUE,FALSE,FALSE,FALSE,36,"MICRO_CAP"
"JBCHEPHARM",1977.8,-3.61,FALSE,FALSE,FALSE,FALSE,FALSE,FALSE,FALSE,FALSE,36,"MICRO_CAP"
"JKLAKSHMI",659.95,10.36,FALSE,FALSE,FALSE,FALSE,TRUE,FALSE,FALSE,FALSE,36,"MICRO_CAP"
"CHOLAHLDNG",1583.1,2.81,FALSE,FALSE,FALSE,FALSE,TRUE,FALSE,FALSE,FALSE,36,"MICRO_CAP"
"MOSCHIP",205.75,-12.51,FALSE,FALSE,FALSE,FALSE,TRUE,FALSE,FALSE,FALSE,36,"MICRO_CAP"
"AEGISLOG",713.5,-6.01,FALSE,FALSE,FALSE,FALSE,TRUE,FALSE,FALSE,FALSE,36,"MICRO_CAP"
"SAREGAMA",344.15,-4.6,FALSE,FALSE,FALSE,FALSE,TRUE,TRUE,FALSE,FALSE,36,"MICRO_CAP"
"RECLTD",383.35,-5.65,FALSE,FALSE,FALSE,FALSE,TRUE,FALSE,FALSE,FALSE,35.3,"SMALL_CAP"
"ICICIGI",1829,0.22,FALSE,FALSE,FALSE,FALSE,TRUE,TRUE,FALSE,FALSE,35.3,"SMALL_CAP"
"POONAWALLA",424.1,2.57,FALSE,FALSE,FALSE,FALSE,TRUE,FALSE,FALSE,FALSE,35.3,"SMALL_CAP"
"CARTRADE",1784.6,21.69,FALSE,FALSE,FALSE,FALSE,TRUE,FALSE,FALSE,FALSE,35.3,"MICRO_CAP"
"ARSSBL",597.7,0.05,FALSE,FALSE,FALSE,FALSE,TRUE,FALSE,FALSE,FALSE,35.3,"MICRO_CAP"
"RCF",132.78,-3.01,FALSE,FALSE,FALSE,FALSE,TRUE,FALSE,FALSE,FALSE,35.3,"MICRO_CAP"
"RITES",223.6,-1.55,FALSE,FALSE,FALSE,FALSE,TRUE,FALSE,FALSE,FALSE,35.3,"MICRO_CAP"
"GARUDA",176.86,-2.44,FALSE,FALSE,FALSE,FALSE,TRUE,FALSE,FALSE,FALSE,35.3,"MICRO_CAP"
"KCP",176.45,-4.9,FALSE,FALSE,FALSE,FALSE,TRUE,FALSE,FALSE,FALSE,35.3,"MICRO_CAP"
"BAJAJHCARE",332.75,6.11,FALSE,FALSE,FALSE,FALSE,FALSE,FALSE,FALSE,FALSE,35.3,"MICRO_CAP"
"TIRUMALCHM",200.12,-0.5,FALSE,FALSE,FALSE,FALSE,FALSE,FALSE,FALSE,FALSE,35.3,"MICRO_CAP"
"LT",4021.1,-4.93,FALSE,FALSE,FALSE,FALSE,TRUE,FALSE,FALSE,FALSE,34.7,"LARGE_CAP"
"SBILIFE",1884.8,6.05,FALSE,FALSE,FALSE,FALSE,TRUE,TRUE,FALSE,FALSE,34.7,"LARGE_CAP"
"ULTRACEMCO",12193,0.23,FALSE,FALSE,FALSE,FALSE,TRUE,TRUE,FALSE,FALSE,34.7,"MID_CAP"
"JUBLFOOD",493.1,2.07,FALSE,FALSE,FALSE,FALSE,TRUE,TRUE,FALSE,FALSE,34.7,"MID_CAP"
"DABUR",460,7.94,FALSE,FALSE,FALSE,FALSE,TRUE,TRUE,FALSE,FALSE,34.7,"SMALL_CAP"
"RAILTEL",331.59,-0.94,FALSE,FALSE,FALSE,FALSE,TRUE,FALSE,FALSE,FALSE,34.7,"MICRO_CAP"
"LIQUIDIETF",999.99,0,FALSE,FALSE,FALSE,FALSE,FALSE,TRUE,FALSE,FALSE,34.7,"MICRO_CAP"
"TATACHEM",709.85,-1.69,FALSE,FALSE,FALSE,FALSE,TRUE,FALSE,FALSE,FALSE,34.7,"MICRO_CAP"
"JAMNAAUTO",126.29,-6.28,FALSE,FALSE,FALSE,FALSE,FALSE,FALSE,FALSE,FALSE,34.7,"MICRO_CAP"
"HERITGFOOD",366.8,7.76,FALSE,FALSE,FALSE,FALSE,TRUE,FALSE,FALSE,FALSE,34.7,"MICRO_CAP"
"SPANDANA",231.13,-0.81,FALSE,FALSE,FALSE,FALSE,TRUE,FALSE,FALSE,FALSE,34.7,"MICRO_CAP"
"HINDOILEXP",153.94,-6.59,FALSE,FALSE,FALSE,FALSE,TRUE,FALSE,FALSE,FALSE,34.7,"MICRO_CAP"
"INDIACEM",422.95,4.85,FALSE,FALSE,FALSE,FALSE,TRUE,FALSE,FALSE,FALSE,34.7,"MICRO_CAP"
"QGOLDHALF",125.3,4.42,FALSE,FALSE,FALSE,FALSE,FALSE,FALSE,FALSE,FALSE,34.7,"MICRO_CAP"
"ICICIBANK",1367.6,-1.01,FALSE,FALSE,FALSE,FALSE,TRUE,TRUE,FALSE,FALSE,34,"LARGE_CAP"
"PERSISTENT",5073.3,13.65,FALSE,FALSE,FALSE,FALSE,FALSE,FALSE,FALSE,FALSE,34,"LARGE_CAP"
"EICHERMOT",7230,-0.92,FALSE,FALSE,FALSE,FALSE,TRUE,FALSE,FALSE,FALSE,34,"MID_CAP"
"CHOLAFIN",1565.6,2.79,FALSE,FALSE,FALSE,FALSE,TRUE,FALSE,FALSE,FALSE,34,"MID_CAP"
"INOXWIND",104.56,0.09,FALSE,FALSE,FALSE,FALSE,TRUE,FALSE,FALSE,FALSE,34,"MID_CAP"
"TVSMOTOR",3660.7,-1.19,FALSE,FALSE,FALSE,FALSE,TRUE,TRUE,FALSE,FALSE,34,"SMALL_CAP"
"BAJAJFINSV",1842.9,4.35,FALSE,FALSE,FALSE,FALSE,TRUE,TRUE,FALSE,FALSE,34,"SMALL_CAP"
"PARAGMILK",229.62,7.77,FALSE,FALSE,FALSE,FALSE,TRUE,FALSE,FALSE,FALSE,34,"MICRO_CAP"
"NAZARA",271.56,1.47,FALSE,FALSE,FALSE,FALSE,TRUE,FALSE,FALSE,FALSE,34,"MICRO_CAP"
"GRAVITA",1626.6,-3.42,FALSE,FALSE,FALSE,FALSE,TRUE,FALSE,FALSE,FALSE,34,"MICRO_CAP"
"CHOICEIN",708.75,7.08,FALSE,FALSE,FALSE,FALSE,TRUE,FALSE,FALSE,FALSE,34,"MICRO_CAP"
"UTIAMC",1064.1,-2.1,FALSE,FALSE,FALSE,FALSE,TRUE,TRUE,FALSE,FALSE,34,"MICRO_CAP"
"MANINFRA",102.77,3.39,FALSE,FALSE,FALSE,FALSE,TRUE,FALSE,FALSE,FALSE,34,"MICRO_CAP"
"GSFC",175.25,-3.19,FALSE,FALSE,FALSE,FALSE,TRUE,FALSE,FALSE,FALSE,34,"MICRO_CAP"
"ORIENTCEM",148.21,7.2,FALSE,FALSE,FALSE,FALSE,TRUE,FALSE,FALSE,FALSE,34,"MICRO_CAP"
"SHANTIGOLD",202.6,-0.39,FALSE,FALSE,FALSE,FALSE,TRUE,FALSE,FALSE,FALSE,34,"MICRO_CAP"
"RALLIS",265.96,-9.42,FALSE,FALSE,FALSE,FALSE,TRUE,FALSE,FALSE,FALSE,34,"MICRO_CAP"
"UDS",159.65,-1.04,FALSE,FALSE,FALSE,FALSE,TRUE,FALSE,FALSE,FALSE,34,"MICRO_CAP"
"PARKHOTELS",126.05,-3.13,FALSE,FALSE,FALSE,FALSE,TRUE,FALSE,FALSE,FALSE,34,"MICRO_CAP"
"REDTAPE",123.55,-3.83,FALSE,FALSE,FALSE,FALSE,TRUE,FALSE,FALSE,FALSE,34,"MICRO_CAP"
"DIXON",11267,-5.2,FALSE,FALSE,FALSE,FALSE,TRUE,FALSE,FALSE,FALSE,33.3,"MID_CAP"
"CIPLA",1236.3,7.1,FALSE,FALSE,FALSE,FALSE,TRUE,FALSE,FALSE,FALSE,33.3,"SMALL_CAP"
"UNOMINDA",1151.3,-1.48,FALSE,FALSE,FALSE,FALSE,TRUE,FALSE,FALSE,FALSE,33.3,"SMALL_CAP"
"IEX",125.78,1.5,FALSE,FALSE,FALSE,FALSE,TRUE,FALSE,FALSE,FALSE,33.3,"MICRO_CAP"
"IGL",169.08,3.04,FALSE,FALSE,FALSE,FALSE,TRUE,FALSE,FALSE,FALSE,33.3,"MICRO_CAP"
"MAPMYINDIA",965.2,19.86,FALSE,FALSE,FALSE,FALSE,TRUE,FALSE,FALSE,FALSE,33.3,"MICRO_CAP"
"ASHOKA",137.63,1.86,FALSE,FALSE,FALSE,FALSE,TRUE,FALSE,FALSE,FALSE,33.3,"MICRO_CAP"
"JSLL",681.85,1.6,FALSE,FALSE,FALSE,FALSE,TRUE,FALSE,FALSE,FALSE,33.3,"MICRO_CAP"
"AWFIS",359.24,7.6,FALSE,FALSE,FALSE,FALSE,TRUE,FALSE,FALSE,FALSE,33.3,"MICRO_CAP"
"DAMCAPITAL",163.31,7.73,FALSE,FALSE,FALSE,FALSE,FALSE,FALSE,FALSE,FALSE,33.3,"MICRO_CAP"
"UNIECOM",103.04,3.48,FALSE,FALSE,FALSE,FALSE,TRUE,FALSE,FALSE,FALSE,33.3,"MICRO_CAP"
"PROSTARM",154.4,-2.46,FALSE,FALSE,FALSE,FALSE,TRUE,FALSE,FALSE,FALSE,33.3,"MICRO_CAP"
"ETERNAL",262.99,5.28,FALSE,FALSE,FALSE,FALSE,FALSE,FALSE,FALSE,FALSE,32.7,"LARGE_CAP"
"MPHASIS",2331,12.19,FALSE,FALSE,FALSE,FALSE,TRUE,FALSE,FALSE,FALSE,32.7,"MID_CAP"
"INDUSINDBK",870.1,2.98,FALSE,FALSE,FALSE,FALSE,TRUE,FALSE,FALSE,FALSE,32.7,"SMALL_CAP"
"SHRINGARMS",203.9,7.91,FALSE,FALSE,FALSE,FALSE,TRUE,FALSE,FALSE,FALSE,32.7,"MICRO_CAP"
"PIIND",3057.3,1.3,FALSE,FALSE,FALSE,FALSE,TRUE,FALSE,FALSE,FALSE,32.7,"MICRO_CAP"
"SILVERADD",237.98,16.64,FALSE,FALSE,FALSE,FALSE,FALSE,FALSE,FALSE,FALSE,32.7,"MICRO_CAP"
"EMSLIMITED",373.35,-7.4,FALSE,FALSE,FALSE,FALSE,TRUE,FALSE,FALSE,FALSE,32.7,"MICRO_CAP"
"LIQUIDETF",1000,0,FALSE,FALSE,FALSE,FALSE,FALSE,FALSE,FALSE,FALSE,32.7,"MICRO_CAP"
"ELLEN",255.68,-0.32,FALSE,FALSE,FALSE,FALSE,FALSE,FALSE,FALSE,FALSE,32.7,"MICRO_CAP"
"SULA",178.01,6.1,FALSE,FALSE,FALSE,FALSE,TRUE,FALSE,FALSE,FALSE,32.7,"MICRO_CAP"
"TATAELXSI",4362.5,13.43,FALSE,FALSE,FALSE,FALSE,TRUE,FALSE,FALSE,FALSE,32,"LARGE_CAP"
"CUPID",112.94,51.06,FALSE,FALSE,FALSE,FALSE,FALSE,FALSE,FALSE,FALSE,32,"MID_CAP"
"LICI",820.5,-0.99,FALSE,FALSE,FALSE,FALSE,TRUE,FALSE,FALSE,FALSE,32,"SMALL_CAP"
"PIDILITIND",1419,0.14,FALSE,FALSE,FALSE,FALSE,TRUE,TRUE,FALSE,FALSE,32,"SMALL_CAP"
"COROMANDEL",2034.5,7.32,FALSE,FALSE,FALSE,FALSE,TRUE,TRUE,FALSE,FALSE,32,"SMALL_CAP"
"CAMLINFINE",107.01,15.37,FALSE,FALSE,FALSE,FALSE,TRUE,TRUE,FALSE,FALSE,32,"MICRO_CAP"
"RICOAUTO",118.41,-1.67,FALSE,FALSE,FALSE,FALSE,FALSE,FALSE,FALSE,FALSE,32,"MICRO_CAP"
"ARKADE",114.58,-0.43,FALSE,FALSE,FALSE,FALSE,TRUE,FALSE,FALSE,FALSE,32,"MICRO_CAP"
"GOLDBEES",124.99,5.39,FALSE,FALSE,FALSE,FALSE,FALSE,FALSE,FALSE,FALSE,31.3,"MID_CAP"
"BPCL",314.4,7.78,FALSE,FALSE,FALSE,FALSE,TRUE,FALSE,FALSE,FALSE,31.3,"MID_CAP"
"PGEL",568.65,-4.88,FALSE,FALSE,FALSE,FALSE,TRUE,FALSE,FALSE,FALSE,31.3,"SMALL_CAP"
"PAYTM",1162.15,4.35,FALSE,FALSE,FALSE,FALSE,TRUE,FALSE,FALSE,FALSE,31.3,"SMALL_CAP"
"SUPREMEIND",3691.4,-7.46,FALSE,FALSE,FALSE,FALSE,FALSE,FALSE,FALSE,FALSE,31.3,"SMALL_CAP"
"GOLDIETF",129.59,4.08,FALSE,FALSE,FALSE,FALSE,FALSE,FALSE,FALSE,FALSE,31.3,"MICRO_CAP"
"HDFCGOLD",129.08,5.48,FALSE,FALSE,FALSE,FALSE,FALSE,FALSE,FALSE,FALSE,31.3,"MICRO_CAP"
"SETFGOLD",128.87,5.11,FALSE,FALSE,FALSE,FALSE,FALSE,FALSE,FALSE,FALSE,31.3,"MICRO_CAP"
"BSOFT",387.85,3.47,FALSE,FALSE,FALSE,FALSE,TRUE,FALSE,FALSE,FALSE,31.3,"MICRO_CAP"
"SHYAMMETL",812.55,-1.59,FALSE,FALSE,FALSE,FALSE,TRUE,TRUE,FALSE,FALSE,31.3,"MICRO_CAP"
"SHREEJISPG",367.05,-10.64,FALSE,FALSE,FALSE,FALSE,FALSE,FALSE,FALSE,FALSE,31.3,"MICRO_CAP"
"AXISGOLD",125.91,6.24,FALSE,FALSE,FALSE,FALSE,FALSE,FALSE,FALSE,FALSE,31.3,"MICRO_CAP"
"CONCORDBIO",1052.2,10.58,FALSE,FALSE,FALSE,FALSE,TRUE,FALSE,FALSE,FALSE,31.3,"MICRO_CAP"
"ALLTIME",235.62,0.64,FALSE,FALSE,FALSE,FALSE,TRUE,FALSE,FALSE,FALSE,31.3,"MICRO_CAP"
"GOLDETF",146.63,5.03,FALSE,FALSE,FALSE,FALSE,FALSE,FALSE,FALSE,FALSE,31.3,"MICRO_CAP"
"FINPIPE",178.09,-1.64,FALSE,FALSE,FALSE,FALSE,TRUE,FALSE,FALSE,FALSE,31.3,"MICRO_CAP"
"INDIANHUME",330.85,6.66,FALSE,FALSE,FALSE,FALSE,TRUE,TRUE,FALSE,FALSE,31.3,"MICRO_CAP"
"NIITMTS",324.8,11.37,FALSE,FALSE,FALSE,FALSE,TRUE,FALSE,FALSE,FALSE,31.3,"MICRO_CAP"
"HLEGLAS",331.4,14.12,FALSE,FALSE,FALSE,FALSE,TRUE,FALSE,FALSE,FALSE,31.3,"MICRO_CAP"
"BSLGOLDETF",132.63,7.33,FALSE,FALSE,FALSE,FALSE,FALSE,FALSE,FALSE,FALSE,31.3,"MICRO_CAP"
"PRABHA",162.58,-6.12,FALSE,FALSE,FALSE,FALSE,TRUE,TRUE,FALSE,FALSE,31.3,"MICRO_CAP"
"SBICARD",686.2,9.07,FALSE,FALSE,FALSE,FALSE,TRUE,FALSE,FALSE,FALSE,30.7,"SMALL_CAP"
"KFINTECH",990,0.76,FALSE,FALSE,FALSE,FALSE,TRUE,FALSE,FALSE,FALSE,30.7,"SMALL_CAP"
"INTELLECT",695.7,16.22,FALSE,FALSE,FALSE,FALSE,TRUE,FALSE,FALSE,FALSE,30.7,"MICRO_CAP"
"EPACK",247.87,0.75,FALSE,FALSE,FALSE,FALSE,TRUE,FALSE,FALSE,FALSE,30.7,"MICRO_CAP"
"MSTCLTD",452.2,1.09,FALSE,FALSE,FALSE,FALSE,TRUE,FALSE,FALSE,FALSE,30.7,"MICRO_CAP"
"HDFCNIFTY",272.97,2.26,FALSE,FALSE,FALSE,FALSE,TRUE,TRUE,FALSE,FALSE,30.7,"MICRO_CAP"
"LOTUSDEV",146.47,-4.3,FALSE,FALSE,FALSE,FALSE,TRUE,FALSE,FALSE,FALSE,30.7,"MICRO_CAP"
"STOVEKRAFT",528.75,-6.15,FALSE,FALSE,FALSE,FALSE,TRUE,FALSE,FALSE,FALSE,30.7,"MICRO_CAP"
"GODIGIT",321.7,-0.27,FALSE,FALSE,FALSE,FALSE,FALSE,FALSE,FALSE,FALSE,30.7,"MICRO_CAP"
"PNB",114.67,5.48,FALSE,FALSE,FALSE,FALSE,TRUE,FALSE,FALSE,FALSE,30,"MID_CAP"
"INDHOTEL",659.7,-0.68,FALSE,FALSE,FALSE,FALSE,TRUE,TRUE,FALSE,FALSE,30,"SMALL_CAP"
"DEVYANI",113.2,6.96,FALSE,FALSE,FALSE,FALSE,TRUE,FALSE,FALSE,FALSE,30,"MICRO_CAP"
"KNRCON",123.59,6.96,FALSE,FALSE,FALSE,FALSE,TRUE,TRUE,FALSE,FALSE,30,"MICRO_CAP"
"PACEDIGITK",174.2,-5.75,FALSE,FALSE,FALSE,FALSE,TRUE,FALSE,FALSE,FALSE,30,"MICRO_CAP"
"SIGNATURE",860.85,2.52,FALSE,FALSE,FALSE,FALSE,TRUE,FALSE,FALSE,FALSE,30,"MICRO_CAP"
"AFCONS",329.5,2.83,FALSE,FALSE,FALSE,FALSE,TRUE,FALSE,FALSE,FALSE,30,"MICRO_CAP"
"CELLO",424.4,11.11,FALSE,FALSE,FALSE,FALSE,TRUE,TRUE,FALSE,FALSE,30,"MICRO_CAP"
"QUICKHEAL",172.16,9.36,FALSE,FALSE,FALSE,FALSE,TRUE,FALSE,FALSE,FALSE,30,"MICRO_CAP"
"HIKAL",189.21,4.07,FALSE,FALSE,FALSE,FALSE,TRUE,FALSE,FALSE,FALSE,30,"MICRO_CAP"
"GICHSGFIN",155.82,3.23,FALSE,FALSE,FALSE,FALSE,TRUE,FALSE,FALSE,FALSE,30,"MICRO_CAP"
"SILVERBEES",236.03,17.52,FALSE,FALSE,FALSE,FALSE,FALSE,FALSE,FALSE,FALSE,29.3,"LARGE_CAP"
"MFSL",1627.4,-0.34,FALSE,FALSE,FALSE,FALSE,TRUE,FALSE,FALSE,FALSE,29.3,"SMALL_CAP"
"LEMONTREE",122.71,4.75,FALSE,FALSE,FALSE,FALSE,TRUE,FALSE,FALSE,FALSE,29.3,"SMALL_CAP"
"FIRSTCRY",253.08,5.53,FALSE,FALSE,FALSE,FALSE,TRUE,FALSE,FALSE,FALSE,29.3,"MICRO_CAP"
"TATATECH",575.3,7.75,FALSE,FALSE,FALSE,FALSE,TRUE,FALSE,FALSE,FALSE,29.3,"MICRO_CAP"
"BANKBEES",589,2.06,FALSE,FALSE,FALSE,FALSE,TRUE,TRUE,FALSE,FALSE,29.3,"MICRO_CAP"
"UBL",1500,-2.51,FALSE,FALSE,FALSE,FALSE,TRUE,TRUE,FALSE,FALSE,29.3,"MICRO_CAP"
"AGI",564.55,7.57,FALSE,FALSE,FALSE,FALSE,TRUE,FALSE,FALSE,FALSE,29.3,"MICRO_CAP"
"KPRMILL",925.8,-5.67,FALSE,FALSE,FALSE,FALSE,TRUE,FALSE,FALSE,FALSE,29.3,"MICRO_CAP"
"CHEMPLASTS",246.55,2.49,FALSE,FALSE,FALSE,FALSE,FALSE,FALSE,FALSE,FALSE,29.3,"MICRO_CAP"
"AUTOBEES",271.73,0.97,FALSE,FALSE,FALSE,FALSE,TRUE,TRUE,FALSE,FALSE,29.3,"MICRO_CAP"
"MEDIASSIST",363.15,10.21,FALSE,FALSE,FALSE,FALSE,TRUE,FALSE,FALSE,FALSE,29.3,"MICRO_CAP"
"KILITCH",154.16,37.59,FALSE,FALSE,FALSE,FALSE,TRUE,FALSE,FALSE,FALSE,29.3,"MICRO_CAP"
"BHARTIARTL",1829,6.11,FALSE,FALSE,FALSE,FALSE,FALSE,FALSE,FALSE,FALSE,28.7,"LARGE_CAP"
"SWIGGY",294.7,8.69,FALSE,FALSE,FALSE,FALSE,TRUE,TRUE,FALSE,FALSE,28.7,"MID_CAP"
"NIFTYBEES",275.64,2.38,FALSE,FALSE,FALSE,FALSE,TRUE,TRUE,FALSE,FALSE,28.7,"MID_CAP"
"MAXHEALTH",1005.35,-0.08,FALSE,FALSE,FALSE,FALSE,TRUE,FALSE,FALSE,FALSE,28.7,"SMALL_CAP"
"SHAILY",1938.9,0.09,FALSE,FALSE,FALSE,FALSE,TRUE,FALSE,FALSE,FALSE,28.7,"SMALL_CAP"
"ASHAPURMIN",636.7,11.82,FALSE,FALSE,FALSE,FALSE,TRUE,FALSE,FALSE,FALSE,28.7,"MICRO_CAP"
"MOBIKWIK",210.92,-2.6,FALSE,FALSE,FALSE,FALSE,TRUE,FALSE,FALSE,FALSE,28.7,"MICRO_CAP"
"NUVOCO",303.7,9.36,FALSE,FALSE,FALSE,FALSE,TRUE,TRUE,FALSE,FALSE,28.7,"MICRO_CAP"
"APOLLOTYRE",434,9.88,FALSE,FALSE,FALSE,FALSE,TRUE,FALSE,FALSE,FALSE,28.7,"MICRO_CAP"
"MASTEK",1762.9,13.83,FALSE,FALSE,FALSE,FALSE,TRUE,FALSE,FALSE,FALSE,28.7,"MICRO_CAP"
"SANDUMA",214,0.63,FALSE,FALSE,FALSE,FALSE,TRUE,FALSE,FALSE,FALSE,28.7,"MICRO_CAP"
"CANTABIL",245.58,7.8,FALSE,FALSE,FALSE,FALSE,TRUE,FALSE,FALSE,FALSE,28.7,"MICRO_CAP"
"JIOFIN",238.51,6.85,FALSE,FALSE,FALSE,FALSE,TRUE,TRUE,FALSE,FALSE,28,"LARGE_CAP"
"SUNPHARMA",1669.8,-2.57,FALSE,FALSE,FALSE,FALSE,FALSE,TRUE,FALSE,FALSE,28,"MID_CAP"
"OIL",469.75,-6.09,FALSE,FALSE,FALSE,FALSE,FALSE,FALSE,FALSE,FALSE,28,"MID_CAP"
"DRREDDY",1217,-3.77,FALSE,FALSE,FALSE,FALSE,TRUE,TRUE,FALSE,FALSE,28,"SMALL_CAP"
"JWL",286.57,5.98,FALSE,FALSE,FALSE,FALSE,TRUE,TRUE,FALSE,FALSE,28,"MICRO_CAP"
"TITAGARH",743.05,3.02,FALSE,FALSE,FALSE,FALSE,TRUE,FALSE,FALSE,FALSE,28,"MICRO_CAP"
"HEXT",456.45,25.74,FALSE,FALSE,FALSE,FALSE,FALSE,FALSE,FALSE,FALSE,28,"MICRO_CAP"
"SBISILVER",241.58,17.34,FALSE,FALSE,FALSE,FALSE,FALSE,FALSE,FALSE,FALSE,28,"MICRO_CAP"
"ERIS",1352.8,1.67,FALSE,FALSE,FALSE,FALSE,TRUE,TRUE,FALSE,FALSE,28,"MICRO_CAP"
"GREAVESCOT",161.34,1.29,FALSE,FALSE,FALSE,FALSE,TRUE,FALSE,FALSE,FALSE,28,"MICRO_CAP"
"ROUTE",518.75,10.68,FALSE,FALSE,FALSE,FALSE,TRUE,FALSE,FALSE,FALSE,28,"MICRO_CAP"
"KIRIINDUS",422.25,7.69,FALSE,FALSE,FALSE,FALSE,TRUE,FALSE,FALSE,FALSE,28,"MICRO_CAP"
"KANSAINER",204.04,8.01,FALSE,FALSE,FALSE,FALSE,TRUE,FALSE,FALSE,FALSE,28,"MICRO_CAP"
"PENIND",173.33,-5.66,FALSE,FALSE,FALSE,FALSE,TRUE,FALSE,FALSE,FALSE,28,"MICRO_CAP"
"VAIBHAVGBL",223.57,-6.89,FALSE,FALSE,FALSE,FALSE,TRUE,FALSE,FALSE,FALSE,28,"MICRO_CAP"
"DCAL",170.79,15.74,FALSE,FALSE,FALSE,FALSE,TRUE,FALSE,FALSE,FALSE,28,"MICRO_CAP"
"TCS",2538.5,13.64,FALSE,FALSE,FALSE,FALSE,TRUE,FALSE,FALSE,FALSE,27.3,"LARGE_CAP"
"INDIGO",4640.9,3.25,FALSE,FALSE,FALSE,FALSE,TRUE,FALSE,FALSE,FALSE,27.3,"MID_CAP"
"HINDCOPPER",556.95,0.05,FALSE,FALSE,FALSE,FALSE,FALSE,FALSE,FALSE,FALSE,27.3,"SMALL_CAP"
"KPITTECH",735.95,24.79,FALSE,FALSE,FALSE,FALSE,TRUE,FALSE,FALSE,FALSE,27.3,"SMALL_CAP"
"ZENSARTECH",579.85,12.38,FALSE,FALSE,FALSE,FALSE,TRUE,FALSE,FALSE,FALSE,27.3,"MICRO_CAP"
"VIPIND",314.35,6.9,FALSE,FALSE,FALSE,FALSE,FALSE,TRUE,FALSE,FALSE,27.3,"MICRO_CAP"
"EPACKPEB",191.77,11.37,FALSE,FALSE,FALSE,FALSE,TRUE,FALSE,FALSE,FALSE,27.3,"MICRO_CAP"
"KROSS",192.65,-1.75,FALSE,FALSE,FALSE,FALSE,TRUE,FALSE,FALSE,FALSE,27.3,"MICRO_CAP"
"INDOSTAR",203.53,4.54,FALSE,FALSE,FALSE,FALSE,TRUE,FALSE,FALSE,FALSE,27.3,"MICRO_CAP"
"LAXMIDENTL",193.92,9.31,FALSE,FALSE,FALSE,FALSE,TRUE,FALSE,FALSE,FALSE,27.3,"MICRO_CAP"
"JTEKTINDIA",130.04,2.08,FALSE,FALSE,FALSE,FALSE,TRUE,FALSE,FALSE,FALSE,27.3,"MICRO_CAP"
"IPL",154.98,-1.14,FALSE,FALSE,FALSE,FALSE,TRUE,FALSE,FALSE,FALSE,27.3,"MICRO_CAP"
"LIQUIDBEES",999.99,0,FALSE,FALSE,FALSE,FALSE,FALSE,TRUE,FALSE,FALSE,26.7,"MID_CAP"
"NAUKRI",1052.7,15.33,FALSE,FALSE,FALSE,FALSE,FALSE,FALSE,FALSE,FALSE,26.7,"MID_CAP"
"PVRINOX",990.3,-3.16,FALSE,FALSE,FALSE,FALSE,TRUE,FALSE,FALSE,FALSE,26.7,"MICRO_CAP"
"TCI",962.45,1.87,FALSE,FALSE,FALSE,FALSE,TRUE,TRUE,FALSE,FALSE,26.7,"MICRO_CAP"
"SAMHI",165.2,3.22,FALSE,FALSE,FALSE,FALSE,TRUE,FALSE,FALSE,FALSE,26.7,"MICRO_CAP"
"RATEGAIN",574,6.69,FALSE,FALSE,FALSE,FALSE,TRUE,FALSE,FALSE,FALSE,26.7,"MICRO_CAP"
"ROSSARI",512.6,0.41,FALSE,FALSE,FALSE,FALSE,TRUE,FALSE,FALSE,FALSE,26.7,"MICRO_CAP"
"HEMIPROP",130.6,-0.15,FALSE,FALSE,FALSE,FALSE,TRUE,FALSE,FALSE,FALSE,26.7,"MICRO_CAP"
"MBEL",337.25,-6.24,FALSE,FALSE,FALSE,FALSE,TRUE,FALSE,FALSE,FALSE,26.7,"MICRO_CAP"
"TBZ",151.54,8.59,FALSE,FALSE,FALSE,FALSE,TRUE,FALSE,FALSE,FALSE,26.7,"MICRO_CAP"
"DLF",610.65,0.83,FALSE,FALSE,FALSE,FALSE,TRUE,FALSE,FALSE,FALSE,26,"MID_CAP"
"IIFL",467.65,18.17,FALSE,FALSE,FALSE,FALSE,TRUE,FALSE,FALSE,FALSE,26,"MICRO_CAP"
"PRESTIGE",1405.5,1.7,FALSE,FALSE,FALSE,FALSE,TRUE,FALSE,FALSE,FALSE,26,"MICRO_CAP"
"KEC",588.95,7.01,FALSE,FALSE,FALSE,FALSE,TRUE,TRUE,FALSE,FALSE,26,"MICRO_CAP"
"SILVER",246.21,19.01,FALSE,FALSE,FALSE,FALSE,FALSE,FALSE,FALSE,FALSE,26,"MICRO_CAP"
"RAIN",132.69,2.16,FALSE,FALSE,FALSE,FALSE,FALSE,FALSE,FALSE,FALSE,26,"MICRO_CAP"
"MANYAVAR",449.95,5.47,FALSE,FALSE,FALSE,FALSE,TRUE,FALSE,FALSE,FALSE,26,"MICRO_CAP"
"MINDACORP",541.45,-2.42,FALSE,FALSE,FALSE,FALSE,FALSE,TRUE,FALSE,FALSE,26,"MICRO_CAP"
"MANAKCOAT",105.49,11.68,FALSE,FALSE,FALSE,FALSE,TRUE,FALSE,FALSE,FALSE,26,"MICRO_CAP"
"AXISILVER",244.95,17.26,FALSE,FALSE,FALSE,FALSE,FALSE,FALSE,FALSE,FALSE,26,"MICRO_CAP"
"HCLTECH",1285.3,17.22,FALSE,FALSE,FALSE,FALSE,FALSE,TRUE,FALSE,FALSE,25.3,"LARGE_CAP"
"M&M",3149.7,8.28,FALSE,FALSE,FALSE,FALSE,TRUE,TRUE,FALSE,FALSE,25.3,"LARGE_CAP"
"KOTAKBANK",376.85,7.74,FALSE,FALSE,FALSE,FALSE,TRUE,TRUE,FALSE,FALSE,25.3,"MID_CAP"
"PETRONET",279.55,-0.98,FALSE,FALSE,FALSE,FALSE,TRUE,FALSE,FALSE,FALSE,25.3,"MICRO_CAP"
"NIFTYIETF",274.41,2.35,FALSE,FALSE,FALSE,FALSE,TRUE,TRUE,FALSE,FALSE,25.3,"MICRO_CAP"
"POCL",1192.7,4.72,FALSE,FALSE,FALSE,FALSE,TRUE,FALSE,FALSE,FALSE,25.3,"MICRO_CAP"
"NIFTYETF",263.05,2.34,FALSE,FALSE,FALSE,FALSE,TRUE,TRUE,FALSE,FALSE,25.3,"MICRO_CAP"
"HDFCSILVER",236.14,17.68,FALSE,FALSE,FALSE,FALSE,FALSE,FALSE,FALSE,FALSE,24.7,"MICRO_CAP"
"SILVERIETF",246.26,17.15,FALSE,FALSE,FALSE,FALSE,FALSE,FALSE,FALSE,FALSE,24.7,"MICRO_CAP"
"ACC",1446.4,11.48,FALSE,FALSE,FALSE,FALSE,TRUE,TRUE,FALSE,FALSE,24.7,"MICRO_CAP"
"HDBFS",671.9,4.15,FALSE,FALSE,FALSE,FALSE,TRUE,FALSE,FALSE,FALSE,24.7,"MICRO_CAP"
"TEXRAIL",106.33,7.48,FALSE,FALSE,FALSE,FALSE,TRUE,FALSE,FALSE,FALSE,24.7,"MICRO_CAP"
"RSYSTEMS",288.45,15.22,FALSE,FALSE,FALSE,FALSE,TRUE,FALSE,FALSE,FALSE,24.7,"MICRO_CAP"
"SIRCA",445.7,3.63,FALSE,FALSE,FALSE,FALSE,TRUE,TRUE,FALSE,FALSE,24.7,"MICRO_CAP"
"SILVERAG",240.25,17.78,FALSE,FALSE,FALSE,FALSE,FALSE,FALSE,FALSE,FALSE,24.7,"MICRO_CAP"
"TAJGVK",335.65,7.38,FALSE,FALSE,FALSE,FALSE,TRUE,FALSE,FALSE,FALSE,24.7,"MICRO_CAP"
"SHK",147.26,-0.92,FALSE,FALSE,FALSE,FALSE,TRUE,FALSE,FALSE,FALSE,24.7,"MICRO_CAP"
"SETFNIF50",260.68,2.34,FALSE,FALSE,FALSE,FALSE,TRUE,TRUE,FALSE,FALSE,24,"MICRO_CAP"
"GPPL",158.08,4.83,FALSE,FALSE,FALSE,FALSE,TRUE,FALSE,FALSE,FALSE,24,"MICRO_CAP"
"GOCOLORS",293.82,16.5,FALSE,FALSE,FALSE,FALSE,FALSE,FALSE,FALSE,FALSE,24,"MICRO_CAP"
"INFY",1268.6,17.01,FALSE,FALSE,FALSE,FALSE,FALSE,FALSE,FALSE,FALSE,23.3,"LARGE_CAP"
"LODHA",884.8,7.1,FALSE,FALSE,FALSE,FALSE,TRUE,FALSE,FALSE,FALSE,23.3,"MID_CAP"
"SYNGENE",435.95,20.02,FALSE,FALSE,FALSE,FALSE,TRUE,FALSE,FALSE,FALSE,23.3,"MICRO_CAP"
"GOKEX",749.7,-24.02,FALSE,FALSE,FALSE,FALSE,TRUE,FALSE,FALSE,FALSE,23.3,"MICRO_CAP"
"DREDGECORP",963.5,1.24,FALSE,FALSE,FALSE,FALSE,TRUE,FALSE,FALSE,FALSE,23.3,"MICRO_CAP"
"HGINFRA",619.1,3.76,FALSE,FALSE,FALSE,FALSE,TRUE,FALSE,FALSE,FALSE,23.3,"MICRO_CAP"
"PURVA",218.13,3.49,FALSE,FALSE,FALSE,FALSE,TRUE,FALSE,FALSE,FALSE,23.3,"MICRO_CAP"
"VRLLOG",257.09,-1.31,FALSE,FALSE,FALSE,FALSE,TRUE,FALSE,FALSE,FALSE,23.3,"MICRO_CAP"
"SAKSOFT",146.75,9.78,FALSE,FALSE,FALSE,FALSE,TRUE,FALSE,FALSE,FALSE,23.3,"MICRO_CAP"
"ADSL",119.96,0.82,FALSE,FALSE,FALSE,FALSE,TRUE,FALSE,FALSE,FALSE,23.3,"MICRO_CAP"
"ANGELONE",328.59,63.46,FALSE,FALSE,FALSE,FALSE,FALSE,FALSE,FALSE,FALSE,22.7,"MID_CAP"
"UPL",653.85,3.99,FALSE,FALSE,FALSE,FALSE,TRUE,FALSE,FALSE,FALSE,22.7,"SMALL_CAP"
"AFFLE",1446.4,7.68,FALSE,FALSE,FALSE,FALSE,TRUE,TRUE,FALSE,FALSE,22.7,"MICRO_CAP"
"HAPPSTMNDS",377.2,5.71,FALSE,FALSE,FALSE,FALSE,FALSE,TRUE,FALSE,FALSE,22.7,"MICRO_CAP"
"JUSTDIAL",545.35,15.18,FALSE,FALSE,FALSE,FALSE,TRUE,TRUE,FALSE,FALSE,22.7,"MICRO_CAP"
"SUPRAJIT",428.7,0.4,FALSE,FALSE,FALSE,FALSE,TRUE,FALSE,FALSE,FALSE,22.7,"MICRO_CAP"
"WIPRO",204,10.82,FALSE,FALSE,FALSE,FALSE,TRUE,TRUE,FALSE,FALSE,22,"MID_CAP"
"IRCTC",558.55,6.55,FALSE,FALSE,FALSE,FALSE,TRUE,FALSE,FALSE,FALSE,22,"MICRO_CAP"
"IKS",1426.9,10.4,FALSE,FALSE,FALSE,FALSE,TRUE,FALSE,FALSE,FALSE,22,"MICRO_CAP"
"GSPL",281.61,3.87,FALSE,FALSE,FALSE,FALSE,TRUE,FALSE,FALSE,FALSE,22,"MICRO_CAP"
"ICIL",274.44,-12.42,FALSE,FALSE,FALSE,FALSE,TRUE,FALSE,FALSE,FALSE,22,"MICRO_CAP"
"LICMFGOLD",136.15,72.26,FALSE,FALSE,FALSE,FALSE,TRUE,TRUE,FALSE,FALSE,22,"MICRO_CAP"
"JUNIPER",212.87,5.85,FALSE,FALSE,FALSE,FALSE,TRUE,FALSE,FALSE,FALSE,22,"MICRO_CAP"
"RELIANCE",1362.1,2.21,FALSE,FALSE,FALSE,FALSE,TRUE,TRUE,FALSE,FALSE,21.3,"LARGE_CAP"
"AMBUJACEM",460.9,10.53,FALSE,FALSE,FALSE,FALSE,TRUE,TRUE,FALSE,FALSE,21.3,"MICRO_CAP"
"SHAKTIPUMP",564.25,9.29,FALSE,FALSE,FALSE,FALSE,TRUE,FALSE,FALSE,FALSE,21.3,"MICRO_CAP"
"RELIGARE",223.83,1.42,FALSE,FALSE,FALSE,FALSE,TRUE,FALSE,FALSE,FALSE,21.3,"MICRO_CAP"
"SONATSOFTW",268.09,9.78,FALSE,FALSE,FALSE,FALSE,TRUE,FALSE,FALSE,FALSE,21.3,"MICRO_CAP"
"TBOTEK",1277.2,8.92,FALSE,FALSE,FALSE,FALSE,TRUE,FALSE,FALSE,FALSE,21.3,"MICRO_CAP"
"TARC",140.35,6.5,FALSE,FALSE,FALSE,FALSE,TRUE,FALSE,FALSE,FALSE,21.3,"MICRO_CAP"
"INDIGOPNTS",890.9,13.92,FALSE,FALSE,FALSE,FALSE,TRUE,FALSE,FALSE,FALSE,21.3,"MICRO_CAP"
"THOMASCOOK",107.02,10.21,FALSE,FALSE,FALSE,FALSE,FALSE,FALSE,FALSE,FALSE,21.3,"MICRO_CAP"
"SOLARWORLD",200.24,13.45,FALSE,FALSE,FALSE,FALSE,TRUE,FALSE,FALSE,FALSE,21.3,"MICRO_CAP"
"AJMERA",125.45,12.66,FALSE,FALSE,FALSE,FALSE,TRUE,FALSE,FALSE,FALSE,21.3,"MICRO_CAP"
"GUJGASLTD",382.85,3,FALSE,FALSE,FALSE,FALSE,TRUE,FALSE,FALSE,FALSE,20.7,"MICRO_CAP"
"IXIGO",178.37,18.59,FALSE,FALSE,FALSE,FALSE,TRUE,FALSE,FALSE,FALSE,20.7,"MICRO_CAP"
"VINATIORGA",1312.7,9.96,FALSE,FALSE,FALSE,FALSE,TRUE,TRUE,FALSE,FALSE,20.7,"MICRO_CAP"
"AEGISVOPAK",195,1.8,FALSE,FALSE,FALSE,FALSE,TRUE,FALSE,FALSE,FALSE,20.7,"MICRO_CAP"
"SILVERTUC",135.94,66.07,FALSE,FALSE,FALSE,FALSE,FALSE,FALSE,FALSE,FALSE,20.7,"MICRO_CAP"
"VERANDA",154.87,17.45,FALSE,FALSE,FALSE,FALSE,TRUE,FALSE,FALSE,FALSE,20.7,"MICRO_CAP"
"FSL",224.34,20.2,FALSE,FALSE,FALSE,FALSE,TRUE,TRUE,FALSE,FALSE,20,"SMALL_CAP"
"PATANJALI",472.1,4.75,FALSE,FALSE,FALSE,FALSE,FALSE,FALSE,FALSE,FALSE,20,"SMALL_CAP"
"JKTYRE",426.85,12,FALSE,FALSE,FALSE,FALSE,TRUE,FALSE,FALSE,FALSE,20,"MICRO_CAP"
"STALLION",162.92,11.9,FALSE,FALSE,FALSE,FALSE,FALSE,FALSE,FALSE,FALSE,20,"MICRO_CAP"
"ZAGGLE",260.46,4.82,FALSE,FALSE,FALSE,FALSE,TRUE,FALSE,FALSE,FALSE,20,"MICRO_CAP"
"INFOBEAN",182.67,57.09,FALSE,FALSE,FALSE,FALSE,FALSE,FALSE,FALSE,FALSE,20,"MICRO_CAP"
"KALAMANDIR",103.52,6.37,FALSE,FALSE,FALSE,FALSE,TRUE,TRUE,FALSE,FALSE,20,"MICRO_CAP"
"ORIENTTECH",287.85,11.23,FALSE,FALSE,FALSE,FALSE,TRUE,FALSE,FALSE,FALSE,20,"MICRO_CAP"
"ELIN",120.18,12.64,FALSE,FALSE,FALSE,FALSE,TRUE,FALSE,FALSE,FALSE,20,"MICRO_CAP"
"HINDPETRO",382.55,7.9,FALSE,FALSE,FALSE,FALSE,TRUE,FALSE,FALSE,FALSE,19.3,"SMALL_CAP"
"SRF",2492.8,5.02,FALSE,FALSE,FALSE,FALSE,TRUE,TRUE,FALSE,FALSE,19.3,"SMALL_CAP"
"ITCHOTELS",163.54,9.26,FALSE,FALSE,FALSE,FALSE,TRUE,FALSE,FALSE,FALSE,19.3,"MICRO_CAP"
"NEWGEN",474.6,18.17,FALSE,FALSE,FALSE,FALSE,TRUE,FALSE,FALSE,FALSE,19.3,"MICRO_CAP"
"RATNAVEER",146.36,-3.43,FALSE,FALSE,FALSE,FALSE,TRUE,FALSE,FALSE,FALSE,19.3,"MICRO_CAP"
"KITEX",172.37,-16.26,FALSE,FALSE,FALSE,FALSE,FALSE,FALSE,FALSE,FALSE,19.3,"MICRO_CAP"
"MARUTI",13337,11.25,FALSE,FALSE,FALSE,FALSE,TRUE,TRUE,FALSE,FALSE,18.7,"LARGE_CAP"
"ECLERX",1499.5,46.89,FALSE,FALSE,FALSE,FALSE,TRUE,TRUE,FALSE,FALSE,18.7,"SMALL_CAP"
"V2RETAIL",205.52,64.84,FALSE,FALSE,FALSE,FALSE,TRUE,FALSE,FALSE,FALSE,18.7,"MICRO_CAP"
"LATENTVIEW",299.35,18.1,FALSE,FALSE,FALSE,FALSE,TRUE,FALSE,FALSE,FALSE,18.7,"MICRO_CAP"
"VINCOFE",135.57,3.17,FALSE,FALSE,FALSE,FALSE,FALSE,TRUE,FALSE,FALSE,18.7,"MICRO_CAP"
"YATRA",119.89,15.11,FALSE,FALSE,FALSE,FALSE,TRUE,FALSE,FALSE,FALSE,18.7,"MICRO_CAP"
"UGROCAP",110.48,18.17,FALSE,FALSE,FALSE,FALSE,TRUE,FALSE,FALSE,FALSE,18.7,"MICRO_CAP"
"RGL",104.09,2.94,FALSE,FALSE,FALSE,FALSE,TRUE,FALSE,FALSE,FALSE,18.7,"MICRO_CAP"
"INDUSTOWER",408.15,1.03,FALSE,FALSE,FALSE,FALSE,FALSE,FALSE,FALSE,FALSE,18,"MID_CAP"
"WEL",104.93,19.22,FALSE,FALSE,FALSE,FALSE,TRUE,FALSE,FALSE,FALSE,18,"MICRO_CAP"
"SWANCORP",346.9,9.6,FALSE,FALSE,FALSE,FALSE,TRUE,TRUE,FALSE,FALSE,18,"MICRO_CAP"
"HIRECT",931.7,18.47,FALSE,FALSE,FALSE,FALSE,TRUE,FALSE,FALSE,FALSE,18,"MICRO_CAP"
"SAPPHIRE",176.58,8.94,FALSE,FALSE,FALSE,FALSE,TRUE,FALSE,FALSE,FALSE,18,"MICRO_CAP"
"PROTEAN",551.05,10.82,FALSE,FALSE,FALSE,FALSE,TRUE,FALSE,FALSE,FALSE,18,"MICRO_CAP"
"GENESYS",265.72,10.14,FALSE,FALSE,FALSE,FALSE,TRUE,FALSE,FALSE,FALSE,18,"MICRO_CAP"
"ECOSMOBLTY",143.99,12.01,FALSE,FALSE,FALSE,FALSE,TRUE,FALSE,FALSE,FALSE,18,"MICRO_CAP"
"HDFCBANK",799.9,9.54,FALSE,FALSE,FALSE,FALSE,TRUE,TRUE,FALSE,FALSE,17.3,"LARGE_CAP"
"JARO",435.7,7.64,FALSE,FALSE,FALSE,FALSE,TRUE,FALSE,FALSE,FALSE,17.3,"MICRO_CAP"
"LAOPALA",180.04,4.49,FALSE,FALSE,FALSE,FALSE,TRUE,TRUE,FALSE,FALSE,17.3,"MICRO_CAP"
"IOC",147.36,5.26,FALSE,FALSE,FALSE,FALSE,TRUE,FALSE,FALSE,FALSE,16.7,"SMALL_CAP"
"ICICIPRULI",540.05,12.06,FALSE,FALSE,FALSE,FALSE,TRUE,TRUE,FALSE,FALSE,16.7,"SMALL_CAP"
"REDINGTON",225.8,10.79,FALSE,FALSE,FALSE,FALSE,TRUE,FALSE,FALSE,FALSE,16.7,"MICRO_CAP"
"SYMPHONY",802.65,4.11,FALSE,FALSE,FALSE,FALSE,TRUE,FALSE,FALSE,FALSE,16.7,"MICRO_CAP"
"EFCIL",198.87,16.29,FALSE,FALSE,FALSE,FALSE,TRUE,FALSE,FALSE,FALSE,16.7,"MICRO_CAP"
"RESPONIND",153.32,7.65,FALSE,FALSE,FALSE,FALSE,TRUE,FALSE,FALSE,FALSE,16.7,"MICRO_CAP"
"HEROMOTOCO",5189,4.6,FALSE,FALSE,FALSE,FALSE,TRUE,FALSE,FALSE,FALSE,16,"SMALL_CAP"
"HYUNDAI",1849.5,13.76,FALSE,FALSE,FALSE,FALSE,TRUE,TRUE,FALSE,FALSE,16,"SMALL_CAP"
"M&MFIN",300.25,10.3,FALSE,FALSE,FALSE,FALSE,TRUE,TRUE,FALSE,FALSE,16,"MICRO_CAP"
"RAMCOCEM",991.9,6.15,FALSE,FALSE,FALSE,FALSE,TRUE,FALSE,FALSE,FALSE,16,"MICRO_CAP"
"HARIOMPIPE",317.2,16.8,FALSE,FALSE,FALSE,FALSE,TRUE,FALSE,FALSE,FALSE,16,"MICRO_CAP"
"HDFCLIFE",604.05,12.11,FALSE,FALSE,FALSE,FALSE,TRUE,TRUE,FALSE,FALSE,15.3,"MID_CAP"
"JYOTICNC",766.55,5.34,FALSE,FALSE,FALSE,FALSE,TRUE,TRUE,FALSE,FALSE,15.3,"MICRO_CAP"
"FINOPB",139.11,25.18,FALSE,FALSE,FALSE,FALSE,TRUE,FALSE,FALSE,FALSE,14.7,"MICRO_CAP"
"STANLEY",144.21,11.54,FALSE,FALSE,FALSE,FALSE,TRUE,FALSE,FALSE,FALSE,14.7,"MICRO_CAP"
"MAHLIFE",319.9,5,FALSE,FALSE,FALSE,FALSE,TRUE,TRUE,FALSE,FALSE,14,"MICRO_CAP"
